0000000000000000
0000000000000000
0000000000000000
0000000000000000
0000000000000000
0000000000000000
0000000000000000
0000000000000000
0000000000000000
0000000000000000
0000000000000000
0000000000000000
0000000000000000
0000000000000000
0000000000000000
0000000000000000
0000000000000000
0000000000000000
0000000000000000
0000000000000000
0000000000000000
0000000000000000
0000000000000000
0000000000000000
0000000000000000
0000000000000000
0000000000000000
0000000000000000
0000000000000000
0000000000000000
0000000000000000
0000000000000000
0000000000000000
0000000000000000
0000000000000000
0000000000000000
0000000000000000
0000000000000000
0000000000000000
0000000000000000
0000000000000000
0000000000000000
0000000000000000
0000000000000000
0000000000000000
0000000000000000
0000000000000000
0000000000000000
0000000000000000
0000000000000000
0000000000000000
0000000000000000
0000000000000000
0000000000000000
0000000000000000
0000000000000000
0000000000000000
0000000000000000
0000000000000000
0000000000000000
0000000000000000
0000000000000000
0000000000000000
0111021101110000
0333032203330333
0111022203330333
0222022202210111
0333044404440333
0222022203330333
0000011001110222
0111000000000000
0000000000000000
0000000000000000
0000000000000000
0000000000000000
0000000000000000
0000000000000000
0000000000000000
0000000000000000
0111011101110000
0000000000000000
0000000000000000
0222011101110000
0211022102220222
0111011102220222
0111022202110111
0000000000000000
0000000000000000
0000000000000000
0000000000000000
0000000000000000
0000000000000000
0000000000000000
0000000000000000
0000000000000000
0000000000000000
0000000000000000
0000000000000000
0000000000000000
0000000000000000
0000000000000000
0000000000000000
0000000000000000
0000000000000000
0000000000000000
0000000000000000
0000000000000000
0000000000000000
0000000000000000
0000000000000000
0000000000000000
0000000000000000
0000000000000000
0000000000000000
0000000000000000
0000000000000000
0000000000000000
0000000000000000
0000000000000000
0000000000000000
0000000000000000
0000000000000000
0000000000000000
0000000000000000
0000000000000000
0000000000000000
0000000000000000
0000000000000000
0000000000000000
0000000000000000
0000000000000000
0000000000000000
0000000000000000
0000000000000000
0000000000000000
0000000000000000
0000000000000000
0000000000000000
0000000000000000
0000000000000000
0000000000000000
0000000000000000
0000000000000000
0000000000000000
0000000000000000
0000000000000000
0000000000000000
0000000000000000
0000000000000000
0000000000000000
0000000000000000
0000000000000000
0000000000000000
0000000000000000
0000000000000000
0000000000000000
0000000000000000
0000000000000000
0000000000000000
0000000000000000
0000000000000000
0000000000000000
0000000000000000
0000000000000000
0000000000000000
0000000000000000
0000000000000000
0000000000000000
0000000000000000
0000000000000000
0000000000000000
0000000000000000
0000000000000000
0000000000000000
0000000000000000
0000000000000000
0000000000000000
0000000000000000
0000000000000000
0000000000000000
0000000000000000
0000000000000000
0000000000000000
0000000000000000
0000000000000000
0000000000000000
0000000000000000
0000000000000000
0000000000000000
0000000000000000
0000000000000000
0000000000000000
0000000000000000
0000000000000000
0000000000000000
0000000000000000
0000000000000000
0000000000000000
0000000000000000
0000000000000000
0000000000000000
0000000000000000
0000000000000000
0000000000000000
0000000000000000
0000000000000000
0000000000000000
0000000000000000
0000000000000000
0000000000000000
0000000000000000
0000000000000000
0000000000000000
0000000000000000
0000000000000000
0000000000000000
0000000000000000
0000000000000000
0000000000000000
0000000000000000
0000000000000000
0000000000000000
0222000000000000
0333033303330222
0111022202220222
0444033302220111
0333044404440444
0111011102220333
0110010000000111
0000000000000000
0000000000000000
0888088808880222
0999099909990888
0AAA099908880888
0AAA0AAA0AAA0AAA
0999099909990999
0888088808880898
0555066605550777
0000000000000000
0000000000000000
0111000000000000
0000011100000000
0000000000000000
0000000000000000
0111011101110000
0222033202220222
0000000001110111
0000000000000000
0000000000000000
0000000000000000
0000000000000000
0000000000000000
0000000000000000
0000000000000000
0000000000000000
0000000000000000
0000000000000000
0000000000000000
0000000000000000
0000000000000000
0000000000000000
0000000000000000
0000000000000000
0000000000000000
0000000000000000
0000000000000000
0000000000000000
0000000000000000
0000000000000000
0000000000000000
0000000000000000
0000000000000000
0000000000000000
0000000000000000
0000000000000000
0000000000000000
0000000000000000
0000000000000000
0000000000000000
0000000000000000
0000000000000000
0000000000000000
0000000000000000
0000000000000000
0000000000000000
0000000000000000
0000000000000000
0000000000000000
0000000000000000
0000000000000000
0000000000000000
0000000000000000
0000000000000000
0000000000000000
0000000000000000
0000000000000000
0000000000000000
0000000000000000
0000000000000000
0000000000000000
0000000000000000
0000000000000000
0000000000000000
0000000000000000
0000000000000000
0000000000000000
0000000000000000
0000000000000000
0000000000000000
0000000000000000
0000000000000000
0000000000000000
0000000000000000
0000000000000000
0000000000000000
0000000000000000
0000000000000000
0000000000000000
0000000000000000
0000000000000000
0000000000000000
0000000000000000
0000000000000000
0000000000000000
0000000000000000
0000000000000000
0000000000000000
0000000000000000
0000000000000000
0000000000000000
0000000000000000
0000000000000000
0000000000000000
0000000000000000
0000000000000000
0000000000000000
0000000000000000
0000000000000000
0000000000000000
0000000000000000
0000000000000000
0000000000000000
0000000000000000
0000000000000000
0000000000000000
0000000000000000
0000000000000000
0000000000000000
0000000000000000
0000000000000000
0000000000000000
0000000000000000
0000000000000000
0000000000000000
0000000000000000
0000000000000000
0000000000000000
0000000000000000
0000000000000000
0000000000000000
0000000000000000
0000000000000000
0000000000000000
0000000000000000
0000000000000000
0000000000000000
0000000000000000
0000000000000000
0000000000000000
0000000000000000
0000000000000000
0000000000000000
0000000000000000
0000000000000000
0000000000000000
0000000000000000
0000000000000000
0000000000000000
0000000000000000
0000000000000000
0000000000000000
0000000000000000
0443033302220000
0000011001110333
0222011000000000
0444055505550444
0111022202220333
0000000000000111
0000000000000000
0666066606660222
0BBB0BBB0CCC0BBB
0CCC0CCC0DDD0DDD
0BBB0BBB0BBB0BBB
0AAA0AAA0BBB0BBB
0888099909880AAA
0888088808880888
0877077708880888
0888077707770777
0988098809880999
0222077708880888
0000022202220111
0111011100000000
0000000001110111
0000000000000000
0000000000000000
0111010000000000
0111033303330211
0000000000000000
0000000000000000
0000000000000000
0000000000000000
0000000000000000
0000000000000000
0000000000000000
0000000000000000
0000000000000000
0000000000000000
0000000000000000
0000000000000000
0000000000000000
0000000000000000
0000000000000000
0000000000000000
0000000000000000
0000000000000000
0000000000000000
0000000000000000
0000000000000000
0000000000000000
0000000000000000
0000000000000000
0000000000000000
0000000000000000
0000000000000000
0000000000000000
0000000000000000
0000000000000000
0000000000000000
0000000000000000
0000000000000000
0000000000000000
0000000000000000
0000000000000000
0000000000000000
0000000000000000
0000000000000000
0000000000000000
0000000000000000
0000000000000000
0000000000000000
0000000000000000
0000000000000000
0000000000000000
0000000000000000
0000000000000000
0000000000000000
0000000000000000
0000000000000000
0000000000000000
0000000000000000
0000000000000000
0000000000000000
0000000000000000
0000000000000000
0000000000000000
0000000000000000
0000000000000000
0000000000000000
0000000000000000
0000000000000000
0000000000000000
0000000000000000
0000000000000000
0000000000000000
0000000000000000
0000000000000000
0000000000000000
0000000000000000
0000000000000000
0000000000000000
0000000000000000
0000000000000000
0000000000000000
0000000000000000
0000000000000000
0000000000000000
0000000000000000
0000000000000000
0000000000000000
0000000000000000
0000000000000000
0000000000000000
0000000000000000
0000000000000000
0000000000000000
0000000000000000
0000000000000000
0000000000000000
0000000000000000
0000000000000000
0000000000000000
0000000000000000
0000000000000000
0000000000000000
0000000000000000
0000000000000000
0000000000000000
0000000000000000
0000000000000000
0000000000000000
0000000000000000
0000000000000000
0000000000000000
0000000000000000
0000000000000000
0000000000000000
0000000000000000
0000000000000000
0000000000000000
0000000000000000
0000000000000000
0000000000000000
0000000000000000
0000000000000000
0000000000000000
0000000000000000
0000000000000000
0000000000000000
0000000000000000
0000000000000000
0000000000000000
0000000000000000
0000000000000000
0000000000000000
0000000000000000
0000000000000000
0000000000000000
0000000000000000
0000000000000000
0000000000000000
0000000000000000
0222000000000000
0111022204440333
0222011100000000
0444044404440333
0111011102220333
0000000001110111
0222022200000000
0CCC0CCC06660222
0DDD0DDD0DDD0CCC
0999099909990AAA
0444033304440999
0222022201110111
0111022202220222
0211011101110111
0222022202220222
0111011102220222
0333022202220111
0666066606660666
0AAA099906660666
05540AAA09990AAA
0000033304440444
0000000000000000
0000000000000000
0111011101110111
0000000000000100
0222011100000000
0000000001110222
0000000000000000
0000000000000000
0000000000000000
0000000000000000
0000000000000000
0000000000000000
0000000000000000
0000000000000000
0000000000000000
0000000000000000
0000000000000000
0000000000000000
0000000000000000
0000000000000000
0000000000000000
0000000000000000
0000000000000000
0000000000000000
0000000000000000
0000000000000000
0000000000000000
0000000000000000
0000000000000000
0000000000000000
0000000000000000
0000000000000000
0000000000000000
0000000000000000
0000000000000000
0000000000000000
0000000000000000
0000000000000000
0000000000000000
0000000000000000
0000000000000000
0000000000000000
0000000000000000
0000000000000000
0000000000000000
0000000000000000
0000000000000000
0000000000000000
0000000000000000
0000000000000000
0000000000000000
0000000000000000
0000000000000000
0000000000000000
0000000000000000
0000000000000000
0000000000000000
0000000000000000
0000000000000000
0000000000000000
0000000000000000
0000000000000000
0000000000000000
0000000000000000
0000000000000000
0000000000000000
0000000000000000
0000000000000000
0000000000000000
0000000000000000
0000000000000000
0000000000000000
0000000000000000
0000000000000000
0000000000000000
0000000000000000
0000000000000000
0000000000000000
0100011101110111
0111010001100100
0000011101110111
0000000000000000
0111011101110111
0110011001110111
0111011101110111
0111011101110111
0111011101110111
0111011101110111
0111010001110111
0111011101110111
0111011101110111
0111011101110111
0111011101110111
0111011101110111
0111011101110111
0111011101110111
0111011101110111
0111011101110111
0111011101110111
0111011101110111
0111011101110111
0111011101110111
0111011101110111
0111011101110111
0111011101110111
0111011101110111
0111011101110111
0111011101110111
0111011101110111
0111011101110111
0111011101110111
0111011101110111
0111011101110111
0111011101110111
0111011101110111
0111011101110111
0111011101110111
0111011101110111
0111011101110111
0111011101110111
0111011101110111
0111011101110111
0111011101110111
0111011101110111
0111011101110111
0111011101110111
0111000000000111
0111011101110111
0111011101110111
0111011101110111
0111011101110111
0111011101110111
0111011101110111
0111011101110111
0111011101110111
0111011101110111
0111011101110111
0111011101110111
0111011101110111
0333033301110111
0111000000000222
0555044403330111
0111022203330444
0000011100000000
0555044400000000
0FFF0FFF0AAA0555
0AAA0AAA0BBB0DDD
0444044403330999
0222022202220333
0111011101110222
0111011101110111
0000011101110111
0000000000000000
0000000000000000
0000000000000000
0111000000000000
0222022202220222
0444033302220222
0888077704440444
0777099908880777
0111022206660666
0000000000000000
0111010000000111
0000010001110111
0000000000000000
0111000002220111
0111011101110111
0111011101110111
0111011101110111
0111011101110111
0111011101110111
0111011101110111
0111011101110111
0111011101110111
0111011101110111
0111011101110111
0111011101110111
0111011101110111
0000000000000111
0110010000000000
0000000000000000
0000000000000000
0000000000000000
0000000000000000
0111011101110110
0111010101110111
0111011101110111
0100011101110111
0111011101100000
0111011101110111
0111011101110111
0111011101110111
0111011101110111
0111011101110111
0111011101110111
0111011101110111
0111011101110111
0111011101110111
0111011101110111
0111011101110111
0111011101110111
0111011101110111
0111011101110111
0111011101110111
0111011101110111
0111011101110111
0000000000000000
0000000000000000
0111011101110111
0110011101110111
0000000000000000
0111011101100000
0110011101110111
0100000001000100
0111011101110111
0111011101110111
0111011101110110
0110010001000111
0111011101110111
0111011101110111
0111011101110111
0111011101110111
0111011101110111
0111011101110111
0111011101110111
0111011101110111
0111011101110111
0111011101110111
0000000000000000
0000000000000000
0000000000000000
0000000000000000
0000000000000000
0000000000000000
0000000000000000
0000000000000000
0000000000000000
0000000000000000
0333033303330333
0333033303330333
0333033304330444
0333033303330333
0333033303330333
0333033303330333
0333033303330333
0333033303330333
0333033303330333
0333033303330333
0333033303330333
0443033303330333
0333033304430444
0333033303330333
0333033303330333
0333033303330333
0333033303330333
0333033303330333
0333033303330333
0433033303330333
0444044404440444
0333033304330444
0333033303330333
0333033303330333
0333033303330333
0333033303330333
0444033303330333
0443044404440444
0444044404430443
0333033303330333
0333033303330333
0333033303330333
0333033303330333
0333033303330333
0333033303330333
0333033303330333
0333033303330333
0333033303330333
0333033303330333
0333033303330333
0333033303330333
0333033303330333
0333033303330333
0333033303330333
0333033303330333
0333033303330333
0333033303330333
0333033303330333
0333022202220333
0333044304430333
0433033303330333
0333033303330433
0333033303330333
0333033303330333
0333033303330333
0333033303330333
0333033303330333
0333033303330333
0333033303330333
0444044303330333
0333033303330444
0110011103330333
0444032202220111
0222033304440444
0111000001110222
0455000001110100
0EEE0FFF08880777
0AAA09990CCC0EEE
0111022204430777
0111011101110111
0000000000000111
0000000000000000
0000000000000000
0000000000000000
0222099901110000
0000000000000000
0000000000000000
0000000000000000
0000000000000000
0111011101110111
0222022202220111
0555055503330222
0AAA0AA908880776
0111033306660888
0000000000000000
0111000000000000
0000000001110111
0222000000000000
0333033303330333
0333033303330333
0333033303330333
0333033303330333
0333033303330333
0333033303330333
0333033303330333
0333033303330333
0333033303330333
0333033303330333
0333033303330333
0333033303330333
0222011101110333
0333033303330333
0333033303330333
0333033303330333
0333033303330333
0333033303330333
0333033303330333
0333033303330333
0333033303330333
0333033303330333
0333033303330333
0333033303330333
0333033303330333
0333033303330333
0333033303330333
0333033303330333
0443044304440444
0333033303330333
0333033303330333
0444033303330333
0333033304330444
0333033303330333
0333033303330333
0333033303330333
0333033303330433
0333033303330333
0333033303330433
0333033303330333
0333033303330333
0333033303330333
0333033303330333
0333033303330333
0333033303330333
0333033303330333
0333033303330333
0333033303330333
0333033303330333
0333033303330333
0333033303330333
0333033303330333
0333033303330333
0333033303330333
0333033303330333
0333033303330333
0333033303330333
0333033303330333
0333033303330333
0333033303330333
0333033303330333
0333033303330333
0000000000000000
0000000000000000
0000000000000000
0000000000000000
0000000000000000
0000000000000000
0000000000000000
0000000000000000
0000000000000000
0000000000000000
0111011101110111
0111011101110111
0111011101110111
0111011101110111
0110011001110111
0111011101110111
0111011101110111
0111011101110111
0111011101110111
0111011101110111
0111011101110111
0111011101110111
0111011101110111
0111011101110111
0111011101110111
0111011101110111
0111011101110111
0111011101110111
0111011101110111
0111011101110111
0111011101110111
0111011101110111
0111011101110111
0111011101110111
0111011101110111
0111011101110111
0111011101110111
0111011101110111
0111011101110111
0111011101110111
0111011101110111
0111011101110111
0111011101110111
0111011101110111
0111011101110111
0111011101110111
0111011101110111
0111011101110111
0111011101110111
0111011101110111
0111011101110111
0111011101110111
0111011101110111
0111011101110111
0111011101110111
0111011101110111
0111011101110111
0111011101110111
0111011101110111
0111011101110111
0000000000000111
0000000000000000
0000000000000000
0000000000000000
0000000000000000
0000000000000000
0000000000000000
0000000000000000
0000000000000000
0000000000000000
0000000000000000
0333000000000000
0333055505550444
0111011101110222
0222011101110111
0FFF0CCC0AAA0555
05550AAA0CCC0DDD
0333033303430555
0000011102220222
0000000000000000
0000000000000000
0000000000000000
0222055500000000
0111000000000000
05550FFF02220000
0000000000000000
0444066600000000
0000010001110000
0000000000000000
0000000000000000
0111000000000000
0111011101110111
0666055503330222
0AAA0AAA0AAA0888
0000022204440666
0000000000000000
0222011101110000
0000000001110222
0000000000000000
0000000000000000
0000000000000000
0000000000000000
0000000000000000
0000000000000000
0000000000000000
0000000000000000
0000000000000000
0000000000000000
0000011101110000
0000000000000000
0111011101110111
0111011101110111
0111011101110111
0111011101110111
0111011101110111
0111011101110111
0111011101110111
0111011101110111
0111011101110111
0111011101110111
0111011101110111
0111011101110111
0111011101110111
0111011101110111
0111011101110111
0111011101110111
0111011101110111
0111011101110111
0111011101110111
0111011101110111
0111011101110111
0111011101110111
0111011101110111
0111011101110111
0111011101110111
0111011101110111
0111011101110111
0111011101110111
0111011101110111
0111011101110111
0111011101110111
0111011101110111
0111011101110111
0111011101110111
0111011101110111
0111011101110111
0111011101110111
0111011101110111
0111011101110111
0111011101110111
0111011101110111
0111011101110111
0111011101110111
0111011101110111
0111011101110111
0111011101110111
0111011101110111
0111011101110111
0111011101110111
0111011101110111
0333044401110222
0000000000000000
0000000000000000
0000000000000000
0000000000000000
0000000000000000
0000000000000000
0000000000000000
0000000000000000
0000000000000000
0222022202220222
0222022202220222
0222022202220222
0112011201220222
0222022202220122
0222022202220222
0222022202220222
0222022202220222
0222022202220222
0333022302220222
0222022202230333
0333033302230223
0222022203230333
0322032202220222
0333033303330333
0323033303330333
0333033302220222
0333033303330333
0333033303330333
0333033303330333
0333033303330333
0333033303330333
0333033303330333
0333033303330333
0333033303330333
0333033303330333
0333033303330333
0333033303330333
0333033303330333
0333033303330333
0333033303330333
0333033303330333
0333033303330333
0333033303330333
0333033303330333
0333033303330333
0333033303330333
0333033303330333
0333033303330333
0333033303330333
0333033303330333
0333033303330333
0333033303330333
0333033303330333
0333033303330333
0333033303330333
0333033303330333
0333033303330333
0333033303330333
0222022202220222
0111011101110111
0111011101110111
0111011101110111
0111011101110111
0111011101110111
0111011101110111
0111011101110111
0111011101110111
0111011101110111
0111011101110111
0000000001100111
0555044403330111
0111022102220444
0111022202220111
0EEE0BBB05550111
09980AAA0EEE0FFF
0222022303330555
0000000000000111
0000000000000000
0000022205550000
0000000000000000
0000000003330888
0555099900000000
0111010000000000
04440FFF01110000
0110000001110000
02220CCC00000000
0333000000000000
0000000000000666
0222077700000000
0000000000000000
0111000000000000
0222011101110111
0666065503330333
066608880AA90998
0000000001110332
0111000000000000
0111022202220111
0110011001000000
0111011101110111
0111011101110111
0111011101110111
0111011101110111
0111011101110111
0111011101110111
0111011201120111
0222011201110111
0222022202220222
0222022202220222
0332022202220222
0333033303330333
0333033303330333
0333033303330333
0333033303330333
0333033303330333
0333033303330333
0333033303330333
0333033303330333
0333033303330333
0333033303330333
0333033303330333
0333033303330333
0333033303330333
0333033303330333
0333033303330333
0333033303330333
0333033303330333
0333033303330333
0333033303330333
0333033303330333
0333033303330333
0333033303330333
0333033303330333
0333033303330333
0333033303330333
0333033303330333
0333033303330333
0333033303330333
0333033303330333
0333033303330333
0333033303330333
0333033303330333
0333033303330333
0333033303330333
0333033303330333
0333033303330333
0333033303330333
0333033303330333
0333033303330333
0333033303330333
0333033303330333
0333033303330333
0333033303330333
0333033303330333
0333033303330333
0333033303330333
0222033303330333
0333033303330223
0223032303330333
0333033303330333
0333032203220322
0000000000000333
0000000000000000
0000000000000000
0000000000000000
0000000000000000
0000000000000000
0000000000000000
0000000000000000
0000000000000000
0110011001000100
0100010001000110
0100010001000100
0000000001000100
0000000000000000
0000000000000000
0000000000000000
0000000000000000
0000000000000000
0000000000000000
0000000000000000
0000000000000000
0000000000000000
0000000000000000
0000000000000000
0000000000000000
0000000000000000
0000000000000000
0000000000000000
0000000000000000
0000000000000000
0000000000000000
0000000000000000
0000000000000000
0000000000000000
0000000000000000
0000000000000000
0000000000000000
0000000000000000
0000000000000000
0000000000000000
0000000000000000
0000000000000000
0000000000000000
0000000000000000
0000000000000000
0000000000000000
0000000000000000
0000000000000000
0000000000000000
0000000000000000
0000000000000000
0000000000000000
0000000000000000
0000000000000000
0000000000000000
0000000000000000
0000000000000000
0000000000000000
0000000000000000
0000000000000000
0000000000000000
0100010000000000
0100010001000100
0100010001000100
0100010001000000
0100010001000100
0100010001000100
0100010001000100
0110011001000110
0333011100000000
0222033304440444
0222011100000111
0999022201110111
0AAA0DDD0FFF0DDD
0323044406660777
0000000001110222
0000000000000000
0111011101110111
00000AAA0CCC0000
0000000000000000
0000000007770888
0555066600000000
0000000000000000
04440FFF01110000
0000000000000000
00000AAA01110000
0666000000000000
0000000000000888
03330EEE02220000
0000000000000000
0000000000000100
0111000000000000
0222022202220222
0888077704440333
0232055509990999
0000000000000000
0222011100000000
0100010001110222
0110011001000100
0110011001100110
0100010001100110
0100010001000100
0100000001000110
0100010001000100
0000000000000000
0000000000000000
0000000000000000
0000000000000000
0000000000000000
0000000000000000
0000000000000000
0000000000000000
0000000000000000
0000000000000000
0000000000000000
0000000000000000
0000000000000000
0000000000000000
0000000000000000
0000000000000000
0000000000000000
0000000000000000
0000000000000000
0000000000000000
0000000000000000
0000000000000000
0000000000000000
0000000000000000
0000000000000000
0000000000000000
0000000000000000
0000000000000000
0000000000000000
0000000000000000
0000000000000000
0000000000000000
0000000000000000
0000000000000000
0000000000000000
0000000000000000
0000000000000000
0000000000000000
0000000000000000
0000000000000000
0000000000000000
0000000000000000
0000000000000000
0000000000000000
0000000000000000
0000000000000000
0000000000000000
0000000000000000
0000000000000000
0000000000000000
0000000000000000
0000000000000000
0100010001000000
0000010001000100
0110000000000100
0222011101110111
0000011104440333
0000000000000000
0000000000000000
0000000000000000
0000000000000000
0000000000000000
0000000000000000
0000000000000000
0000000000000000
0B830B820B710A70
0A740B730B830B83
0861085109610A74
0851085109610962
0741074107510751
0642064106410641
0431053005300531
0430043004300431
0320032004300430
0320032003200320
0320032103210320
0320032003200210
0210021002100220
0210021002100210
0110011002100210
0110011002100110
0100010001000100
0100010001000100
0000000000000100
0000000000000000
0000000000000000
0000000000000000
0000000000000000
0000000000000000
0000000000000000
0000000000000000
0000000000000000
0000000000000000
0000000000000000
0000000000000000
0000000000000000
0000000000000000
0000000000000000
0000000000000000
0000000000000000
0000000000000000
0000000000000000
0000000000000000
0000000000000000
0000000000000000
0000000000000000
0000000000000000
0000000000000000
0000000000000000
0000000000000000
0000000000000000
0000000000000000
0000000000000000
0000000000000000
0000000000000000
0100000000000000
0210010001000100
0210021002100210
0210021002100210
0210021002100210
0210021002100210
0210021002100210
0110011001100110
0110011001100110
0000010001100110
0444055504440111
0111011102210222
0111000002220222
0EEE0EEE0CCC0555
0333044407770CCC
0000011102220333
0000000000000000
0000055502220000
0111011101110111
00000DDD04440000
0000000001000000
0000000003330222
0000000000000000
0000000000000000
04440FFF01110000
0000000000000000
0000000000000000
0222000000000000
0000000000000222
0000099A08880000
0111000000000000
0000077703330100
0000000000000000
0111000000000000
0333022202220222
0999099906660555
0000000001110666
0000000000000000
0111022202220111
0210011001000000
0110011001100210
0110011001100110
0210021001100110
0210021002100210
0210021002100210
0210011001100210
0110011002100210
0000000001000100
0000000000000000
0000000000000000
0000000000000000
0000000000000000
0000000000000000
0000000000000000
0000000000000000
0000000000000000
0000000000000000
0000000000000000
0000000000000000
0000000000000000
0000000000000000
0000000000000000
0000000000000000
0000000000000000
0000000000000000
0000000000000000
0000000000000000
0000000000000000
0000000000000000
0000000000000000
0000000000000000
0000000000000000
0000000000000000
0000000000000000
0000000000000000
0000000000000000
0000000000000000
0000000000000000
0000000000000000
0000000000000000
0000000000000000
0000000000000000
0000000000000000
0000000000000000
0000000000000000
0000000000000000
0100010001110000
0000000000000000
0111011100000000
0111011101110111
0211021101110111
0321022101110211
0320032003200321
0430043104320321
0431053105310430
0642053105300531
0852074106420642
0850074107520752
0961096109610961
0000010007400A70
0222011101110111
0111055502220222
0000000000000000
0000000000000000
0000000000000000
0000000000000000
0000000000000000
0000000000000000
0000000000000000
0000000000000000
0221021102110221
0110011001100111
0100000000000100
0100010001000100
0000000001000100
0000000000000000
0000000000000000
0000000000000000
0000000000000000
0000000000000000
0000000000000000
0000000000000000
0000000000000000
0000000000000000
0000000000000000
0000000000000000
0000000000000000
0000000000000000
0000000000000000
0000000000000000
0000000000000000
0000000000000000
0000000000000000
0000000000000000
0000000000000000
0000000000000000
0000000000000000
0000000000000000
0000000000000000
0000000000000000
0000000000000000
0000000000000000
0000000000000000
0000000000000000
0000000000000000
0000000000000000
0000000000000000
0000000000000000
0000000000000000
0000000000000000
0000000000000000
0000000000000000
0000000000000000
0000000000000000
0000000000000000
0000000000000000
0000000000000000
0000000000000000
0100000000000000
0110011001000100
0320021002100210
0320032003200320
0210021003200320
0210021002100210
0210021002100210
0210021002100210
0210021002100210
0110011002100210
0110011001100110
0333011000000000
0211022203330444
0222032202220111
0DDD099904440212
055509990EEE0FFF
0111022203330333
0111000000000000
0111011101110111
03330CCC01110000
0000000000000000
07770CCC00000000
0000000000000000
0000000000000000
0000000000000000
0000000000000000
04440FFF01210000
0000000000000000
0000000000000000
0000000000000000
0000000000000000
000004440DDD0000
0111000000000000
000006660AAA0000
0000000000000000
0000000000000222
0222011101110000
0666044402220222
0333077708980888
0000000000000000
0222011100000000
0000000001000222
0110011001100100
0110011001100110
0210021002100210
0210021002100210
0210021002100210
0210021002100210
0320021002100210
0210031003200320
0110021002100210
0000011002100110
0000000000000000
0000000000000000
0000000000000000
0000000000000000
0000000000000000
0000000000000000
0000000000000000
0000000000000000
0000000000000000
0000000000000000
0000000000000000
0000000000000000
0000000000000000
0000000000000000
0000000000000000
0000000000000000
0000000000000000
0000000000000000
0000000000000000
0000000000000000
0000000000000000
0000000000000000
0000000000000000
0000000000000000
0000000000000000
0000000000000000
0000000000000000
0000000000000000
0000000000000000
0000000000000000
0000000000000000
0000000000000000
0000000000000000
0000000000000000
0000000000000000
0000000000000000
0000000000000000
0000000000000000
0000000000000000
0000000000000000
0000000000000000
0000000000000000
0000000000000000
0000000000000000
0000000000000000
0000000000000000
0000000000000000
0000000000000000
0221021102110110
0320097005410211
0111000000000000
0333011102220111
0000000000000222
0000000000000000
0000000000000000
0000000000000000
0000000000000000
0000000000000000
0000000000000000
0000000000000000
0001011101110212
0000000000000000
0000000000000000
0000000000000000
0000000000000000
0000000000000000
0000000000000000
0000000000000000
0000000000000000
0000000000000000
0000000000000000
0000000000000000
0000000000000000
0000000000000000
0000000000000000
0000000000000000
0000000000000000
0000000000000000
0000000000000000
0000000000000000
0000000000000000
0000000000000000
0000000000000000
0000000000000000
0000000000000000
0000000000000000
0000000000000000
0000000000000000
0000000000000000
0000000000000000
0000000000000000
0000000000000000
0000000000000000
0000000000000000
0000000000000000
0000000000000000
0000000000000000
0000000000000000
0000000000000000
0000000000000000
0000000000000000
0000000000000000
0000000000000000
0000000000000000
0000000000000000
0000000000000000
0000000000000000
0000000000000000
0000000000000000
0000000000000000
0000000000000000
0100010001000000
0000000000000100
0000000000000000
0000000000000000
0000000000000000
0000000000000000
0000010001000000
0000010001000000
0444044402220000
0221011101110222
0333011102220222
0BBB0FFF0FFF0888
0222033304440776
0000000000000111
0000011100000000
0111000009990444
0333044400000111
0000000001110000
0222033300000000
0000000000000000
0000000000000000
0000000000000000
0000000000000000
0111033300000000
0000000000000000
0000000000000000
0000000000000000
0000000000000000
0000011104440000
0000000000000000
0000000004440000
0777000000000000
0000000000000777
0000000000000000
0222011101110111
0999077705550333
0000000003330777
0000000000000000
0000021102220111
0000000000000000
0100000000000000
0000000000000100
0000010001000000
0000000000000000
0000000000000000
0000000000000000
0000000000000000
0000000000000000
0000000000000000
0000000000000000
0000000000000000
0000000000000000
0000000000000000
0000000000000000
0000000000000000
0000000000000000
0000000000000000
0000000000000000
0000000000000000
0000000000000000
0000000000000000
0000000000000000
0000000000000000
0000000000000000
0000000000000000
0000000000000000
0000000000000000
0000000000000000
0000000000000000
0000000000000000
0000000000000000
0000000000000000
0000000000000000
0000000000000000
0000000000000000
0000000000000000
0000000000000000
0000000000000000
0000000000000000
0000000000000000
0000000000000000
0000000000000000
0000000000000000
0000000000000000
0000000000000000
0000000000000000
0000000000000000
0000000000000000
0000000000000000
0000000000000000
0000000000000000
0000000000000000
0000000000000000
0000000000000000
0000000000000000
0000000000000000
0000000000000000
0000000000000000
0971022100010000
0110000000000750
0222022201110000
0000000004440555
0000000000000000
0000000000000000
0000000000000000
0000000000000000
0000000000000000
0000000000000000
0000000000000000
0000000000000000
0000000000000000
0000000000000000
0000000000000000
0000000000000000
0000000000000000
0000000000000000
0000000000000000
0000000000000000
0000000000000000
0000000000000000
0000000000000000
0000000000000000
0000000000000000
0000000000000000
0000000000000000
0000000000000000
0000000000000000
0000000000000000
0000000000000000
0000000000000000
0000000000000000
0000000000000000
0000000000000000
0000000000000000
0000000000000000
0000000000000000
0000000000000000
0000000000000000
0000000000000000
0000000000000000
0000000000000000
0000000000000000
0000000000000000
0000000000000000
0000000000000000
0000000000000000
0000000000000000
0100000000000000
0110010001000100
0110011001100110
0210021002100110
0320032003100320
0430053004200320
0530042004300420
0640053005300530
0750074006400630
0750075007500850
0750075007500750
0860086008600850
0860086008600860
0750076008600860
0750075007500750
0530064006400750
0530053005300530
0320032004200530
0210021002100210
0100010001100210
0111000000000100
0111033304440333
0111022201110111
0FFF0AAA02220111
0333044409890EEE
0000011101110222
08880BBB00000000
0111011100000000
0000033309990100
0000000001110111
0111011101110000
0000000000000010
0000000000000000
0000000000000000
0000000000000000
0000000000000000
0000000000000000
0000000000000000
0000000000000000
0000000000000000
0000000000000000
0000000000000000
0000000000000000
0000000000000000
0AAA022200000000
0100000000000000
00000BBB08880000
0000000000000000
0444033302220111
0222066608880777
0000000000000000
0222011100000000
0000000000000111
0110011001000000
0210011002100110
0320021002100210
0430042003200320
0640042004300420
0750075007500750
0750075007500750
0750076007600850
0750075008600750
0750075007500750
0850075007500750
0640064006400750
0530064006400640
0530043005300530
0320043004300430
0320032003200420
0320032003200320
0210021002100210
0110021002100210
0110010001100100
0100010001000100
0000000001000100
0000000000000000
0000000000000000
0000000000000000
0000000000000000
0000000000000000
0000000000000000
0000000000000000
0000000000000000
0000000000000000
0000000000000000
0000000000000000
0000000000000000
0000000000000000
0000000000000000
0000000000000000
0000000000000000
0000000000000000
0000000000000000
0000000000000000
0000000000000000
0000000000000000
0000000000000000
0000000000000000
0000000000000000
0000000000000000
0000000000000000
0000000000000000
0000000000000000
0000000000000000
0000000000000000
0000000000000000
0000000000000000
0000000000000000
0000000000000000
0000000000000000
0000000000000000
0111000100000000
000001100A700861
0222011101100110
0000000003330333
0000000000000000
0000000000000000
0000000000000000
0000000000000000
0000000000000000
0000000000000000
0000000000000000
0000000000000000
0000000000000000
0000000000000000
0000000000000000
0000000000000000
0000000000000000
0000000000000000
0000000000000000
0000000000000000
0000000000000000
0000000000000000
0000000000000000
0000000000000000
0000000000000000
0000000000000000
0000000000000000
0000000000000000
0000000000000000
0000000000000000
0000000000000000
0000000000000000
0000000000000000
0000000000000000
0000000000000000
0000000000000000
0000000000000000
0000000000000000
0000000000000000
0000000000000000
0000000000000000
0000000000000000
0000000000000000
0000000000000000
0000000000000000
0000000000000000
0000000000000000
0000000000000000
0000000000000000
0000000000000000
0100000000000000
0100010001000100
0110010001000100
0210011001100210
0320032002100210
0320021002100210
0320032003200320
0430043004200420
0430043004300430
0540053004300430
0530053005400540
0530054005400540
0430043004300430
0430043004300430
0320043004200530
0320032003200320
0210021003200320
0110021001100210
0000000001000110
0433022200000000
0000011102220333
0111000002220222
0AAA0FFF0FFF0999
0222033303330444
0111000000000111
0FFF088800000111
0111011100000343
0111011101110111
0000011101110111
0000000000000000
0000000000000000
0000000000000000
0000000000000000
0000000000000000
0000000000000000
0000000000000000
0000000000000000
0000000000000000
0000000000000000
0000000000000000
0000000000000000
0000000000000000
0000000000000000
0000000000000000
0000000000000000
000005550FFF0555
0000000000000000
0222022201110000
0887077705550332
0000000002220555
0000000000000000
0000000002220222
0100010001000000
0110010001000100
0210011001100110
0320032002100210
0430032003200320
0530053004300530
0430043004300530
0540054005300430
0430043004300540
0430043004300430
0430043004300430
0320032004200430
0320032003200320
0320022002200210
0210021002100210
0210021002100210
0110011001100110
0100010001100110
0000010001000100
0000000000000000
0000000000000000
0000000000000000
0000000000000000
0000000000000000
0000000000000000
0000000000000000
0000000000000000
0000000000000000
0000000000000000
0000000000000000
0000000000000000
0000000000000000
0000000000000000
0000000000000000
0000000000000000
0000000000000000
0000000000000000
0000000000000000
0000000000000000
0000000000000000
0000000000000000
0000000000000000
0000000000000000
0000000000000000
0000000000000000
0000000000000000
0000000000000000
0000000000000000
0000000000000000
0000000000000000
0000000000000000
0000000000000000
0000000000000000
0000000000000000
0000000000000000
0000000000000000
0000000000000000
0000000000000000
0111000000000000
0530096005410001
0222000001110001
0000044403330111
0000000000000000
0000000000000000
0000000000000000
0000000000000000
0000000000000000
0000000000000000
0000000000000000
0000000000000000
0000000000000000
0000000000000000
0000000000000000
0000000000000000
0000000000000000
0000000000000000
0000000000000000
0000000000000000
0000000000000000
0000000000000000
0000000000000000
0000000000000000
0000000000000000
0000000000000000
0000000000000000
0000000000000000
0000000000000000
0000000000000000
0000000000000000
0000000000000000
0000000000000000
0000000000000000
0000000000000000
0000000000000000
0000000000000000
0000000000000000
0000000000000000
0000000000000000
0000000000000000
0000000000000000
0000000000000000
0000000000000000
0000000000000000
0000000000000000
0000000000000000
0000000000000000
0000000000000000
0000000000000000
0000000000000000
0000000000000000
0000000000000000
0000000000000000
0000000000000000
0000000000000000
0000000000010000
0000000000000000
0000000000000000
0000000000000000
0000000000000000
0000000000000000
0000000000000000
0000000000000000
0111001100010001
0001000100010011
0011000000110011
0001011100010000
0000011100010001
0222033303330111
0222011100000111
0FFF077700000000
022206660AAA0FFF
0000011102220222
0111011101110000
0BBB000001110111
0111000000000CCC
0111011101110111
0000000000000111
0000000000000000
0000000000000000
0000000000000000
0000000000000000
0000000000000000
0000000000000000
0444000000000000
0000000001110555
0000000000000000
0000000000000000
0000000000000000
0000000000000000
0000000000000000
0000000000000000
0000000000000000
0333000000000000
0000000007770EEF
0000011100000000
0111000000000000
0555033302220222
0111044408880777
0000000000000000
0111022201110000
0000000100000000
0111011101110000
0111011100010111
0111011101110011
0000000101110111
0000000000000001
0000000000000000
0000000000000000
0000000000000000
0000000000000000
0000000000000000
0000000000000000
0000000000000000
0000000000000000
0000000000000000
0000000000000000
0000000000000000
0000000000000000
0000000000000000
0000000000000000
0000000000000000
0000000000000000
0000000000000000
0000000000000000
0000000000000000
0000000000000000
0000000000000000
0000000000000000
0000000000000000
0000000000000000
0000000000000000
0000000000000000
0000000000000000
0000000000000000
0000000000000000
0000000000000000
0000000000000000
0000000000000000
0000000000000000
0000000000000000
0000000000000000
0000000000000000
0000000000000000
0000000000000000
0000000000000000
0000000000000000
0000000000000000
0000000000000000
0000000000000000
0000000000000000
0000000000000000
0000000000000000
0000000000000000
0000000000000000
0000000000000000
0000000000000000
0000000000000000
0000000000000000
0000000000000000
0950022100010100
0222000001100850
0000044402220111
0000000000000000
0000000000000000
0000000000000000
0000000000000000
0000000000000000
0000000000000000
0000000000000000
0000000000000000
0000000000000000
0000000000000000
0000000000000000
0000000000000000
0000000000000000
0000000000000000
0000000000000000
0000000000000000
0000000000000000
0000000000000000
0000000000000000
0000000000000000
0000000000000000
0000000000000000
0000000000000000
0000000000000000
0000000000000000
0000000000000000
0000000000000000
0000000000000000
0000000000000000
0000000000000000
0000000000000000
0000000000000000
0000000000000000
0000000000000000
0000000000000000
0000000000000000
0000000000000000
0000000000000000
0000000000000000
0000000000000000
0000000000000000
0000000000000000
0000000000000000
0000000000000000
0000000000000000
0000000000000000
0000000000000000
0000000000000000
0000000000000000
0000000000000000
0000000001110000
0110000000000000
0000000000000000
0110010000000000
0000000000000000
0000000001110111
0111011100000000
0000000000000000
0000000000000000
0111011100000000
0111011101110000
0111011101110111
0111011101110111
0111011101110111
0222000001110111
0111022203330444
0000011101110100
0CCC0FFF0CCC0656
0111022203330666
0111000000000000
0110000001110666
0000000001110000
011100000AAA0DDD
0000000001110111
0000000000000000
0000000000000000
0000000000000000
0000000000000000
0000000000000000
0000000000000000
0000000000000000
0FFF0AAA00000000
0000000005550FFF
0000000000000000
0000000000000000
0000000000000000
0000000000000000
0000000000000000
0000000000000000
0000000000000000
0DDD011100000000
0000000000000999
0333000000000000
0000000000000565
0222011101110000
0776088805550333
0000000000000333
0111000000000000
0110000001000222
0111022101110111
0111011101110111
0222011101110111
0111011101110111
0000000001110110
0000000000000000
0000000001000110
0000011100000000
0000000000000000
0000000000000111
0000000000000000
0111011100000000
0000000000000000
0000011001110111
0000000000000000
0000000000000000
0000000000000000
0110000000000000
0000000000000111
0000000000000000
0000000000000000
0000000000000000
0000000000000000
0000000000000000
0000000000000000
0000000000000000
0000000000000000
0000000000000000
0000000000000000
0000000000000000
0000000000000000
0000000000000000
0000000000000000
0000000000000000
0000000000000000
0000000000000000
0000000000000000
0000000000000000
0000000000000000
0000000000000000
0000000000000000
0000000000000000
0000000000000000
0000000000000000
0000000000000000
0000000000000000
0000000000000000
0000000000000000
0000000000000000
0000000000000000
0000000000000000
0000000000000000
0000000000000000
0000000000000000
0000000000000000
0000000000000000
0000000000000000
0000000000000000
0111000100000000
0111010008600540
0000033302220000
0000000000000000
0000000000000000
0000000000000000
0000000000000000
0000000000000000
0000000000000000
0000000000000000
0000000000000000
0000000000000000
0000000000000000
0000000000000000
0000000000000000
0555055505550222
0000000000000111
0000000000000000
0000000000000000
0000000003330656
0000000000000000
0000000000000000
0000000000000000
0000000000000000
0000000000000000
0000000000000000
0000000000000000
0000000000000000
0000000000000000
0000000000000000
0000000000000000
0000000000000000
0000000000000000
0000000000000000
0000000000000000
0000000000000000
0000000000000000
0000000000000000
0000000000000000
0000000000000000
0000000000000000
0000000000000000
0000000000000000
0000000000000000
0000000000000000
0000000000000000
0000000000000000
0000000000000000
0000000000000000
0000000000000000
0000000000000000
0000000000000000
0000000000000000
0000000000000111
0111011100000000
0000000000000000
0000011101110111
0111011100000000
0000000000000111
0000011101110000
0000000000000000
0000000000000000
0000000001110000
0111011101110111
0111011101110111
0111011101110111
0111011101110111
0333033301110000
0000000001110222
0AAA011100000100
033307770DDD0FFF
0000000001110322
0000011100000000
0111011109990666
0000000001000111
000005550FFF0222
0000000000000000
0000000000000000
0000000000000000
0000000000000000
0000000000000000
0000000000000000
0000000000000000
0000000000000000
0BAB09990DDD0333
0000000001110FFF
0000000000000000
0000000000000000
0000000000000000
0000000000000000
0000000000000000
0000000000000000
0000000000000000
0BBB099900000000
0000000000000000
0BBB033300000000
0000000000000333
0000000000000000
0777054403330111
0000011105550888
0000000000000000
0000000002220111
0111011101110110
0112011101110111
0222011101110111
0111011101110111
0000000000000000
0111000000000000
0000000000000000
0000000001110111
0111011100000000
0001000000000000
0000000000000000
0000011101110000
0111000000000000
0000000000000111
0111000000000000
0444011100000100
0000055505550555
0110011000000000
0000000000000000
0666011100000000
0000000000000000
0000000000000000
0000000000000000
0000000000000000
0000000000000000
0000000000000000
0000000000000000
0000000000000000
0000000000000000
0000000000000000
0000000000000000
0000000000000000
0000000000000000
0000000000000000
0000000000000000
0000000000000000
0000000000000000
0000000000000000
0000000000000000
0000000000000000
0000000000000000
0000000000000000
0000000000000000
0000000000000000
0000000000000000
0000000000000000
0000000000000000
0000000000000000
0000000000000000
0000000000000000
0000000000000000
0000000000000000
0000000000000000
0000000000000000
0000000000000000
0000000000000000
0000000000000000
0000000000000000
0000000000000000
0320000003200000
0000044302220320
0000000000000000
0000000000000000
0000000000000000
0000000000000000
0000000000000000
0000000000000000
0000000000000000
0000000000000000
0111000000000000
0000000000000000
0000000001110000
0000000000000000
089907770CCC0AAA
0000000002220BBB
0000000000000000
0AAA000000000000
0000000002220888
0000000000000000
0000000000000000
0000000000000000
0000000000000000
0000000000000000
0000000000000000
0000000000000000
0000000000000000
0000000000000000
0000000000000000
0000000000000000
0000000000000000
0000000000000000
0000000000000000
0000000000000100
0000000001110000
0100000000000000
0000000000000111
0111000000000000
0000000000000000
0000000000000111
0000000000000000
0000000000000000
0000000000000000
0000000000000000
0111010100000000
0000000000000000
0000000001110111
0000011101110000
0111000000000000
0000000000000000
0000000001110111
0111011100000000
0000000000000000
0000011101110000
0111000000000000
0000000000000111
0000011101110000
0111000000000000
0000000000000111
0000011101110000
0000000000000000
0000000000000111
0111011101110111
0111011101110111
0111011101110111
0000000001110111
0111022203330222
0000000000000100
0FFF0EDE06660000
0222033304440999
0000000000000111
0111000001110333
0000066607770000
0000000000000111
0000011102220000
0000000000000000
0000000000000000
0000000000000000
0000000000000000
0000000000000000
0000000000000000
0000000000000000
0666000000000000
0EEE000006660EEE
0000000000000CCC
0000000000000000
0000000000000000
0000000000000000
0000000000000000
0000000000000000
0000000000000000
0000000000000000
0000011100000000
0000000000000000
0444076700000110
0000000001110000
0000000001110444
0333022202220000
0333066608880666
0000000000000000
0111022200000000
0111000000000000
0111011101110111
0000011101110110
0100011100000111
0111000000000000
0000000000000000
0111011100000000
0000000000000111
0000011102220000
0000011100000000
0111011100000000
0000000000100111
0111011100000000
0111000000000000
0000011100000000
0CCC099900000000
0111066607770666
0000000000000000
0000000000000000
0777011100000000
0000000000000000
0000000000000000
0000000000000000
0000000000000000
0000000000000000
0000000000000000
0000000000000000
0000000000000111
0111000000000000
0000000000000000
0000011100000000
0000000000000000
0000000000000111
0111000000000000
0000000000000000
0000000000000000
0000000000000000
0000000000000000
0000000000000000
0000000000000000
0000000000000000
0000000000000000
0000000000000000
0111000000000000
0000000000000000
0000000000000000
0000011000000000
0000000000000000
0000000000000000
0111000000000000
0000000000000000
0000000001110000
0111000000000000
0000000000000011
0000000000000111
0000011100000000
0000000000000000
0000000000000000
0000000000000000
0321000000000000
0000075307410430
0000000000000000
0000000000000000
0000000000000000
0000000000000000
0000000000000000
0000000000000000
0000000000000000
0000000000000000
0000011101110000
0111000000000000
0000000000000111
0000000001110000
0111000006660AAA
0999044403430FFF
0888000003330999
0FFF077708880888
0999055501110999
0888000004550999
0888055508880888
0AAA066608990888
0888022200000777
0666000007770999
0222099909990888
0AAA099A06660000
0999055600000444
0000000002220999
0000000001110000
0000000000000000
0000000000000000
0000000001110111
0111011100000000
0111000000000000
0000000001110111
0111011100000000
0000000000000000
0000011101110000
0111000000000000
0000000000000111
0000000001110000
0000000000000000
0000011101110000
0000000000000000
0000011101110000
0111000000000000
0000000000000111
0000000001110111
0000011101110000
0111000000000000
0000000000000111
0000011101110000
0111000000000000
0000000001110222
0111011100000000
0111000000000000
0000000001110111
0111011101110000
0000000000000000
0000000001110111
0111000000000000
0111000000000000
0111011100000000
0111011101110000
0111011100000111
0222000000000000
0000011102220444
0111000001110000
06550DDD0FFF0AAA
0000011102220333
0000011101110000
0000022209990333
0111010000000111
0000011101110111
0111000000000000
0000000000000000
0000000000000000
0000000000000000
0000000000000000
0000000000000000
0000000000000000
0000000000000000
0FFF099A00000000
0FFF033300000555
0000000000000AAA
0000000000000000
0000000000000000
0000000000000000
0000000000000000
0000000000000000
0000000000000000
0000000000000000
0000000000000000
0000000000000000
0000000000000000
0888011100000111
0000011101110777
0111011100000000
0777077705550222
0000000000000444
0222000000000000
0111000000000111
0000000001110111
0111011101110111
0000000000000010
0000011101110100
0000000000000111
0000011101110000
0111000000000000
0000000001110111
0000000001110111
0111011101110000
0000000000000000
0000000001110111
0111011101110000
0111000001110000
08880AAA00000111
0212000000000000
05550AAA07770999
08880AAA03330000
0666022205550777
0999066609990111
0888011100000555
0000011107770999
0110000000000000
0000000000000000
0000000001110111
0111011100000000
0000000000000000
0000000001110111
0111000000000000
0000011101110111
0111011100000000
0000000000000111
0000010100000000
0000000000000000
0000000000000000
0000000000000111
0000011100000000
0111000000000000
0000000000000111
0000011101110000
0000000000000000
0000000000000111
0000011101110000
0111001000000000
0000000000000111
0000011101110000
0111000000000000
0000000000000111
0000011101110000
0111000000000000
0000000000000111
0000011100000000
0111000000000000
0000000000000111
0111011101110000
0111000000000000
0000000000000111
0000000001110000
0111000001110000
0000044302220011
0000000000000000
0000000000000000
0000000000000000
0000000000000000
0000000000000000
0000000000000000
0000000000000000
0000000000000000
0000000001110111
0111011100000000
0111000000000000
0000000001110111
0CCC09990BBB0CCC
07770EEE04440888
0EEE03330EEE0777
0DDD033302220777
02220CCC05550222
0DDD02220CCC0333
0DDD077702220999
02220AAA0BBB0222
0777011104440CCC
099905550DDD0555
0AAA099902220BBB
044402220CCC0666
05550CCC06660555
011100000DDD0999
0000000001110111
0000000000000000
0111011100000000
0000000000000111
0000000001110000
0111000000000000
0000000000000111
0000000001110111
0111000000000000
0000000001110111
0111011100000000
0000000000000000
0000000001110111
0111000000000000
0000000000000111
0111000000000000
0000000000000111
0000011101110000
0111000000000000
0000000000000000
0000000001110111
0111011101110000
0000000000000000
0000000001110111
0111011100000000
0000000000000000
0000011102220111
0111011100000000
0000000000000000
0000011101110111
0111000000000000
0000000000000000
0000001000000111
0000011101110000
0111011101110111
0111011101110111
0100000001110111
0333033300000000
0111000001220222
0DDD022200000222
0222055509990FFF
0000000000000111
0111011101110111
0000066604440000
0000000000000110
0000000000000000
0000011101110000
0333033303330111
0000000000000333
0000000000000000
0000000000000000
0000000000000000
0000000000000000
0000000000000000
0CCC0DDD04330000
0FFF0DDD0BBB0ABA
0111000006660DDD
0000000000000000
0000000000000000
0000000000000000
0000000000000000
0000000000000000
0000000000000000
0333033303330222
0000000002220333
0000000000000000
0000000000000000
0666044400000000
0111011101110000
0000000000000000
0666033302110000
0000011105550888
0000000000000000
0111000001110111
0111000001110111
0111010001110111
0111000000000111
0000011100000111
0111000001110000
0000000000000000
0111011100000000
0111000000000111
0111000000000000
0000011101110111
0111000100000000
0111000000000111
0000000001110111
0111000000000000
0CCC0BBB00000000
044401110AAA09A9
0DDD033303330DDD
022206660CCC0222
0CCC055507770CCC
022203330EEE0233
09990BBB03320EEE
000008880EEE0555
0000011101110111
0000000000000000
0000000000000000
0000011101110000
0111000000000000
0000000000000111
0111011100000000
0000000000000111
0000011101110000
0000000000000000
0000000001110111
0000011100000000
0000000000000000
0000000000000000
0000000001110000
0000011100000000
0000000000000000
0000000001110111
0111011100000000
0000000000000000
0000000001110111
0000011100000000
0000000000000000
0000000000000111
0111011101110000
0000000000000000
0000000001110111
0111011100000000
0000000000000111
0000000001110111
0111011100000000
0111000000000000
0000000001110111
0000011101100000
0111000000000000
0000000000000000
0111000000000111
0000033302120111
0000000000000000
0000000000000000
0000000000000000
0000000000000000
0000000000000000
0000000000000000
0000000000000000
0111011100000000
0000000000000000
0000000001110110
0111011100000000
0111000000000000
0222022205550EEE
06660EEE05550000
0BBB033308880777
0DDD022200000111
00000BBB06660000
0CCC03330DDD0000
0999088800000111
000008880AAA0000
0899088805550CCC
099904440EEE0666
0999088800000666
000000000AAA0888
06660DDD08770111
0111000008880888
0000000000000000
0000000000000000
0000011101110000
0111000000000000
0000000000000111
0001011100000000
0111000000000000
0000000000000111
0000011101110000
0000000000000000
0000000001110000
0111011100000000
0000000000000000
0111011100000000
0000000000000000
0111022201110000
0000000000000000
0000000001110111
0000011101110000
0111000000000000
0000000000000111
0000000001110111
0111011100000000
0000000000000111
0000011101110000
0111000000000000
0000000001110111
0000011101110000
0111011100000000
0000000000000111
0000000001110000
0000000000000000
0000000001110000
0100011000000000
0000011101110000
0111011101110100
0000011101110111
0221033304440111
0111011100000111
0DDD0FFF05550000
0000022203330666
0444044400000000
0111011101110000
0100000000000111
0000000000000000
0111011101100110
0333000001110111
0BBB0AAA0CCC0CCC
0000000008880EEE
0000000000000000
0000000000000000
0000000000000000
0000000000000000
0000000000000000
0000000000000000
0FFF0CCC00000111
0000000000000333
0000000000000000
0000000000000000
0000000000000000
0000000000000000
0000000000000000
0777000000000000
0AAA0AAA0AAA0EEE
0000000007770AAA
0111011101110000
0000000000000000
0000000000000000
0000011101110001
0000044407770000
0333011101110000
0222076608770555
0000000000000000
0000011101110000
0100011101110000
0111011101110111
0111011100000000
0000000001010000
0000011101110000
0000000000000000
0000011101110111
0000010000000000
0000011101110000
0000000000000111
0111011101110000
0111011100000000
0000000000000000
0000000000000111
01110EEE03330000
0666000000000000
0DDD022200000BBB
000001110EEE0333
0999066705550BBC
011100000BCB0444
07770DDD03330DDD
0000044409990666
0000000000110111
0000011101110000
0000000000000000
0000000000000111
0111011101110000
0000000000000000
0000011101110000
0000000000000000
0000000001110100
0111000000000000
0000000000000111
0000000001110000
0000011100000000
0111000000000000
0000000000000111
0000011101110111
0111000000000000
0000000000000111
0000011101110000
0111011100000000
0000000000000111
0000000001110111
0111011100000000
0000000000000000
0000000001110111
0111011100000000
0000000000000000
0000011101110111
0111000000000000
0000000000000111
0000011101110000
0111011100000000
0000000000000000
0000011101110111
0000011100000000
0111011100000000
0112000000000000
0000033302220111
0000000000000000
0000000000000000
0000000000000000
0000000000000000
0000000000000000
0000000000000000
0000000000000000
0000011101110000
0111000000000000
0000000000000111
0000000001110000
0333000000000000
0000000001110EEE
06660AAA02230000
0DDD011205550677
0DDD044400000222
08880AAA03330000
0DDD022208880999
0999088800000222
000008880BBB0000
08880BBB05550DDD
0AAA03330DDD0555
0888099900000666
0AAA07770BBB0444
06660AAA04440666
0000000004440888
0000011100000000
0111000000000000
0000000000000111
0111011100000000
0000000000000000
0000000001110111
0111011101000000
0000000000000000
0000000000000111
0111000000000000
0000000000000111
0000011101110000
0000000000000000
0000000001110111
0111000000000000
0000000001110111
0111000000000000
0000000000000000
0000000001110000
0111011101110000
0111000000000000
0000000000000111
0111011101110000
0000000000000000
0000000001110111
0111011100000000
0000000000000000
0000000001110111
0000011101110000
0111000000000000
0000000000000000
0000000001110000
0000000000000000
0111011100000000
0111011101110111
0111011101110111
0111000001110000
0111011103330444
0000000001110000
05550BBB0FFF0999
0000000001110222
0CCC044401110111
0111000000000888
0100011101110111
0111000000000000
0111011101110111
0666000001110111
0000000001110AAA
000002220FFF0BBB
0000000000000000
0000000000000000
0000000000000000
0000000000000000
0000000000000000
0000000000000000
0666055500000000
0000000000000000
0000000000000000
0000000000000000
0000000000000000
0000000000000000
0000000000000000
0CCC000000000000
0000000000000BBB
0000000000000000
0000011100100111
0000000000000000
0111000000000000
0111000000000000
0000011109990999
0111000000000000
0777077705550222
0000000000000333
0222000000000000
0000010000000000
0100011101110110
0000011101110000
0111000000000000
0111000000000111
0111000000000000
0000000001110111
0000011100000000
0000000001110111
0000000001110000
0000000001110111
0000011101110111
0111011100000000
0000000000000101
07770DDD03330000
0777022208880777
0CCC044400000AAA
0888088809990111
0888099902210EEE
033300000CCC0666
0777088801110DDD
0000000008880666
0000000000000000
0000000001110111
0111011101000000
0000000000000000
0000000001110111
0111000000000000
0000000000000111
0111000000000000
0000000000000111
0000011101110000
0111000000000000
0000000000000000
0000000001110000
0000011100000000
0111000000000000
0000000000000111
0000011101110000
0000000000000000
0000000001110111
0000011101110000
0111000000000000
0000000000000111
0000011101110000
0000000000000000
0000000000000101
0000011101110000
0111000000000000
0000000001110111
0111011100000000
0000000000000000
0000000000000111
0000011101110000
0111000000000000
0000000001010111
0000000001110000
0000011101110000
0222000000000000
0000033302220111
0000000000000000
0000000000000000
0000000000000000
0000000000000000
0000000000000000
0000000000000000
0000000000000000
0000000000000111
0111022201110000
0000000000000000
0000000001110111
0111011101110000
0000000001110333
0555022200000000
0333000000000555
0333022200000000
0555022200000000
0333000000000555
0222022200000111
0000022203330000
0555000001110333
0222011103330555
0222022200000111
0444066603330000
0666033300000000
0000000000000555
0000000001110000
0111011101110000
0000000000000000
0000000001110000
0111011100000000
0000000000000111
0000000001110110
0111000000000000
0000000000000111
0111011101110000
0000000000000000
0000000001110222
0111011100000000
0000000000000111
0000011101110000
0000000000000000
0000011101110000
0111000000000000
0000000000000111
0000000001110111
0111011101110000
0111000000000000
0000000001110111
0111011100000000
0000000000000111
0000011102220000
0111011100000000
0111000000000000
0000000001110111
0000011101110000
0111011100000000
0111000000000111
0111000000000111
0111000000000111
0000000000000111
0111000001110000
0444000000000111
0000011102220222
0999011100000111
022205550AAA0FFF
0111000000000111
0111000001110111
000002220AAA0999
0110011101110111
0111011101110111
0100011101110111
0000011100000000
0555033303330000
0000000007770DDD
0000000000000000
0000000000000000
0000000000000000
0000000000000000
0000000000000000
0000000000000000
0000000000000000
0000000000000000
0000000000000000
0000000000000000
0000000000000000
0000000000000000
0000000000000000
0FFF022200000000
0CCC0AAA0AAA0CCC
0000000000000777
0000000000000000
0000000000000000
0000000000000000
0CCC044400000000
0000000000000666
0000000000000000
0877044402220000
0000000005450888
0000000000000000
0111000000000222
0000011001110110
0111011101110000
0111011100000111
0000000000000000
0111011100000000
0000000000000000
0110011101110000
0000000000000000
0000000001110111
0111000000000000
0000000000000222
0000011101110111
0111011100000000
0444033301100111
0222022205550444
0333011100000222
0666066606670111
0222033302220DDD
0111000003330222
0555000000000333
0111000002220555
0111000000000000
0000000000000000
0000000001110111
0222011100000000
0000000000000111
0111011100000000
0000000000000000
0111011101110000
0110000000000000
0000000001110111
0000011100000000
0111000000000000
0000000000000111
0000011101110111
0111011100000000
0000000000000000
0000000001110111
0111011100000000
0000000000000111
0000000001110111
0111011100000000
0111000000000000
0000000001110111
0000011101110000
0111000000000000
0000000001110111
0111011100000000
0000000000000000
0000000001110111
0111011100000000
0111000000000111
0000000000000111
0111011100000000
0000000000000000
0100000000000111
0000000000000111
0222000001110000
0000033302220111
0000000000000000
0000000000000000
0000000000000000
0000000000000000
0000000000000000
0000000000000000
0000000000000000
0000000000000111
0000000002220111
0111011100000000
0000000000000111
0000000001000111
0111000000000000
0000000000000000
0000000000000000
0000000000000000
0000000000000000
0000000000000000
0000000000000000
0000000000000000
0000000000000000
0000000000000000
0000000000000000
0000000000000111
0000000000000000
0000000000000000
0000000000000000
0000000001110000
0000000000000000
0000000000000000
0000011100000000
0000000000000000
0000000000000000
0000011100000000
0000000000000000
0000000001110000
0111000000000000
0000000000000000
0000000000000000
0000000000000000
0000000001110111
0000000000000000
0000000000000000
0000011100000000
0000000000000000
0000000000000000
0000011101110000
0111011100000000
0000000000000111
0111011101110000
0000000000000000
0000000001110111
0000011101110000
0222011100000000
0000000000000000
0000000001110111
0000011101110000
0111011100000000
0000000000000000
0000011101110000
0111011101110111
0000000101000000
0222033300000000
0111000001100111
0FFF0CCC02220110
0000022204440999
0000000000000000
0000011101110111
0000044405550000
0111011101110111
0111011101110111
0000011101110111
0000000000000000
0DDD0BBB0AAA0111
0000000000000BBB
0000000000000000
0000000000000000
0000000000000000
0000000000000000
0000000000000000
0000000000000000
0000000000000000
0000000000000000
0000000000000000
0000000000000000
0000000000000000
0000000000000000
0000000000000000
0888022200000000
0999011101110111
0000000003330FFF
0000000000000000
0000000000000000
0000000000000000
0233066600000000
0000000000000000
0000000000000000
0333021100000000
0000055509980776
0000000000000000
0100000002220111
0000000000000000
0111010000000111
0000011101110111
0000000001110111
0000000000000000
0000000000000000
0000000001110111
0222000000000000
0000000000000111
0222022201110000
0111000000000000
0000000002220222
0110011100000000
0000000000000000
0000000000000000
0000000000000000
0888088806660000
0000000000000444
0000000000000000
0000000000000000
0000000000000000
0000011100000000
0000000000000000
0000000000000000
0000011100000000
0000000000000000
0000011101110000
0000000000000000
0000000000000000
0111000000000000
0000000000000000
0000000000000000
0000011100000000
0000000000000000
0000000000000111
0000000001110000
0000000000000000
0000000000000000
0000011100000000
0000000000000000
0000000000000000
0000000001110000
0111011100000000
0000000000000000
0000000001110000
0111000000000000
0000000000000111
0000011001110000
0100000000000000
0000000000000111
0000011101110000
0111011100000000
0000000000000000
0000011101110111
0111000000000000
0111011100000000
0111000000000111
0222000001110111
0000033302220111
0000000000000000
0000000000000000
0000000000000000
0000000000000000
0000000000000000
0000000000000000
0000000000000000
0111000000000000
0000000000000111
0000011101110000
0111000000000000
0000000000000000
0111011101110111
0222022201110111
0222022202220212
0222022202220221
0222022202220222
0333022202220222
0333033302220222
0222033303330333
0222022202220222
0333033303330222
0333033303330333
0333033303330433
0333033303330322
0333033303330333
0232022202220333
0222022202220333
0333033302220222
0222022202220333
0222022202220222
0333022202220222
0222022202220222
0222022202220222
0222022202220222
0222022202220222
0222022202220222
0222022202220222
0222022202220222
0222022202220222
0111022102220222
0111011101110222
0222012201110111
0111011102220222
0111022201110111
0111011100000111
0111000001110221
0111011101110111
0000000000000000
0000011101110111
0111011100000000
0000000000000000
0000000001110111
0000011102220000
0111011100000000
0000000000000000
0000000001110111
0000011100000000
0010000001110000
0000000000000000
0010000000000000
0000011100000111
0111022204440111
0000011100000000
08880FFF0CCC0111
0000000002220444
0222033300000000
0111011101110000
0111000000000111
0111011101110111
0111011101110111
0111011101110111
0222033300000000
0777000000000000
0000000001110FFF
0000000000000000
0000000000000000
0000000000000000
0000000000000000
0000000000000000
0000000000000000
0000011100000000
0000000000000000
0000000000000000
0000000000000000
0000000000000000
0000000000000000
0000000000000000
0000022200000000
0888000000000000
0000000002220FFF
0000000000000000
0000000000000000
0000000000000000
0000000000000000
0000000000000000
0000044402220000
0222000000000000
0555088806660333
0000000000000000
0000022200000000
0111011000000000
0111000000000000
0111000001110111
0000000001110111
0000000000000000
0111011100000000
0000000000000111
0111011101110000
0000000000000000
0000011102220111
0222011100000000
0000000000000111
0000000002120110
0111011101110000
0111011102220222
0222022202220222
0212022201110222
0333033302220111
0333033303330333
0333033303330333
0222022203330333
0333033303330333
0222033302220222
0222022202220222
0222033303320222
0222022202220222
0222022202220222
0333022202220222
0222022202220222
0222022202220222
0222022202220222
0222022203330333
0222022202220222
0222022202220222
0222022202220222
0222022203330222
0222022202220222
0222011101110222
0111011202220222
0222022202220211
0222022201110222
0111011101110222
0111011101110111
0111011101110111
0111011101110222
0111011101110111
0000000000000000
0000000000000111
0111011100000000
0000000000000000
0000000001110111
0000011101110000
0000000000000000
0000000001110111
0000011101110000
0111011100000000
0111011100000000
0222000000000111
0000033302220111
0000000000000000
0000000000000000
0000000000000000
0000000000000000
0000000000000000
0000000000000000
0000000000000000
0111011100000000
0000000000000000
0000000001110111
0000011100000000
0111000000000000
0111011101110111
0222022202220222
0222022202220222
0222022202220111
0222022202220222
0222033303330333
0333033302220222
0333022202220222
0222022203330333
0333033303330222
0333033303330232
0333032203330333
0222022203330333
0333033303330222
0222033303330233
0222022202220222
0222033303330333
0333033303330222
0222022202220222
0333033303330322
0222022202220222
0222022202220333
0222022202220222
0222022202220222
0222022202220333
0222022202220222
0222022202220222
0222022201110222
0222022202220111
0222022202220222
0222022202220222
0111011101110222
0111022202220222
0111011101110111
0111000001110111
0001011101110111
0111000000000000
0000000000000111
0000011101110000
0212011100000000
0000000000000111
0000000001110111
0000011101110000
0111000000000000
0000000000000111
0000000001110000
0000011101110000
0000000000000000
0111000000000000
0000000000000000
0000011103330333
0111000000000000
033305550EEE0DDD
0111000000000222
0BBB044400000111
0111011101110555
0110011101110111
0100010000000000
0110010001100101
0111011101110111
0FFF0CCC00000000
0EEE055505550555
0111000000110DDD
0000000000000000
0000000000000000
0000000000000000
0000000000000000
0000000000000000
0000000000000000
0000022200000000
0000000000000000
0000000000000000
0000000000000000
0000000000000000
0000000000000000
0000000000000000
0BBB0EEE03330000
0FEF055504440444
0000000000000AAA
0000000000000000
0000000000000000
0000000000000000
0000000000000000
0000000000000000
0000044409990555
0000000000000000
0888066503330222
0000000000000555
0222000000000000
0111011100000111
0111011101110000
0000011100000000
0000000000000111
0000000000000000
0000011101110000
0000000000000000
0000000001110111
0222011100000000
0000000000110222
0000022201110000
0111000000000000
0000000000000111
0222022202220111
0222022201110111
0222022202220222
0222022202220222
0222022202220222
0333033303330322
0333033303330333
0333022202220222
0333033302220333
0222022203330333
0222022203330222
0333022202220222
0222022202220222
0222022202220222
0222033303330333
0222033302220222
0222022203330333
0333033302220222
0333022202220333
0222022202220333
0222023202220222
0333022202220222
0222022202220222
0222022202220222
0222022202220222
0111011102220222
0222022202220222
0222022202220222
0222011101110222
0111011101110111
0111022201110111
0111011101110111
0111011101110111
0111011100000000
0000000000000000
0000011101110000
0222000000000000
0000000000000111
0000000001110111
0111000000000000
0000000000000101
0000000001110111
0000010001110000
0000011101110000
0222000000000000
0000033302220111
0000000000000000
0000000000000000
0000000000000000
0000000000000000
0000000000000000
0000000000000000
0000000000000000
0000011101110000
0111000000000000
0000000000000111
0000000001110111
0100011100000000
0000000000000000
0000000000000000
0000000000000000
0000000000000000
0111000000000000
0000000000000111
0000000000000000
0000000000000000
0000000000000000
0000000001110111
0000000000000000
0000000000000000
0000000000000000
0000000000000000
0000000000000000
0000000000000000
0000000000000010
0000011101110000
0000000000000000
0000000000000000
0000000000000000
0000000000000000
0000011100000000
0000000000000000
0000000000000111
0111011100000000
0000000000000000
0000000000000000
0000000000000000
0111011100000000
0000000000000000
0000000000000000
0000000000000000
0000011101110111
0111000000000000
0000000000000111
0111011100000000
0000000000000000
0000000001110111
0000011101110000
0111001100000000
0000000000000000
0000000001110111
0111011101110000
0000000000000000
0000000001110111
0000000000000000
0000000000000000
0000000000000000
0333000000000000
0000011101110333
0CCC022200000111
0111033307770DDD
0111000000000000
0222000001110111
0111011101110666
0000011001110111
0111010000100000
0111001001110111
0111011101110111
0999022200000111
0888099909990999
0221011100000111
0000000000000000
0000000000000000
0000000000000000
0000000000000000
0000000000000000
0000000000000000
0000000000000000
0000000000000000
0000000000000000
0000000000000000
0000000000000000
0000000000000000
0000000000000000
0999044400000000
0777099909990999
0000000000000000
0000000000000000
0000000000000000
0000000000000000
0000000000000000
0111000000000000
0000000000000444
0000000000000000
0666044402220000
0000000005550999
0111000000000000
0111011100000222
0000000001110111
0000000001110000
0111000000000000
0111000000000111
0000000000110000
0111011100000000
0000000000000000
0111022201110000
0111000000000000
0000000001110333
0111022200000000
0100000000000000
0000000002220222
0000000000000000
0100000000000000
0000000000000000
0000000000000000
0000000000000000
0000000000000000
0000011100000000
0000000000000000
0000000000000000
0000000001110111
0000000000000000
0000000100000000
0000000000000000
0000000000000111
0000000000000000
0000000000000000
0000011100000000
0000000000000000
0000000000000000
0000000001110000
0000000000000000
0000000000000000
0000000001110111
0000011100000000
0000000000000000
0000000000000000
0000011100000000
0000000000000000
0000000000000000
0000000000000000
0000000000000000
0000011100000000
0111000000000000
0000000000000000
0000000001110111
0000011100000000
0111000000000000
0000000000000111
0000011101110000
0111000000000000
0000000001110111
0000000000000111
0000000001110111
0222000001110000
0000033302220111
0000000000000000
0000000000000000
0000000000000000
0000000000000000
0000000000000000
0000000000000000
0000000000000000
0000000001110111
0000011100110000
0111000000000000
0000000000000111
0000000001110111
0000011100000000
0000000000000000
0111000000000000
0000000001110111
0111011101110000
0100000000000000
0000000001000111
0000011101010000
0111012200000000
0000000000000111
0000000001110111
0000011100000000
0111000000000000
0000000000000111
0000000001110111
0000011101110000
0000000000000000
0000000001110111
0111011100000000
0000000000000000
0000011101110000
0000000000000000
0000000001110222
0111011100000000
0000000000000000
0000000001110111
0111000000000000
0000000000000111
0000000001110111
0000011101110111
0000000000000000
0000011101110000
0111000000000000
0000000000000111
0111011100000000
0000000000000000
0000011101110111
0111000000000000
0000000000000000
0000000001110111
0000022201110000
0111011100000000
0000000000000000
0000000001110111
0111000000000000
0000000000000111
0000000000000000
0000000001110000
0000000000000000
0222011100000000
0111000001010111
0FFF0DDD02220000
0000011103330877
0222044400000000
0111011101110000
0111011101110000
0111011101110111
0111011101110111
0111011101110111
0000000000110111
0000000000000000
0000000000000000
0211000000000000
0000000000000000
0000000000000000
0000000000000000
0111011100000000
0222011101110111
0111022202220222
0111011101110111
0222022201110111
0111022202220222
0000011101110111
0000000000000000
0000000000000000
0000000000000000
0000000000000000
0000000000000000
0000000000000000
0000000000000000
0000000000000000
0000000000000000
0000000000000000
0000000000000000
0000000000000000
0000044402220000
0333022200000000
0000044409990777
0000000000000000
0111000001110111
0111011000000111
0000000000000001
0000011101110000
0101000000000000
0000000000000111
0000011101110000
0111000000000000
0000000001110222
0222011100000000
0000000000000111
0000000002220111
0222011100000000
0000000001010111
0000000001110111
0000011101110111
0000011101110000
0111000000000000
0000000000110111
0000011101110111
0000011102220111
0000000000000000
0111011100000000
0000000000000111
0000011101110000
0000000001110000
0111011101110111
0000000000000000
0000000000000010
0000011100000011
0000000001110001
0111000000000000
0111000000000000
0000000001110222
0000000001110111
0222011100000000
0000000000000111
0000011101110111
0111011100000000
0000000000000111
0000000001110111
0000011101110000
0000011101110000
0000000000000010
0000000000000000
0000000000000111
0000011101110000
0111000000000000
0000000000000111
0000000001110111
0111022200000000
0000000000000000
0000000001110111
0111022200000000
0110000000000000
0111011100000111
0111000000000000
0222000000000111
0000033302220111
0000000000000000
0000000000000000
0000000000000000
0000000000000000
0000000000000000
0000000000000000
0000000000000000
0000000000000111
0000000001110111
0111011100000000
0111000000000000
0000000000000111
0000000001110000
0000000000000000
0111011000000000
0000000000000111
0000011101110111
0111011100000000
0000000000000000
0000000001110111
0000011100000000
0111000000000000
0000000000000000
0000000001110111
0110011100000000
0111000000000000
0000000000000000
0000000001110000
0000000000000000
0000000000000000
0000011101110000
0000000000000000
0000000001110100
0111000000000000
0000000000000111
0000011101110000
0111000000000000
0000000000000111
0111011100000000
0111000000000000
0000000000000111
0000000000000111
0111000000000000
0000000000000111
0011011101110000
0000000000000000
0000000001110111
0111000000000000
0000000001110111
0000011101110000
0111000000000000
0000000000000111
0000000001110111
0000011101110000
0111000000000000
0000000000000111
0222000000000000
0000000000000000
0000000000000000
0111000001110000
0111000000000000
0111033301110000
0111011100000111
08880FFF0BBB0111
0000000002220333
0999033301110111
0111011101110555
0110011101110111
0111011101110111
0111011101110111
0111011101110111
0000000000000000
0000000000000000
0000000000000000
0100000000000000
0000000000000100
0000000000000000
0222011101110111
0111011102220222
0111011102220111
0111011101110111
0111011101110111
0111011101110111
0111011101110111
0111011101110111
0111011101110111
0000000000000111
0000000000000000
0000000000000000
0000000000000000
0000000000000000
0000000000000000
0000000000000000
0000000000000000
0000000000000000
0000000000000000
0111000000000000
0000033309990777
0211000000000000
04440AAA08870333
0000000000000000
0000011101110000
0110000000000000
0000000000000000
0000010001110111
0000000001110000
0000000000000111
0000000000000111
0111011100000000
0000000000000111
0000022202220000
0222000000000000
0000000001100222
0111011101110000
0000011100000000
0111000000000111
0000000001110111
0000000000000000
0111011100000000
0000000000000000
0000011101110111
0000000000000000
0000000000000111
0000000000000000
0111000000000000
0000000001110111
0111000000000000
0000000000000111
0000000001110000
0000000000000000
0000000000000000
0000000000000000
0000000000000000
0000000000000000
0000000000000000
0000000000000000
0000000000000000
0000000000000000
0000000000000111
0111011100000000
0111000000000000
0000000000000000
0000000000000000
0000000000000111
0000000000000000
0000000000000000
0000000000000000
0000000000000111
0111011100000000
0111000000000000
0000000000000111
0000011101110000
0111011100000000
0000000000000111
0000011101110111
0111000000000000
0000000000000111
0000011101110000
0222000000000000
0000033302220111
0000000000000000
0000000000000000
0000000000000000
0000000000000000
0000000000000000
0000000000000000
0000000000000000
0111000000000000
0000000000000111
0000000001110111
0111011100000000
0000000000000000
0000000000000111
0000000000000111
0000011101110000
0111010100000000
0000000000000111
0000000000000000
0111000000000000
0000000000000111
0000000001110111
0000001100000000
0111000000000000
0000000000000111
0000000001110000
0000000000000000
0000000000000000
0000000000000111
0000000001110000
0000000000000000
0000000001110111
0111000000000000
0000000000000111
0000011101110000
0000000000000000
0000000000000111
0111011100000000
0000000000000000
0000000001110111
0111011101110000
0000000000000000
0000000000000000
0111000001110000
0111000000000000
0000000001110111
0111000000000000
0000000000110111
0111011100000000
0000000000000000
0000000001110111
0111011101110000
0111000000000000
0000000000000111
0000000001110111
0111011100000000
0000000000000000
0010011100000000
0000000000000000
0111011100000000
0000000000000000
0000000000000000
0111011104440111
0000022200000000
044409990FFF0999
0000000000000222
0111000001110111
0111011101110444
0111011101110111
0111011101110111
0111011101110111
0000011101110111
0000000000000000
0000000000000000
0000000000000000
0000000000000000
0000000001100110
0111011101110000
0111011101110222
0222022202220212
0111011101110121
0111011101110111
0111011101110111
0111011101110111
0111011101110111
0111011101110111
0111011101110111
0000000001110111
0000000000000000
0000000000000000
0000000000000000
0000000000000000
0000000000000000
0000000000000000
0000000000000000
0000000000000000
0000000000000000
0333000001110000
0000000000000444
0000000000000000
0AAA099903330222
0000000000000333
0000022200000000
0000000000000000
0111011100000000
0000000000000111
0000011101110111
0000000001110000
0000000000000000
0000011101110111
0111000000000000
0000000001110222
0222022201110000
0111000000000000
0000000001110111
0000011101110000
0111011100000000
0000000000000000
0000000000000111
0000011101110111
0111000000000000
0000000000000111
0000000000000000
0000000000000000
0000000000000111
0111011100000000
0000000000000000
0000011100000000
0000000000000000
0000000000000000
0000000000000000
0000000000000000
0111000000000000
0000000000000111
0000000000000000
0000000000000000
0000000000000000
0000000000000000
0000000000000000
0000000000000000
0000000001110000
0000011101110000
0000000000000000
0000000000000000
0111000000000000
0000000001110111
0000011101110000
0111000000000000
0000000000000000
0000000001110111
0111011100000000
0111000000000000
0000000001110111
0000011101110000
0111000000000000
0000000001110111
0000011101110000
0000000000000000
0000000001110000
0222000000000000
0000033302220111
0000000000000000
0000000000000000
0000000000000000
0000000000000000
0000000000000000
0000000000000000
0000000000000000
0000011101110000
0222000000000000
0000000000000111
0000011101110000
0111011100000000
0000000000000000
0111000000000000
0000000001110111
0111011100000000
0000000000000000
0000000001110111
0111011101110000
0111000000000000
0000000000000111
0000000001110001
0111011100000000
0111000000000000
0000000000000111
0000000000000111
0000000000000000
0000000000000000
0000000000000111
0111000000000000
0000000000000000
0000000000000000
0000000000000000
0000000001110111
0111011100000000
0000000000000111
0000000001110000
0111000000000000
0000000000000111
0000011101110111
0000011101110000
0000000000000000
0000000000000000
0000000000000000
0000000000000000
0000011101110000
0000000000000000
0000000001110111
0111000000000000
0000000000000111
0000000001110111
0111011100000000
0111000000000000
0000000000000111
0000000001110111
0000011100000000
0000011101110000
0000000000000000
0000000000000010
0000000000000000
0000000000000000
0000011102220333
0666000002220111
022205550DDD0FFF
0111000000000000
0111011101110111
0111011101110000
0111011101110111
0111011101110111
0111011101110111
0000000001110111
0000000000000000
0000000000000000
0000000000000000
0000000000000000
0111011101000000
0211022102220222
0222011201110111
0221022202210222
0111011101110222
0111011101110111
0111011101110111
0111011101110111
0111011101110111
0111011101110111
0111011101110111
0111000000000111
0111000000000111
0000011101110111
0000000000000000
0000000000000000
0000000000000000
0000000000000000
0000000000000000
0000000000000000
0000000000000000
0000000000000000
0000000000000000
0000000000000000
0AAA055502220100
0000000001110999
0222000000000000
0000000000000000
0110011100000000
0111011100000000
0111011100100000
0000011101110000
0000011100000000
0000000000000000
0222022200000000
0000000000000111
0000011102220111
0111011100000000
0111000000000111
0000000001110111
0000011101110000
0111000000000000
0000000000000000
0000000000000000
0000011101110000
0000000000000000
0000000000000111
0111011100000000
0000000000000110
0000011101110111
0111000000000000
0000000001110111
0000000000000000
0000000000000000
0000000000000111
0000000000000000
0000000000000000
0000000000000000
0000000000000000
0000000000000000
0000000000000000
0000000000000000
0000000000000000
0000000000000000
0000000000000000
0000000001110000
0000000001110000
0000000000000000
0000000000000000
0000000000000000
0000000001110000
0000000000000000
0111000000000000
0000000000000000
0000011101110000
0111011100000000
0000000000000111
0000000001110111
0111011100000000
0000000000000000
0000000001110222
0111022200000000
0000000000000000
0222000001110111
0000033302220111
0000000000000000
0000000000000000
0000000000000000
0000000000000000
0000000000000000
0000000000000000
0000000000000000
0000000001110111
0111022201110000
0111000000000000
0000000001110111
0000011101110000
0555066606660444
0111011100000000
0000000000000111
0000000001110111
0111000000000000
0000000000000000
0000000001110111
0111011100000000
0111000000000000
0000000000000000
0000000001110111
0111011100000000
0111000000000000
0000000000000000
0000000001000000
0111000000000000
0000000000000000
0000000000000000
0000000000000000
0000000000010011
0000000000000000
0000000000000000
0000001101110000
0111000000000000
0000000000000000
0000011101110000
0111011100000000
0000000000000111
0000011101110111
0000055502220000
0777066606660111
0666011100000666
0000000003330666
0333011100000111
0444000000000000
0222022201110333
0111044401110000
0111000000000000
0000000000000111
0000000001110111
0111011100000000
0111000000000000
0000000000000111
0000000001110100
0000000001110000
0111000000000000
0000000001110111
0000000000000000
0222000000000000
0000000001110222
0FFF055500000111
0111033306660CCC
0000033307770111
0111021101110000
0111011101110111
0111011101110111
0111011101110111
0111011101110111
0000000000000000
0000000000000000
0000000000000000
0000000000000000
0000000000000000
0222011102220111
0222022202220111
0222022202220222
0111021101110111
0111011102220212
0111011101110111
0111011101110111
0111011101110111
0111011101110111
0111011101110111
0111011101110111
0111011101110111
0111011101110111
0000011101110111
0000000000000000
0000000000000000
0000000000000000
0000000000000000
0000000000000000
0000000000000000
0000000000000000
0000000000000000
0000000000000000
0555066600000000
0666033301110000
0000000008880BBA
0111000000000000
0000000000000111
0000000001110111
0000011101110111
0111000000000000
0000011100000000
0000011101110000
0000000000000000
0000011101110111
0222000000000000
0000000001010222
0000011101110000
0222011100000000
0666022200000111
0444000003330666
0000022204440222
0666066606660111
0000000004440666
0000011101110111
0000000000000000
0000000000000000
0000011101110000
0111000000000000
0000000000000111
0111011100000000
0000000000000000
0000011101110000
0000000000000000
0000000000000000
0000000000000000
0000000000000000
0000000000000000
0000000000000000
0000000000000000
0000000000000000
0000000000000000
0000000000000000
0000011100000000
0000000000000000
0000000000000111
0000000001110111
0000055506660444
0666066602220000
0666011100000111
0222000000000444
0000011106660666
0000011101000000
0000000000000000
0000000000000111
0000011101110000
0111011100000000
0000000000000111
0000011101110000
0111011100000000
0000000000000111
0000011101110000
0111000000000000
0222000000000111
0000033302220111
0000000000000000
0000000000000000
0000000000000000
0000000000000000
0000000000000000
0000000000000000
0000000000000000
0000000000000111
0000000001110111
0222011100000000
0000000000000111
0000000001110111
0999055508880DDD
0111011100000AAA
0111011100000110
0000000000000111
0111000000000111
0000011100000111
0000000001110111
0000000001110000
0000011100000000
0111011100000000
0000000000000111
0000000001110111
0000011100000000
0111000000000000
0000000000000111
0000000000000000
0000000000000000
0000000000000000
0000000000000000
0000000000000100
0000000000000000
0100010001000000
0000000000000100
0000000000000000
0000000000000000
0000000000000000
0000000000000000
0100000000000000
0000000000000111
00000FFF0CCC0111
066605550DDD0444
0888099A00000555
000004440BBB0666
0CCC044400000111
0AAA001000000000
0ABB088800000555
00000DDD03330000
0000011101110000
0111000000000000
0000000000000222
0000000001110111
0111011100000000
0111000000000000
0000000000000111
0000000000000222
0000000000000000
0000000000000000
0000000000000000
0333022200000000
0111000000000000
0DDD0EEE02220000
0000001003220777
0BBB0DDD08880111
0110000001110777
0111011101110111
0111011101110111
0111011101110111
0000000000000111
0000000000000000
0000000000000000
0000000000000000
0000000000000000
0222011100000000
0111011102210222
0222022202220222
0222022202220222
0111011101110111
0111011101110111
0111011101110111
0111001001110111
0111011101110111
0111011101110111
0111011101110111
0111011101110111
0111011101110111
0000000001110111
0000011101110111
0000000000000000
0000000000000000
0000000000000000
0000000000000000
0000000000000000
0000000000000000
0000000000000000
0000000000000000
0222000000000000
04540BBB0DDD0888
0444011100000000
000006660BBB0888
0000000000000000
0000000000000222
0000000000000000
0111000001110111
0000000001110111
0111011100000000
0000000001100000
0111011100000000
0000000000000111
0222022201110000
0111000000000000
0000000001110111
0001011101110000
06660AAA04440000
033404440BBB0555
000005550BBB0222
0DDD088806660222
0333000003330666
0000000000000111
0000011100000111
0222000000000000
0000000000000111
0111011100000000
0000000000000000
0000000001110111
0000000000000000
0000000000110111
0000000000000000
0100010000000000
0000010000000100
0000000000000000
0100010001000000
0100010000000100
0100010001000100
0000000000000110
0000000000000000
0000000000000000
0000000000000000
0000000000000000
0111000000000000
0777000000000000
0999089905550AAA
066605550CCC0333
0888066601110CCC
0AAA055503330999
02220BBB07770666
0000000001110000
0111011100000000
0000000000000000
0000000002220111
0111011100000000
0000000000000000
0000000001110222
0000010101110000
0111000000000000
0000000000000111
0111022200000000
0222000000000000
0000033302220111
0000000000000000
0000000000000000
0000000000000000
0000000000000000
0000000000000000
0000000000000000
0000000000000000
0222011100000000
0000000000000111
0111011101110000
0111000000000000
0000000001010111
0767000004440CCC
099909AA02220DDD
0777099904440999
011104440DDD0000
0888088803330CCC
0CCC055504440999
0111000005550AAA
0000000000000111
0000000001110111
0000011101110000
0111000000000000
0000000000000111
0000000001110000
0111011100000000
0711050100000000
0511051105110401
0611061106110511
0401071108110511
0711071107110811
0811081108110811
0B61063009400A30
0C710C710B610B61
07500DA00DA00C81
0222022201110000
0111011101110111
0111011101000111
0000011101100111
0111000000000000
0000000000000000
00000CCC05450AAA
088807770EEE0444
01110DDD00000222
000007770AAA0000
0AAA044400000000
0666044409990111
0DDD099900100AAA
0000077708880111
0000000001110111
0111011101110000
0111000000000000
0000000000000111
0000011101110000
0111011100000000
0111000000000000
0000000000000222
0000000000000000
0000000000000000
0000000000000000
0111033301110000
0111011100000111
09990EEE0BBB0000
0000000001110444
0555011100000111
02220AAA0DDD0CCC
0110011101110000
0000000001110111
0000000000000000
0000000000000000
0000000000000000
0000000000000000
0000000000000000
0000000000000000
0222022202220111
0222022202220222
0222022202220222
0222022202220222
0111022202220222
0221022202220222
0111022202220222
0111000001110111
0111011101110111
0111011101110111
0111011101110111
0111011101110111
0111011101110111
0111011101110111
0111000000000111
0000000000000111
0000000000000000
0000000000000000
0000000000000000
0000000000000000
0000000000000000
0000000000000000
0000000000000000
0DDD0BBB05550000
0200000003330999
0222000001000701
03330BBB0AAA0544
0000000000000000
0000000002220000
0111000000000000
0111011101110111
0111000000000111
0111000000000111
0000000000000000
0111011101110000
0000000000000000
0000011102220111
0222011100000000
0000000000000111
0000000001110111
0000088808880000
0666078707660000
000004440AAA0444
0BBB022200000111
0888099902220000
09990AAA02220888
0888099909990999
09990AAA09990111
0000000001110888
0000011101110000
0111000000000000
0000000000000111
0111000000000000
0000000000000000
051105110A110200
0701061106110511
05000B0008000701
0801080109010600
0C100B1008000701
0D500E4007100600
0D900C700D600D50
0221011101100B80
0110032003310222
0111011101110211
0111011101110111
0000011103330111
0000000000000000
0AAA000000000000
0CCC044400000999
066604440BBB0333
0666011101110CCC
06660BBB00000555
0111022200000000
0000000000000000
0000011101110000
0111000000000000
0000000000000111
0000000001110111
0111011100000000
0111000000000000
0000000000000111
0111011101110000
0000000000000000
0000011102220111
0222000000000000
0000033302220111
0000000000000000
0000000000000000
0000000000000000
0000000000000000
0000000000000000
0000000000000000
0000000000000000
0111011101110000
0111000000000000
0000000002110111
0111011100000000
0000000000000000
0ABB0AAA0BBB0CCC
0000099909990222
0CCC04440DDD0666
077709990DDD0555
05660EEE06660999
0DDD05550BBB0AAA
0000000000000111
0111000000000000
0000000000000111
0000000001110111
0111011101110000
0000000000000000
0000000000000000
0000011101110000
06110A1206110000
0611061106110611
0611061206110611
0912051109110911
0812081108120812
0C310A2208110811
0D710D7108400C60
0E810D710D710D71
011109700FD10FB1
0222022201110211
0111011101110111
0000000000000000
0000011102220000
0000011101110000
0BBB011100000000
03330DDD02220666
0444022204440111
02210CCC02220CCC
000007760AAA0000
0DDD044400000111
0222000004440CCC
09990AAA06660CCC
000004440BBB0777
0111000000000000
0000000001110111
0000011101110000
0111000000000000
0000000000000111
0000011101110000
0222000000000000
0000000000000000
0000000000000000
0000000000000000
0000000000000000
0101022202220000
0000021200000000
05550CCC0FFF0666
0111000000000111
0000011101110111
0222088803330000
0111011101110000
0777066600000111
0000055507770777
0000000000000000
0000000000000000
0000000000000000
0000000000000000
0222011100000000
0222022202220222
0222022202220222
0110001002110222
0000011101110000
0111000001110111
0111011101110111
0000000001100111
0111000000000000
0111000101110111
0111011101110112
0010011100000000
0000000000000000
0000000000000000
0111011101110010
0000000001110111
0000000001110111
0000000000000000
0000000000000000
0000000000000000
0000000000000000
0555000000000000
0333088807770888
0000000000000000
0111077707770000
0A00080001000000
0000010007000A00
09990CBB06660333
0000000000000111
0000011101110000
0111000000000000
0111011101110111
0000011101110000
0111000000000000
0000000000000111
0000000001110111
0111011100000000
0000000001110222
0111022202220000
0111000000000000
0111000000000111
0000088808880000
0999077706660000
000004440AAA0666
0CCC033300000000
06660CCC08880000
02220BBB06660DDD
099900000DDD0333
000005550AAB0666
0000000004440CCC
0000000000000111
0000011000000000
0111011100000000
0000011101110000
0200000001110000
0501051108110A11
0701060106110611
070107000B000801
0901091109110A11
08100C100B110911
0E600D500D500620
0DA00F900E700E61
0221022101110220
0111000003200321
0111011101110111
0100011001110111
0000000002220222
0000000001110111
0222000000000000
0CCC0AAA09990888
077706660BBB0333
0000000001110BBB
05550BAB00000000
0000000000000000
0111000000000000
0000000000000111
0111011100000000
0111000000000000
0000000001110111
0000011101110000
0111011100000000
0000000000000000
0000011101110111
0111000000000000
0000000001110221
0222000001110000
0000033302220111
0000000000000000
0000000000000000
0000000000000000
0000000000000000
0000000000000000
0000000000000000
0000000000000000
0000000001110111
0222011100000000
0000000000000000
0000011101110000
0000000000000000
0000000004440DDD
0111099908880000
0CCC00000CCC0777
0DDD0BBB06660DDD
04440CDD05550232
0BBB066604440566
0000000001110000
0100011101110000
0111011100000000
0000000000000000
0000000001110111
0000011100000000
0000000000000000
0000000000000111
061107110A220411
0611061106110611
0912061106110611
0912091104000921
0812081208120812
0B400B3109120811
0E710E810D710730
0FA10D710D710D71
0111000006500FC0
0000011103320111
0111011101110111
0111011101110111
0000000002220222
0000000001110111
0999011100000000
07770FFF09990888
0222000006660222
03330CCC02220CCC
000006660BBC0111
0DDD055500000000
0000011108880888
033305550EEE0BBB
000000000BBB0EEE
0111011100000000
0000000000000000
0000000001110111
0111011100000000
0111000000000000
0000000000000111
0111011100000000
0000000000000000
0000000000000000
0000000000000000
0000000000000000
0000011103330000
0323000001110000
022207770EEE0FEF
0000011100000111
0111011101110111
0000000000000111
0111011101110111
07770EEE0BBB0111
06660FFF09990777
0000000000000000
0000000000000000
0000000000000000
0000000000000000
0111022201110000
0222033302220222
0222022202220222
0BBB0BBB02220111
0AAA02220BBB0BBB
05550BBB04440999
0555066607770888
0AAA0AAA0BCC0444
05550CCC0BBB0ABA
000008880CCC0333
0111000001110000
077702220BBC0888
0AAA0BBB0BBB0CCC
0AAA0AAA0AAA0AAA
0110011100000444
0111011100000000
0000011101110000
0000000000000000
0000000000000000
0000000000000000
0000000000000000
0DDD0BBB01110000
0DED0AAA05550666
0000000000000333
0000000000000000
0A00050000000000
000008000A000A00
0DDD088804440111
0000000000000777
0111022200000000
0000000000000000
0000011100000000
0000011101110111
0000000001110000
0111000000000111
0000000000000000
0111011101110000
0111000000000000
0000000001110222
0111011100000000
0000000000000000
01110AAA07770000
099906660BBB0111
000004440AAA0666
0CCC033300000111
03330AAA08880000
02220CCC02220556
099900000CCC0444
011106660AAA0666
0111022203330BBB
0000000000000000
0000000000000111
0000011101110000
0111000000000000
0B11000001110211
0711071106010A00
0701070107010701
0A01070008110A01
0A010A0109110901
082008000D100B11
0E600E600E600E50
02100D900F900E71
0331032103310221
0111022200000220
0111011101110111
0222011101110111
0111000000000111
0000000000000111
0222000001110000
0999066601110555
022200000CDD0444
0000000002220EEE
0999099900000100
02220ABB03330111
0111011101110000
0000000000000000
0000011101110000
0111011100000000
0111000000000000
0000000001110111
0000011101110111
0111011100000000
0000000001110111
0111011100000000
0000000000000000
0222000001110111
0000033302220111
0000000000000000
0000000000000000
0000000000000000
0000000000000000
0000000000000000
0000000000000000
0000000000000000
0000000000000111
0000011101110000
0111000000000000
0000000001110222
0000011100000000
0111000002220AAA
0AAA077701110000
08880000033309AA
0AAA066600000AAA
0999077701110000
0999055502220999
0111000000000000
0000011102220222
0000011101110000
0111000000000000
0000000000000111
0000000001110111
0111011100000000
0000000000000000
0611050106010300
0501050106110611
0811060105000501
0611061105000100
0711071107110611
04200A3007110711
0A610A610B610530
0C900A600A610A61
0111011000000760
0111011102220111
0111011101110111
0222011101110111
0000000000000111
0000000000000000
0000011001110000
00000AAA00000000
0AAA0AAA09990111
0AAA044400000444
0000000007770BBB
0888044401110111
0000077707770000
000001110CCC0666
0111000007770AAA
0111011101110111
0222011100000000
0000000000000111
0000011101110111
0111011100000000
0000000000000000
0111022200000000
0000000000000000
0000000000000000
0000000000000000
0000000000000000
0000011102220323
099A000001110101
011104440BAA0FFF
0444011100000000
0111011100000222
0111011101110111
0000011101110111
0000022205550111
0AAA0FFF01110000
0000000000000000
0000000000000000
0000000000000000
0000000000000000
0333011102210222
0222033302220332
0111022202220222
0FFF0FFF0CCC0111
0FFF0AAA08880FFF
09990BBB0CCC0777
0444088808880BBB
0333022206660FFF
06660FFF03330222
0CCC0EEE0FFF0444
0DDD088800000665
099903330FFF0DDD
0666022202220FFF
0777077708880888
0111011100000333
0111011001110111
0000000000000111
0000000000000000
0000000000000000
0000000000000000
0000000000000000
04440FFF09990000
0111000000000000
0000000000000000
0000000000000000
0800000000000000
04000A1209220A00
0BBB055503330000
0000000003330BBB
0111011100000000
0000000000000000
0110000000000000
0111000001110000
0000000000000111
0000000002220111
0111000000000000
0000000001110111
0222011100000000
0000000000000222
0000000001110111
0111000000000000
0AAA055500000222
0888000006660AAA
0000033308880554
0999022200000000
0888088801110000
0222099901110888
0666000009990333
09990AAA0AAA0454
0333089900000555
0111011100000000
0000000000000000
0000000000000111
0111011100000000
0400000000000000
0300030003000300
0300020002000200
0200030001000200
0200020002000200
0310010003000300
0310031003100310
0000011003200210
0110021001100110
0000011101110000
0000011100000000
0000011100000000
0000000000000000
0111000000000000
0111000001110111
0111088809990888
0AAA0AAA05550000
0000000000000444
0777000000000111
000005550BBB0AAA
0000000001110111
0000000000000000
0000000000000111
0000011100000000
0111011100000000
0111000000000000
0000000000000222
0100011101110000
0000000000000000
0000011101110000
0111000000000000
0222000000000111
0000033302220111
0000000000000000
0000000000000000
0000000000000000
0000000000000000
0000000000000000
0000000000000000
0000000000000000
0000000000000000
0000000001110111
0222011100000000
0000000000000111
0000000001110111
0111011101110000
0000000000000000
0000000000000000
0000000000000000
0111000000000000
0000000000000000
0000000000000000
0000000000000111
0000000000000111
0000011000000000
0000000000000000
0000000000000111
0000011101110000
0000000000000000
0000000000000000
0000000000000000
0000000000000000
0000000000000000
0000000000000000
0000000000000000
0000000000000000
0000000000000000
0000000000000000
0000000000000000
0000000000000000
0000000000000000
0000011100000000
0000000000000000
0000000000000000
0000000000000000
0000000000000000
0000011101110000
0111000000000000
0000000000000111
0000000000000000
0000000000000000
0111000000000000
0000000000000111
0111022201110000
0111000000000000
0000000000000111
0000011101110000
0111000000000000
0000022201110000
0000000000000000
0000000000000000
0000000000000000
0111000000000000
0000011101110333
0FFF044400000222
0000022206660DDD
0555011101110000
0111011107770999
0111011101110111
0111011001110111
0555022200000000
02220CCC0DDD0666
0000000000000000
0000000000000000
0000000000000000
0222011100000000
0222033302220111
0222022202220222
0111022102220222
0FFF0FFF0FFF0BBB
06770FFF08880999
0BBB07770CCC0BBB
0EEE033308880666
0AAA0AAA09990EEE
06660FFF0AAA09AA
076701110FFF0444
03330CCC0EEE0DDD
099902320FFF0222
0666000000000DDD
0FFF0DDD08880999
0111011100000777
0000011101110111
0000000001010111
0000000000000000
0000000000000000
0000010000000000
0000000001110110
0AAA0FFF0BBB0000
02220BBB0BBB0AAA
0000000000000000
0000000000000000
0822050001000000
0A000B330A880A77
0888044400000200
0000000006660CCC
0222000000000000
0000000000000011
0111000000000111
0111011101100000
0000011101110000
0000000002220000
0111011100000000
0000000000000111
0222011101110111
0111000000000000
0000000000000111
0111011100000000
0000000000000000
0000000000000000
0000000000000000
0000000000000000
0000000000000000
0000000000000000
0000000000000000
000003330AAA0000
0000000000000000
0000000001110000
0111011101110000
0000000000000000
0000000001110111
0000000000000000
0000000000000000
0000000000000000
0000000000000000
0000000000000000
0000000000000000
0000000000000000
0000000000000000
0000000000000000
0000000000000000
0000000000000000
0000000000000000
0000000000000000
0111000000000000
0000000000000000
0000000000000000
0000000000000000
0000000000000000
0000000000000000
0111000000000000
0000000000000111
0111011100000000
0000000000000000
0000000001110111
0000011101110000
0111011100000000
0000000000000000
0000000001110111
0111000000000000
0000000000000111
0100022201110000
0222000000000000
0000033302220111
0000000000000000
0000000000000000
0000000000000000
0000000000000000
0000000000000000
0000000000000000
0000000000000000
0111011100000000
0000000000000111
0000011101110000
0111000000000000
0000000000000111
0000011101110111
0111011100000000
0000000000000000
0000000001110000
0000011101110000
0000000001110000
0111000000000000
0111011000000000
0000000000000111
0000000001110000
0111000000000000
0000000000000000
0000011101110111
0000011101110000
0000000000000001
0000011100000000
0111000000000000
0000000000000111
0000000000000000
0000000001110111
0000011101110000
0111011100000000
0000000000000000
0000000000000000
0000000000000111
0000000000000000
0000000001110111
0111011100000000
0000000000000111
0000000000000111
0000000000000111
0000011101110111
0000011100000000
0000000000000000
0000000001110111
0111011100000000
0111011101110000
0000000000000000
0000000001110111
0111011100000000
0111000000000000
0000000001110111
0000011100000000
0000011102220000
0000000000000000
0000000000000000
0000000000000000
0333000000000000
0111000001110222
0FFF0CCC03330111
0000000004440AAA
0000011101110000
0111011102220000
0111011101110111
0000011101110111
0BBB0FFF09990222
0000011108880999
0000000000000000
0000000000000000
0000000000000000
0222022201110000
0222022203320333
0222022202220222
0AAA022202220222
0AAA0FFF0EEF0FFF
0BBB07770FFF0888
05560CCC06660CCC
0AAA0DDD04440999
0333033303330111
06660FFF03330222
000001110FFF0444
0000000006660111
099903330FFF0333
0CCC0DDD0CCC0FFF
0FFF0EEE0BBB0BBB
0010011100000555
0110011101110111
0000011101110111
0000000000000000
0111011100000000
0000000001110111
0000000000000000
01110AAA0DDD0111
0BBA0FFF01110111
0000000000000000
0000010000000000
0C120D000C010400
0C000C000B000B22
0444022200000800
000003330AAA0AAA
0111000000000111
0000000000000222
0000000100000000
0111000000000000
0000010100000111
0000011101110000
0000011101110000
0101000000000000
0000011100000111
0111011100000000
0000000000000000
0000011101110000
0000011101110000
0111011101110000
0000000001110111
0000011100000000
0111011100000000
0111011100000111
0111000000000000
0000011101110000
0111011100000000
0111000000000000
0101011101110111
0111000000000000
0000000000000111
0111011101110000
0100010000000000
0000000000000000
0000000000000000
0000000000000000
0000000000000000
0000000000000110
0000000000000000
0100000000000000
0000000000000000
0010000000000000
0111000000000000
0000000001110111
0000000000000000
0111011100000000
0000000000000111
0000000000000000
0000011101110000
0111011100000000
0111011100000000
0000000000000000
0000011101110000
0111000000000000
0000000000000111
0000000001110000
0000000001110111
0111000000000000
0000000001110000
0111011100000000
0000000000000000
0000000001110111
0222000000000000
0000033302220111
0000000000000000
0000000000000000
0000000000000000
0000000000000000
0000000000000000
0000000000000000
0000000000000000
0000011101110000
0111000000000000
0000000001110111
0111011100000000
0111000000000000
0111000000000111
0111011101110111
0111011100000111
0111000000000111
0000000001110222
0111011101110111
0111011100000111
0111022202220111
0121011101110111
0111011101110222
0111011101110222
0111011101110222
0111022202220222
0222022201110222
0111011101110222
0111011101110111
0111011101110111
0111011101110111
0111011101110111
0111011100000111
0111011101110111
0111022202220222
0111011101110111
0222022201110111
0222011100100222
0222022202210111
0111011101110111
0222022202220111
0111011101110222
0111011101110100
0222011100000000
0111000001110111
0111000001010111
0111000000000111
0111000001110111
0111011101110111
0000000000000111
0000011100000000
0000000000000111
0000011101110000
0111011100000000
0000000000000000
0000000001110000
0000000002220111
0000000000000000
0000000000000000
0000000000000000
0333011100000111
0111000000000111
0CCC0FFF07670000
0000000001110555
0111000000000111
0111011100000111
0111011101110111
0222000001110111
000004440DDD0CCC
0000000000000000
0000000000000000
0000000000000000
0000000000000000
0333022202220222
0222022202220232
0222022202220222
0444022201110222
0222044403330333
0333011103330333
0222022202220111
0111044402220222
0000000000000000
0111033300000000
0000000002220111
0000000000000000
0222011103330111
0444044404440444
0333033304440444
0110000000000111
0111011101110111
0111011101110111
0000000001110111
0111010001110111
0000000000000110
0000000000000000
000005550FFF0666
08880FFF03330000
0100000000000000
0000020002000110
0B000B0109000100
0B110A110B000C01
0333000000000900
000006660DDD0888
0000000000000000
0000000000000111
0000000000000000
0111011100000000
0000000000000000
0000022200000000
0000000000000000
0111011101110000
0000000000000000
0000011001110000
0000000000000000
0000000001110111
0000000001110111
0211022202220222
0222011101110111
0000011101110222
0222022202220111
0111022202220111
0111011101110000
0111022202220222
0111011101110111
0111022202220222
0111022202220111
0222022202220111
0222011101110111
0111022102220222
0111022202220111
0111011102220111
0111011102220222
0111011101110111
0111011101110111
0111000000000111
0000011101110111
0111011101110111
0111011101110111
0111011101110111
0222011101110111
0111011101110111
0111011101110111
0111011101120111
0111011101110000
0111011100000000
0000000001110111
0000000000000000
0000011101110111
0000000000000000
0000000001110111
0111011100000000
0000000000000000
0111000000000000
0000000000000111
0000011101110000
0000000000000000
0000011101110111
0111000000000000
0000000000000111
0222000001110000
0000033302220111
0000000000000000
0000000000000000
0000000000000000
0000000000000000
0000000000000000
0000000000000000
0000000000000000
0000000001110111
0111011100000000
0000000000000000
0000000001110000
0000011100000000
0111011100000000
0000000000000000
0000000001110000
0111011100000000
0000000000000000
0000000000000100
0000000000000000
0000000000000111
0000000000000000
0000000000000000
0000000000000000
0000000000000000
0000000000000000
0000011100000000
0000000000000000
0000000000000000
0000000000000000
0000000000000000
0000000000000000
0000000000000000
0000000000000000
0000000000000000
0000000000000000
0000000000000000
0000000000000000
0000000000000000
0000000000000000
0000000001110111
0000000001100000
0000000000000000
0100011100000000
0111000000000000
0111011100000000
0111000000000000
0111000000000000
0111000000000111
0000000000000111
0111011101110111
0000000000000111
0000000001110111
0000011101110000
0111000000000000
0000000000000111
0000000001110222
0000000000000000
0000000000000000
0111000000000000
0222033300000000
0111011100000111
09990FFF0BBB0101
0000000000000222
0222066608880222
0111011101110111
0111011101110111
0666000001110111
0AAA08880CCC0FFF
000006650AAA0AAA
0000000000000000
0000000000000000
0222010000000000
0222022202220111
0222022202220222
0222022202220222
0111011102220222
0111011101110111
0000011100000000
0000000000000000
0000000000000000
0000000000000000
0000000000000000
0000000000000000
0000000000000000
0000000000000000
0000000000000000
0000000000000000
0111011100000001
0111011101110000
0111011101100111
0000011101100111
0000000001110000
0000000000000000
0000000000000000
0AAA0CCC0CCC0333
011109990DDD0AAA
0100010001000000
0000000001000100
0B010C0103000000
0A430A7709540B01
0111000007000B00
03330AAA0CCC0666
0000000001110000
0000000002220111
0000000000000000
0000000001110111
0000011100000000
0111011100000000
0000000000000000
0000000001110111
0000011101110000
0000000001110222
0111011100000000
0222011100000000
0111000000000111
0000000001110111
0000011100000000
0111000000000000
0000000001110111
0000000001110000
0000000000000000
0000000000000000
0000000000000111
0000000001110111
0000000001110000
0000000001110000
0111000000000000
0000000000000111
0000000000000000
0000000000000000
0000000000000000
0000000000000000
0000000000000000
0000000000000000
0000000000000000
0000011100000000
0000000000000000
0000000000000000
0000000000000000
0000000000000000
0000000000000000
0000000000000000
0000000001110000
0111011100000000
0000000000000000
0000000000000000
0000000001110111
0111011100000000
0000000000000111
0000011101110000
0000000000000000
0000000001110111
0111000000000000
0000000000000111
0111000000000000
0000000001110111
0111022200000000
0000000000000000
0222000001110111
0000033302220111
0000000000000000
0000000000000000
0000000000000000
0000000000000000
0000000000000000
0000000000000000
0000000000000000
0000000000000111
0000011101110111
0000000000000000
0000000001110111
0000000001110111
0000011101110000
0111000000000000
0000000000000111
0000000001110111
0111000000000000
0000000000000000
0111000000000000
0000000000000000
0000000000000000
0111011100000000
0000000000000000
0000011101010000
0000000000000000
0000000001110111
0000000000000000
0000000000000000
0111000000000000
0000000000000000
0000000000000000
0000011100000000
0111000000000000
0000000000000000
0000000000000000
0000000000000111
0000000000000000
0000000000000111
0000011100000000
0111000000000000
0000000000000111
0000000000000111
0000011101110111
0000000001110000
0000000001110000
0000000000000000
0111011100000000
0000011101000000
0111000000000000
0111000000000111
0111000000000000
0000000000000010
0000000001110111
0111011100000000
0000000000000000
0000000001110333
0111011101000000
0000000000000000
0000000000000000
0111033300000000
0000011100000111
05550EEE0FFF0666
0111000000000222
0555077703330111
0111011101110000
0111011101110111
0111000001110000
0555055504440444
0000022205550555
0000000000000000
0000000000000000
0111022200000000
0222022202220111
0222022202220222
0222022202220222
0222011102220222
0111011101110111
0111011101110111
0000000000000000
0000000000000000
0000000000000000
0000000000000000
0000000000000000
0000000000000000
0000000000000000
0000000000000000
0111011100000000
0110000000110000
0111011100000111
0111010001110111
0000000001110000
0110022100000000
0100010001000100
0100011001100110
0444055501110000
0000000004440555
0000000000000000
0000000000000000
0D01080001000000
0C000B110B220C01
011100000A000C01
08880DDD09990333
0000000000000000
0111000002220000
0000000000010100
0000000000000100
0000000000000000
0222011100000000
0111000000000000
0000000000000000
0000000001110111
0000011101110111
0000011101110000
0000011101110000
0111011100000000
0000000000000111
0000000001110000
0111011100000000
0000000000000111
0000000000000111
0000000001110000
0111011100000000
0111011100000000
0000000000000111
0100000000000011
0000000000000111
0000011100000000
0000000000000000
0000000000000000
0000011100000000
0000000000000000
0000000000000000
0000000001110000
0000000000000000
0000000000000000
0000000000000110
0000000000000000
0000000000000000
0000000000000000
0000000000000000
0000011100000000
0111000000000000
0000000000000111
0000011101110000
0000000000000000
0111011100000000
0000000000000000
0000011101110111
0000000000000000
0000000001110111
0111011100000000
0000000000000111
0111011100000000
0000000000000000
0111011100000000
0000000000000000
0000000001110111
0222011100000000
0222000000000111
0000033302220111
0000000000000000
0000000000000000
0000000000000000
0000000000000000
0000000000000000
0000000000000000
0000000000000000
0000000000000000
0000000001110111
0111011100000000
0111000000000000
0000000000000111
0000000000000000
0000011101110000
0111000000000000
0000000000000000
0000011101110000
0000000000000000
0000011101110000
0000000000000000
0000000000000000
0000000001110000
0000000000000000
0000000001110111
0111000000000000
0000000000000111
0111011100000000
0000000000000000
0000000001110100
0101000000000000
0000000000000000
0000000001110000
0111011100000000
0111000000000000
0111000000000000
0000000000000111
0111000000000000
0000000000000000
0000000001110111
0111011100000000
0000000000000000
0000000000000000
0000000000000111
0000000000000000
0000000000000000
0000000001110111
0000000000000000
0000000001110111
0000000001110000
0000011101000000
0000001001110000
0222011100000000
0000000000000111
0000000001110111
0111000000000000
0000000000000111
0000000000000000
0000000000000000
0000000000000000
0111033302220000
0000000001110000
033308880FFF0DDD
0111011100000111
0000000000010111
0111011101110111
0111011101110111
0000000000000000
0000000000000000
0000000000000000
0000000000000000
0111000000000000
0222011102220100
0222022202230222
0222022202220222
0222022202220222
0111022201110111
0111011101110111
0000000001110111
0000000000000000
0000000000000000
0000000000000000
0000000000000000
0000000000000000
0000000000000000
0000000000000000
0000000000000000
0000000000000000
0111000000000000
0111000001110000
0100011101100111
0000010000000111
0541011100000000
0000000001000110
0000000000000000
0000000000000000
0000000000000000
0000000000000000
0000000000000000
0D00040000000000
0C010C010C000C00
000005000B000B01
0BBB0BBB06660211
0000000000000222
0000011102220000
0000000000000000
0111000000000000
0000000000000000
0211000000000000
0000000000000000
0111000000000000
0000000000000111
0000000001110222
0000000000100111
0000000001110111
0000000001110000
0111000000000000
0000000000000111
0000011101110000
0111011100000000
0111000000000000
0000000000000111
0000000001110111
0000000000000000
0000011100000000
0111011100000000
0000000000000000
0000000001110000
0000000000000000
0000000000000000
0000000001110100
0100000000000000
0111000000000000
0000000000000111
0000000000000000
0000000000000000
0000000000000000
0000000000000000
0000000000000000
0000000000000000
0000000000000111
0000000001110000
0000000000000000
0101000000000000
0000000000000111
0000000000000000
0000011101110000
0111000000000000
0000000001110111
0111011100000000
0000000000000000
0000011101110111
0000000000000000
0000000001110111
0000011100000000
0000011101110000
0111000000000000
0000000000000111
0000011101110000
0222000000000000
0000033302220111
0000000000000000
0000000000000000
0000000000000000
0000000000000000
0000000000000000
0000000000000000
0000000000000000
0111011100000000
0000000000000000
0000000001110111
0111011100000000
0555000000000000
0999099909990999
0000000000000666
0000000001110000
0000000000000000
0000000000000111
0000000000000000
0000000000000111
0000000000000000
0111000000000000
0000000000000111
0000011100000000
0000000000000000
0000011100000000
0000000000000000
0000000000000000
0000000000000000
0000000000000000
0000000000000000
0000000000000000
0000000000000000
0000000000000000
0000000000000000
0000000000000000
0000000000000000
0000011100000000
0000000000000000
0000000000000000
0000011101110000
0000000000000000
0111088809990777
0999088809990333
0888022200000777
0111000005550999
0AAA022200000111
0888022200000222
0000000000000000
0000000000000000
0000000001110111
0000000000000000
0000011101110000
0111000000000000
0000000000000111
0222000000000000
0111001100000000
0000000000000000
0000000000000000
0000000000000000
0111022202220000
0444000001110111
011104440DDD0FFF
0111000000000000
0111011101110111
0111011101110000
0000011101110111
0111000000000000
0000000000000000
0000000000000000
0000000000000000
0000000000000000
0222022201110222
0222022202220222
0222022202220222
0222022202220222
0111011101110111
0111011101110111
0000000000000000
0000000000000000
0000000000000000
0000000000000000
0000000000000000
0000000000000000
0000000000000000
0000000000000000
0000000000000000
0000000000000000
0000000000000000
0110011000000110
0111011101110111
0111000000000111
0110000004320211
0000000000000111
0000000000000000
0000000000000000
0000000000000000
0000000000000000
0000000000000000
0900000000000000
0B010B010B010C00
000008000C010C01
0DDD088803220111
0111000000000555
0000022201110000
0100000000000000
0000000000000000
0000000001110000
0111000001110000
0000000000000111
0000011100000000
0111000000000000
0122000000000000
0111011100000000
0111011100000000
0999044400000000
0111011105550999
0111000000000000
0111000000000111
0000000000000888
0000000000000000
0222000000000000
0888011100000000
0555099909990999
0000000000000000
0000000000000000
0000000000000000
0000000000000000
0000000000000000
0000000000000000
0000000000000011
0000000000000000
0000000000000000
0000000000000000
0000000000000000
0000000000000000
0000000000000000
0000000000000000
0000000000000000
0000000000000000
0000000000000000
0000000000000010
0000000000000000
0333099909990666
0999099904440000
0888022200000344
0666000001110777
0000055509990999
0000000000000000
0000000001110000
0111010000000000
0000000000000111
0111011100000000
0000000000000111
0111000000000000
0000000001110111
0000011101110000
0000000000000000
0000000001110111
0222000001110000
0000033302220111
0000000000000000
0000000000000000
0000000000000000
0000000000000000
0000000000000000
0000000000000000
0000000000000000
0000011101110000
0111000000000000
0000000000000111
0000000001110111
0111011101110000
02220BBB09990222
0444044400000111
0222022201110111
0455033300000333
0222011101110222
0000022201110000
0000022203330111
0000011101110000
0111011100000000
0111000000000000
0000000001110111
0000000001110111
0000011101110000
0000000000000000
0200010000000101
0200010001000100
0100020002000200
0300010001000100
0200030001000000
0200020002000200
0200021002100310
0320031003100210
0000032003200320
0000000000000000
0000000000000000
0000000000000000
0000011101110011
0000000000000000
0999000000000111
0222066602220777
033303330DDD0555
04440CCC00000111
000006660BBB0222
0FFF044400000111
0CCC044400000AAA
0222033301110000
0111000003330222
0000000000000111
0000000000000111
0000000001110111
0000011101110000
0111011100000000
0222000000000000
0000000000000000
0111000000100111
0000000000000101
0000000000000000
0111000003330111
0777011100000111
000003330BBB0FFF
0111033302220000
0111000000000000
0111011101110111
0000000001110111
0000000000000000
0000000000000000
0000000000000000
0000000000000000
0111000000000000
0222022201110222
0222022202220222
0222022202220222
0111022202220222
0111011101110111
0000000001100111
0000000000000000
0000000000000000
0000000000000000
0000000000000000
0000000000000000
0000000000000000
0000000000000000
0000000000000000
0000000000000000
0000000000000000
0000000000000000
0111011001100000
0000011101110000
0221011101110000
0000000001100211
0000000000000011
0000000000000000
0000000000000000
0000000000000000
0000000000000000
0000000000000000
0300000000000000
0A000C000C010D01
0100082207110700
0DDD077702220000
0111000001110777
0000022200000000
0000011100110000
0111000000000000
0000000000000111
0111000000000111
0000000000000111
0000000001110000
0000011101110000
0111022200000000
0000011101110010
0000011101110111
03330BBB06660000
000003440AAA0333
0000000003330333
0212011104440333
0444011100000CCC
0222022200000222
0CCC033300000433
0222000001110555
011102220CCC0666
0000000004440333
0111022204440222
0222000000000344
0000000002220333
0000000000100111
0100020002000000
0100010002000200
0200020002000100
0300020001000400
0300030002000300
0310041003000200
0000000005300420
0000000000000000
0000000000000000
0000000000000000
0000000000000000
0000000000000000
0000000000000000
0888000000000000
0BBB066602220999
033302220BBC0333
0888077701110CCC
099907770444099A
02220BBB03330333
0111000000000000
0000000000000111
0000011101110000
0000000000000000
0111011100000000
0000000000000000
0111011101110000
0000000000000000
0000000001110111
0222011100000000
0000000000000111
0222000002220111
0000033302220111
0000000000000000
0000000000000000
0000000000000000
0000000000000000
0000000000000000
0000000000000000
0000000000000000
0000000001110111
0111011101110000
0111000000000000
0000000000000111
0000000001110111
00000AAA07770000
099908880AAA0111
0AAA0DDD02220999
08880AAA06660777
0AAA077708880DDD
02220AAA07770000
089909AA07770AAA
0000000001110000
0000011101110111
0000011100000000
0000000000000000
0000000000000000
0000000000000111
0111000000000000
0812081101000000
0711071107110711
0711071107110711
09210A1106010712
0B220B220A220510
0B310A210A220B22
0C510B510B510C51
0E920E910E910E81
02100B900FB00E91
0111011102210112
0222022202220222
0222022201110111
0000033302220111
0111000000000000
0EEE011100000000
0000088808880999
099907770EEE0444
01110DDD01110555
000007870BBB0000
0AAA044400000111
0AAA033308880888
0BBB07770CDD0444
01110888099A0999
0000000001110111
0111011100000000
0000000000000000
0000000001110111
0000011101110000
0111011100000000
0000000000000000
0000000000000000
0000000000000000
0000000000000000
0111011102220222
0CCC055500000111
0000022207770FFF
0BBB0AAA04430000
0000022207770999
0111011101110111
0000000000000111
0000000000000000
0000000000000000
0000000000000000
0000000000000000
0222000000000000
0222022202220111
0222022202220222
0222022202220222
0111011102220222
0111011101110111
0000000000000100
0000000000000000
0000000000000000
0000000000000000
0000000000000000
0000000000000000
0000000000000000
0000000000000000
0000000000000000
0000000000000000
0000000000000000
0000000000000000
0111011100000000
0321011101010111
0000011101110432
0111000000000000
0000000000000000
0000000000000000
0000000000000000
0000000000000000
0000000000000000
0000000000000000
0000000000000000
097707340C000A00
033308AA09BB0899
0CCC066601110000
0111000004440AAA
0000022200000111
0000000000000000
0111011101110000
0000000000000000
0000000001110000
0000000000000222
0000000000000000
0000000000000111
0111022201110000
0000000000000000
0111000000000111
00000AAA08880000
0999011100000000
0555055509990888
0444099908880AAA
0777077701110BBB
09990BBB04440AAA
0DDD055509990888
0000000002220999
055500000ABB0444
0333099907770999
09990AAA07770CDD
0CCC066606660999
011104440BBB0888
0000000000000111
061107110A110200
0611061106110611
0B01080107110611
0A110A1106110901
0B210A1109110A11
0E710D610D410B21
011101100B800FA0
0111011101110111
0222011101110111
0111011102110222
0111011101110111
0000011103330111
0111000000000000
0888000000000000
0CCC066603330AAA
000000000BBB0444
0555000003320CCC
05550AAA00000555
0000000000000000
0111011100000000
0000000000000000
0000000001110111
0000000000000000
0000000001110000
0000000000000000
0000000001110111
0111000000000000
0000000000000111
0011011101110000
0111000000000000
0222000000000111
0000033302220111
0000000000000000
0000000000000000
0000000000000000
0000000000000000
0000000000000000
0000000000000000
0000000000000000
0000000000000011
0000000001110111
0111011101110000
0111000000000000
0000000000000111
00000AAA08880000
000000000CCC0444
02220DDD04440EEE
000005550CCC0000
0999077708880999
0555099906660000
0CCC099906660EEE
0111000000000000
0000000000000111
0000000001110111
0000011101110000
0111001000000000
0000000000000000
0000011100000000
0612082209110000
0611061106110612
0611061106110611
041009310A320611
0A210A220A220B22
0B51093109210921
0D810B510A520A51
0D910D910D910D91
000101100CA10FB1
0222011100000111
0111011101110222
0111011100000000
0000000002220111
0000000000000000
0EEE011100000000
0AAA0AAA02220555
0111000002220000
01110CDD03330DDD
000008880ABB0000
0BBB043400000111
099908990AAA0000
0AAA00000BBB0555
00000CCC01110555
0111000000000000
0111011101110000
0111011100000000
0111000000000000
0000000000000111
0000022200000000
0111000000000000
0000000000000000
0111000100000000
0000000000000111
0111011101110444
0FFF088800000111
0000011104440DDD
0222000000000000
0000033308880333
0111011101110111
0000000000000000
0000000000000000
0000000000000000
0000000000000000
0000000000000000
0111022200000000
0222022202220122
0222022202220222
0222022202220222
0111011101110111
0000000001110111
0000000000000000
0000000000000000
0000000000000000
0000000000000000
0000000000000000
0000000000000000
0000000000000000
0000000000000000
0000000000000000
0000000000000000
0000000000000000
0000000000000000
0111000000000000
0322011101110111
0111000100000111
0000011100000100
0000000000000000
0000000000000000
0000000000000000
0000000000000000
0000000000000000
0000000000000000
0000010000000000
075506440B000400
0900080007220733
0888022200000200
0000000008880BBB
0222000000000111
0111000000000000
0000000000000111
0111011100000000
0000000000000111
0000000001110222
0111000000000000
0000000000000000
0000011101110000
0000011100000000
0111001100000000
0000099907770000
0CCC044400000000
0AAA0AAA03330000
08880AAA00000555
0666077702220AAA
02220BBB07770CCC
0AAA01110DDD0000
0000011100000000
0BBB00000BBB0444
06660CCC06660999
0556099900000AAB
077707770AAA0000
0000099907770000
0300000000000000
0611061108110A11
0611071106110611
08110B1109110711
091109110A110711
0B310B210A110911
0FA10D710D610D52
0000000000000971
0100010101110000
0111022201110111
0111011101110111
0111011101110111
0000000002110333
0000011101100000
0000000000000000
0CCC077707770555
000000000BBC0555
0000000002220CCC
05550AAA00000000
0000011100000000
0000011101110111
0111011100000000
0111000000000000
0000000000000111
0000011101110000
0111000000000000
0000000000000111
0000022201110000
0000000000000000
0000000001110112
0111011100000000
0222000000000000
0000033302220111
0000000000000000
0000000000000000
0000000000000000
0000000000000000
0000000000000000
0000000000000000
0000000000000000
0111000000000000
0000000000000111
0000000001110111
0000011100010000
0111000000000000
00000BBB08880000
055503330CCC0333
02220DDD04340CCC
0333099909990000
0BBB066608880CCC
04440AAA0AAA0333
0444066604440CCC
0111011100000000
0111000000000000
0000000000000111
0000000001110111
0000011101110000
0000000000000000
0000000000000111
081208120C120611
0711081108120812
0811081107110711
0B2105100B320B22
0A210B220B220C22
0C510C510A310A21
0FA10F910D610C51
0FB10E910EA10FA1
0221011102200DA1
0333033302220111
0111022202220222
0111011101110111
0000000001110222
0000000000000000
0CCC000001110111
08880AAA01220555
0555022209990333
06660CCC02220CCC
000006660CCC0333
0CCC044400000000
0BBB0FFF02220000
0BBB00000CCC0566
00000CCC02220555
0000011101110000
0000000001110000
0000011101110100
0111011100000000
0000000000000000
0000022200000000
0000011100000000
0000000000000000
0111000000000000
0111000000000111
0111011101110333
0FFF088800000000
0000000003330DDD
0111011101110111
0111000000000000
0000011101110111
0000000000000000
0000000000000000
0000000000000000
0000000000000000
0000000000000000
0111011101110000
0222022202220222
0222022201110222
0111022201110222
0111011101110111
0000000000100111
0000000000000000
0000000000000000
0000000000000000
0000000000000000
0000000000000000
0000000000000000
0000000000000000
0000000000000000
0000000000000000
0000000000000000
0000000000000000
0000000000000000
0111011100000000
0000011100000111
0111000000000000
0111000001110111
0000000000000111
0000000000000000
0000000000000000
0000000000000000
0000000000000000
0000000000000000
0000010000000000
0B000B000D010200
0C010C010C010C00
0777022200000400
0000011109990CBB
0222000000000111
0111011100000000
0000000000000000
0111011001110000
0000000000000000
0000000001110111
0000011100000000
0101000000000000
0111000000000111
0000000001110111
0000011101110000
03330ABB04550000
0BBB06660AAA0333
0888088807770444
06660AAA03330999
04440CCC07770BBB
03330BBB07770CCC
0AAA01110DDD0111
0000000000000555
099900000BBB0334
0333055504440888
0666099900000BCC
0AAA07770BBB0111
04440666099A0333
0B01010000000222
0611071107110901
0701071107110611
040009110B010811
0911091109110A11
0C410C210B210911
09600E800D700C61
0111011101110011
0111011101110111
0111022202220111
0111011101110111
0333022201110111
0000000000000222
0000000000000000
0333000000000000
0999088801110666
044403330CCC0333
0000000002220CCC
0AAA099900000000
03320CCC04440222
0000000001010111
0000001101110000
0111011100000000
0000000000000000
0000011101110000
0111011100000000
0111000000000000
0000000001110111
0111011100000000
0000000000000001
0000011101110000
0222000001110000
0000033302220111
0000000000000000
0000000000000000
0000000000000000
0000000000000000
0000000000000000
0000000000000000
0000000000000000
0111011100000000
0111000000000000
0000000000000111
0000000001110111
0000011100000000
0000066605550000
0999088803330000
0111077701110222
0888077700000000
0666000009990CCC
0000066606660888
0222088808880444
0000000000000000
0000011101110000
0111011000000000
0000000000000000
0000000000000000
0111011100000000
0000000000000111
0300030004000200
0300030004000400
0300030003000300
0510030002000500
0400041004100410
0520052004100400
0530064006300520
0540043005300530
0000000000000220
0000000000000000
0000000001100110
0000000000000000
0111000000000000
0111000000000000
0111000000000111
0000066608880777
0888088806660110
0999033300000222
0000000004440999
0666033300000000
0666055500000000
0666000006660333
0111066600000333
0000011101110111
0111000000000000
0000000000000111
0000000001100000
0000000000000000
0000022200000000
0000000000000000
0000010101110000
0111011100000000
0222000000000000
0222011101010333
0FFF088800000000
0000000002220BCB
0111000000000111
0111011101110111
0000011101110111
0000000000000000
0000000000000000
0000000000000000
0000000000000000
0000000000000000
0222011102220000
0222022202220222
0222011101110222
0111011101110111
0111011101110111
0000000000000111
0000000000000000
0000000000000000
0000000000000000
0000000000000000
0333000000000000
0444044404440333
0000011102330333
0000000000000000
0000000000000000
0000000000000000
0000000000000000
0000000000000000
0000011101110000
0111000000000000
0101000000000000
0000011000000111
0000000000000000
0000000000000000
0000000000000000
0000000000000000
0000000000000000
0000000000000000
0000000000000000
0C010D0108000000
0B000B010B010B01
0777011100000900
000002220AA90CCC
0333000000100000
0000011100000000
0111011000000000
0000011101110111
0000011100000111
0000000001110111
0000000001110000
0111011100000000
0222000000000001
0111000000000111
0000000001110111
0888033300000111
0333000004440888
0111011107770999
0000033308880777
0777055501110667
0222066603330777
0333000006660011
0000000001110888
0111000006660222
0111044408880777
0333055500000666
0AAA088805550111
0777000006660777
0200010000000222
0100010001000100
0200010001000100
0000010002000200
0100010001000100
0210020001000100
0000011001100210
0000000000000000
0000000000000000
0000000000000000
0000000000000000
0111011000000000
0000000000000000
0000000000000000
0111000000000000
0000066608880666
0888088804440000
0000000000000222
0666011101110111
0000033308880888
0000000000000000
0000000000000111
0000011101110000
0111011100000000
0000000000000111
0000000001110111
0111012100000000
0000000000000000
0000011101110111
0111000000000000
0000000000000111
0222000001110000
0000033302220111
0000000000000000
0000000000000000
0000000000000000
0000000000000000
0000000000000000
0000000000000000
0000000000000000
0000011101110000
0111011100000000
0111000000000000
0000000000000111
0000011102220111
0000000000000000
0000000000000000
0000000000000000
0000000000000000
0000000007770888
0000000000000000
0000000000000000
0000000000000000
0000000000000111
0000000000000000
0000000000000000
0000000000000000
0000011100000000
0000000000000000
0000000000000000
0000000000000000
0000000000000000
0000000000000000
0000000000000000
0000000000000000
0000000000000000
0000000000000000
0000000000000000
0000000000000000
0000000000000000
0000000000000000
0000000000000000
0111011100000000
0000000000000000
0000000000000000
0000000000000000
0000011101110000
0000000000000000
0000000001110000
0000000001110000
0000011100000000
0222000000000000
0000000000000111
0000000001110000
0111000000000000
0000000000000111
0000000000000000
0000022200000000
0000011100000000
0000000000000000
0111011100000111
0333000000000000
0122011100010111
0CCC0EEE09990000
0111000001110444
0222044404440111
0111011101110111
0000011101110111
0000000000000000
0000000000000000
0000000000000000
0000011100000000
0000011101110111
0222011102220111
0222022202220222
0111022202220111
0111011101110111
0111011101110111
0000000000000000
0000000000000000
0000000000000000
0000000000000000
0222000000000000
0888088808880667
08880DDD08880777
06660AAA09990888
0000000002220444
0000000000000000
0000000000000000
0000000000000000
0111000000000000
0000000000000000
0000000001000000
0000011100000000
0000011100000111
0000000001110111
0000000000000000
0000000000000000
0000000000000000
0000000000000000
0000000000000000
0000000000000000
0B010C0107000000
0C000B000B000B01
0555010000000A00
000005550CCC0BBB
0111000001110000
0111000000000111
0111000000000000
0000000000000111
0000000001110000
0000000001110000
0000000000000000
0101011101110000
0111000000000000
0111011100000000
0111011100000111
0000000000000000
0000000000000000
0000000000000000
0000000000000000
0000000001110000
0000000000000000
0000000000000000
0000000000000000
0000000000000000
0000000000000000
0000000000000000
0666077700000000
0000000000000000
0000000001110000
0000000000000000
0000000000000000
0000000000000000
0000000000000000
0000000000000000
0000000000000000
0000000000000000
0000000000000000
0000000000000000
0000000000000000
0000000000000000
0000000000000000
0000000000000000
0000000000000000
0000000000000000
0000000000000111
0000000000000000
0000000000000111
0000000000000000
0000011100000000
0000000000000000
0000000001110111
0000011101110000
0111011100000000
0000000000000111
0000000001110111
0111011100000000
0000000001110111
0000011101110000
0100000000000000
0222000001110111
0000033302220111
0000000000000000
0000000000000000
0000000000000000
0000000000000000
0000000000000000
0000000000000000
0000000000000000
0000000000000112
0000011101110000
0111011100000000
0111000000000000
0111000001110222
0000011101110111
0000011101110000
0000000001110000
0111011101110000
0111000001110111
0111011101110111
0111011101110111
0222011101110111
0000000001100111
0111011101110111
0111011101110111
0000011101110111
0111011101110000
0111011101110111
0111011101110111
0111011101110100
0100000000000111
0000000000000100
0111010100000111
0110011101110111
0000011001110111
0000010001100000
0111011101110000
0111011100100000
0111000000000000
0111011101110111
0111000001110111
0000011102220111
0111000000000000
0000000001110222
0111011101110111
0000000001110111
0111000000000000
0000000000000111
0000000001110111
0111011101110000
0000022202220111
0000000000000000
0000000000000111
0111011100000000
0000000000000000
0000000000000111
0000000001110000
0111000001110000
0000010101010111
0000011101110111
0222000000000000
0111011101110000
0BBB0FFF0BBB0000
0111000000000222
0666066605550111
0111011100000111
0000000001110111
0000000000000000
0000000000000000
0000000000000000
0000011101110000
0000000001110111
0221011101110222
0111022201110222
0111012201110111
0111011101110111
0000011101110111
0000000000000000
0000000000000000
0000000000000000
0000000000000000
0888087803340000
0000011102220444
00000BBB00000000
0444000000000000
0111077708880777
0000000000000000
0000000000000000
0000000000000000
0000000000000000
0000000000000000
0000000000000000
0000011101110010
0000011101110111
0000000001110111
0000000000000000
0000000000000000
0000000000000000
0000000000000000
0000000000000000
0000000000000000
0B010B0102000000
0A660A6609110B00
0322000005000B00
011105660CCC0677
0000000001110000
0000000000000111
0111011101110000
0111011101110000
0000000000000111
0000000001110000
0000000000000000
0000000001110111
0000000001110000
0111022200000000
0000000000000000
0111011100000000
0111011100000101
0111000000000000
0222022201110111
0111010001000111
0000011101110111
0222011101110000
0222011101110111
0000011101110111
0000000001110111
0111011101110111
0111011101110111
0111000001110000
0111011101110111
0111011100000000
0000000000000111
0111000001000000
0111011101110000
0000000001110111
0000000000000000
0111000000000000
0111011101110111
0111011100000111
0111011101110111
0000000001110111
0000011101110111
0000000001110000
0000011101110000
0000000000000000
0100011100000000
0111011101000000
0111000000000000
0000000000110111
0000000001110111
0111000000000000
0000000000000111
0000000001110111
0000011101110000
0111000000000000
0000000000000111
0100011101110000
0000000000000000
0000000001110111
0111011100000000
0222000000000111
0000033302220111
0000000000000000
0000000000000000
0000000000000000
0000000000000000
0000000000000000
0000000000000000
0000000000000000
0000000000000000
0000000001110111
0000011101110000
0222022200000000
0000000000000111
0111011100010111
0111000000000000
0110000000000111
0000000000100111
0111022101110000
0111011101110111
0111011100000111
0111011102220222
0111011101110111
0111011100100111
0111011101110111
0111011101110111
0111011101110111
0111011101110111
0111011101110111
0111011101110111
0111011101110111
0111000001110111
0111011101110000
0001011101110111
0111011101110111
0111011101110111
0111011101110111
0111011101110111
0111011101110111
0222022201110000
0111011101110111
0111011101110111
0111022201110111
0111000001110111
0111011101110111
0000000000000000
0111011100000000
0111011100000000
0000000000000111
0111000000000000
0000000001110111
0111000000000000
0000000000000000
0000011101110000
0111000000000000
0000000000000000
0000000001110000
0111011100000000
0000001001110111
0111000000000000
0222000001110111
0000022201110111
0BBB0FFF0AAA0000
0111000000000333
0000000000000111
0111011101000111
0000001001110111
0000000000000000
0000000000000000
0000000000000000
0111011101110000
0111000001110111
0121022200000222
0111022201110221
0111011101110222
0111011101110111
0000011101110000
0000000000000000
0000000000000000
0000000000000000
0111000000000000
0000033309990888
0000000000000000
01110CCC02220000
0000000000000000
0AAA055500000000
0000000000000555
0000000000000000
0000000000000000
0000000000000000
0000000000000000
0111000000000000
0111000001110111
0111000001110111
0000010101010111
0000000000000111
0000000000000000
0000000000000000
0000000000000000
0000000000000000
0000000000000000
0C010A0001000000
0C110C340B110C00
0211000007000E00
011105550CCC0666
0000011101110000
0000000000000111
0000000001110000
0000000001110111
0000011100000111
0000000001120000
0111010000000000
0000000000000000
0111000000000111
0000000001110111
0000000000000000
0000011101110000
0111011101110000
0111011100000000
0111011101110000
0111011100000111
0111000000000111
0111011101110222
0111022202220111
0111011101110111
0000000001110111
0111011101110000
0111000000000111
0222011100010111
0111011101110222
0111011101110111
0111011100000000
0111000000000111
0111011101110111
0000011101110111
0000011101110000
0111011100000000
0111011101110111
0111011101110111
0111011100000111
0222011101110111
0000000001110222
0000000001110111
0000011101110111
0000011101110111
0111000000000000
0000010001110111
0000011101110000
0111000000000000
0000000000000111
0111011101110000
0111011100000000
0111000000000000
0000000001110111
0111011101010000
0000000000000000
0000000001110111
0111011100000000
0000000000000000
0000011101110000
0222000000000000
0000033302220111
0000000000000000
0000000000000000
0000000000000000
0000000000000000
0000000000000000
0000000000000000
0000000000000000
0111011100000000
0000000000000000
0000000001110111
0000011101110000
0111000000000000
0000000000000000
0000000000000000
0000000000000000
0000000000000000
0000000001110111
0000011101110000
0111000000000000
0000000000000111
0000011100000000
0000000000000000
0000000000000111
0111000000000000
0000000000000101
0000000000000000
0000000000000000
0000000000000000
0000000000000000
0000000000000000
0000000000000000
0000000000000000
0000000001110000
0000000000000000
0000000000000111
0000000000000000
0000000000000000
0000011101110000
0000000000000000
0000000000000000
0000000000000000
0111011100000000
0000000001110111
0000000000000000
0000000001110111
0000011100110000
0000000000000000
0111011100000000
0000000000000100
0111011100000000
0000000000000000
0000000000000222
0000011100000000
0000000000000000
0000000001110000
0111000000000000
0111000000000010
0000011100000111
0222011100000000
0000022201110111
0CCC0FFF0AAA0222
0000000000000333
0000000000000000
0110000000000000
0110011101110111
0000000000000110
0000000000000000
0000000000000000
0100011101110111
0111000001110100
0111011101110111
0111011102220111
0111011101110111
0111011101110111
0000000000000000
0000000000000000
0000000000000000
0000000000000000
0AAA022200000000
0000000000000666
0000000000000000
02220DDD02220000
0000000000000000
0222000000000000
0000000007770888
0000000000000000
0000000000000000
0000000000000000
0000000000000000
0111000000000000
0111000001110111
0111011101110000
0000011101110000
0000000001110000
0000000000000000
0000000000000000
0000000000000000
0000000000000000
0000000000000000
0D01050000000000
0C440C330B110C00
0111000006000C23
011106660CCC0777
0000011101110000
0111000000000222
0111011100000000
0000000000000000
0000000001110000
0000011102220000
0000000001110000
0111000000000000
0222000000000000
0000000000000111
0000000001110111
0000000000000111
0000000001110111
0000000000000000
0000000000000000
0000001100000000
0111000000000000
0000000000000111
0000000001110000
0000000000000000
0000000000000000
0000011101100000
0000000000000000
0111011100000000
0000000000000000
0000000000000000
0000000000000000
0000000000000000
0000000000000000
0000000000000000
0000000001110000
0000000000000000
0000000000000000
0000000000000111
0000000000000000
0111010100000000
0000000000000000
0000000000000000
0111000000000111
0000000000000111
0111000000000000
0000000000000000
0000000000000000
0000011100000000
0000000000000000
0000000001110111
0000022101110000
0111011100000000
0000000000000000
0000000001110111
0111011100000000
0000000000000000
0000000001110111
0111011100000000
0000000001110000
0222000001110111
0000033302220111
0000000000000000
0000000000000000
0000000000000000
0000000000000000
0000000000000000
0000000000000000
0000000000000000
0000011101110000
0111000000000000
0000000000000111
0000000000000111
0111011100000000
0000000000000111
0000000000000000
0000011101110000
0000000000000000
0000000000000000
0000000001110111
0111011101110000
0000000000000000
0000000001110101
0111000000000000
0000000000000000
0000011101110000
0111000000000000
0000000000000111
0000000000000000
0000000000000000
0000000000000111
0111000000000000
0000000000010111
0000000000000000
0000000000000000
0101011100000000
0000000000000000
0000000000000000
0000000000000000
0000000000000111
0000011101110000
0111000000000000
0000000000000000
0111000001110000
0000000000000111
0111011100000000
0000000000000111
0000000000000000
0000000000000000
0000011101110000
0000000000000000
0000011101110000
0111011100000000
0000000000000000
0000000000000000
0000000000000000
0000000002220000
0000000001110111
0000011101110111
0000000001110000
0222022200000000
0000022201110111
08880CCC0EEE0999
0444000000000111
0222088807780999
0111000000000000
0111011101110111
0000000000000000
0000000000000000
0000000000000000
0111010001110111
0222000000100111
0111011101110000
0111011102220111
0111011101110111
0000011101110111
0000000000000000
0000000000000000
0000000000000000
0000000000000000
03330AAA02220000
0111011101110000
0000000000000000
04440EEE05550000
0000000000000000
0000000000000000
00000AAA07770000
0000000000000000
0000000000000000
0000000000000000
0000000000000000
0101000000000000
0111011101110111
0111011101110111
0000011101110011
0111000001110000
0000000000000000
0000000000000000
0000000000000000
0000000000000000
0000000000000000
0D01050000000000
0B550B550A120C00
0111000004000B33
044408880DDD0666
0000011101110111
0111000001110222
0111011101110000
0000000001110111
0010000000000111
0000011102220000
0000000000000000
0000000000000000
0111011101110000
0111011100000000
0111011100000111
0000000000000000
0000000000000000
0000000001110111
0000000000000000
0000000001110000
0111011101110000
0000000000000000
0000000000000111
0000011100000000
0110000000000000
0000000000000111
0000000001010000
0000000001110000
0000000000000000
0000000000000000
0000000000000111
0000000001110000
0000000000000000
0111000000000000
0000000000000000
0000000001110000
0000000000000000
0000000000000000
0000000001110111
0000000000000000
0000011100000000
0111000000000000
0111000000000000
0000000000000000
0000011100000000
0111000000000000
0000000000000000
0000000001110111
0111011100000000
0000000000000111
0000000001110111
0000011100000000
0111000000000000
0000000000000111
0000011101110100
0111000000000000
0000000000000111
0000022201110000
0222000000000000
0222000000000111
0000033302220111
0000000000000000
0000000000000000
0000000000000000
0000000000000000
0000000000000000
0000000000000000
0000000000000000
0000000001110111
0111011100000000
0111000000000000
0000000000000111
0000011101110000
0000000000100000
0000000000000000
0000000001110111
0000011101110000
0000000000000000
0111000000000000
0000000001110111
0000000000000000
0000000000000000
0000000001110000
0000000000000000
0000000001110111
0111011100000000
0000000000000000
0000000001110000
0100000000000000
0000000000000000
0000000001110000
0000000000000111
0100010000000000
0000000000000000
0000000001100110
0100000000000000
0000000000000000
0000011100000000
0000000000000000
0000000001110111
0111011101110000
0000000000000000
0000000000000000
0000000000000000
0111011002220111
0111000000000111
0000000000000000
0111000000000111
0000000001110111
0111000000000000
0000000001110111
0111011101110000
0111011100000000
0000000000000111
0000000000000000
0000000002220000
0000000000000111
0111011101110111
0111000000000000
0111033300000000
0000033301110000
05550BBB0EEE099A
0111000000000111
0111023202220322
0111000000000000
0000011100000111
0000000000000000
0000000000000000
0000000000000000
0000000001100111
0222000000000111
0111011101110111
0111011102210222
0111011101110111
0000011101110111
0000000000000000
0000000000000000
0000000000000000
0000000000000000
000005550AAA0000
0000000000000000
0000000000000000
06550EEE0AAA0000
0000000000000111
0100000000000000
0666088800000000
0000000000000000
0000000000000000
0000000000000000
0000000000000000
0000000000000000
0000011101100111
0011011101110111
0111011101110111
0000000001110000
0000000000000000
0000000000000000
0000000000000000
0000000000000000
0000000000000000
0D01050000000000
0B000B000C000C00
0000010006000B00
055508880CCC0444
0000011101110111
0111000001110222
0000011101110000
0000011100000111
0000011100000000
0000011101110000
0000000000000000
0000000000000000
0000011101110111
0000011101110111
0000000001110000
0111000000000000
0111011000000111
0000000000000000
0111000000000000
0000000000000111
0000011101110111
0000011100000000
0000000000000000
0000000001110111
0111011100000000
0000000000000000
0000000000000000
0000000000000111
0000001100000000
0111010000000000
0110000000000000
0000000000000111
0000000000000000
0000010000000000
0111000000000000
0000000000000111
0000000000000000
0000000000000000
0000000000000000
0000000000000000
0000000001110000
0000011100000000
0000000000000000
0000000000000000
0000000001110111
0000011100000000
0111011100000000
0000000000000111
0000011101110000
0111000000000000
0000000000000111
0000000001110111
0111011101000000
0111000000000000
0000000001110111
0000011101110000
0000000000000000
0000000001110111
0222022201110000
0222000000000000
0000033302220111
0000000000000000
0000000000000000
0000000000000000
0000000000000000
0000000000000000
0000000000000000
0000000000000000
0000000000000111
0000011101110000
0111011100000000
0000000000000000
0000000001110111
0AAA09990AAA0AAA
0000000000000555
0000000000000000
0000000000000000
0000000000000000
0000022204440000
0000000000000111
0000000001110000
0111000000000000
0000000000000111
0111011101110000
0000000000000000
0000000001110000
0111000000000000
0000000000000111
0000000000000000
0000000000000000
0000000000000000
0000000000000000
0000000000110000
0000000000000000
0000000000000000
0000000000000000
0000000000000000
0000000000000000
0000000000000000
0000000000000000
0000000001110111
0111000000000000
0777011100000000
0111000000000AAA
0BBB077701110111
00000111077709AA
0A9A044400000000
0111011100000000
0000000000000000
0000000000000000
0000000000000111
0000000002220111
0000011100000000
0000000000000000
0000000000010100
0000000002220000
0111011101110111
0111011101000111
0111011101110000
0111033300000111
0000022201110000
05550BBB0EEE0BBB
0111000000000000
0000000000000000
0111011101110111
0000000000000111
0000000000000000
0000000001110222
0000000000000000
0000000000000111
0111022200000111
0111011101110111
0111011101110111
0111011101110111
0000011100000111
0000000000000000
0000000000000000
0000000000000000
0000000000000000
0000000007770888
0000000000000000
0000000000000000
05550EEE0CCC0221
0000000000000222
0000000000000000
0666000000000000
0000000000000333
0000000000000000
0000000000000000
0000000000000000
0111000000000000
0111011101110111
0111011100000111
0111011101110111
0000000001110000
0000010000000100
0000000000000000
0333032200000000
0222033303330333
0000000000000111
0D01040000000000
0B010B010C000C00
000004000C000B01
055507780CCC0444
0000011101110111
0000000001110222
0000011101110111
0111011101110000
0000000001110111
0000011101110000
0000000000000000
0111000000000000
0000000000000111
0111000001210222
0000000000000101
09AA066600000111
066601110999099A
0000033308890333
09990CCC03330000
0000000006660AAA
0000000000000000
0000000001110000
0000000000000000
0000000000000000
0000000001110000
0000000000000000
0000000000000000
0000000000000000
0000011101110000
0000000000000000
0000000000000000
0000000000000000
0000000000000000
0000000000000000
0000000000000000
0000000000000000
0000000000000000
0000000000000000
0000000000000000
0000000000000000
0000000000000000
0000000001110111
000001110CCC0555
0AAA088800000000
0000044409990777
0555066600000000
0000011101110000
0110000000000000
0000000000000000
0111011101110000
0111000000000000
0000000000000111
0000000001110111
0111011100000000
0000000000000000
0000000001110111
0111011100000000
0000000000000111
0000011102220111
0222000000000000
0000033302220111
0000000000000000
0000000000000000
0000000000000000
0000000000000000
0000000000000000
0000000000000000
0000000000000000
0000000000000000
0000000001110222
0000011101110000
0111000000000000
0000000000000100
0667000004440CCC
0778033300000EEE
0111000001110777
0000022207770777
0222077707770122
04440ABB0EEE0333
0111000000000000
0000000001110111
0111011100000000
0000000000000000
0000011101110111
0000000000000000
0000000000000011
0000011100000000
0300010000000000
0300030003000300
0200020003000300
0300010004000200
0400040004000400
0410051005000400
0630042004100420
0640054006300530
0111011100000430
0000000001110000
0111011101110111
0111011101110111
0000011101110111
0000000000000000
0000011101110000
0999066600000000
0111011100000CDD
01110AAA02220000
000004440DDD0000
0DDD044400000000
0000011106660555
0000055506660333
0333066605550222
0111000000000000
0000000000000111
0000011101110000
0111000000000000
0000000000000111
0000000002220111
0000011100000000
0000010001110111
0000000001110111
0111033300000111
0000022200000000
05550BBB0DDD0CCC
0111011100000000
0111011101110111
0111011101110111
0000000001110111
0CCC066601110000
0000000005550FFF
0000000000000000
0111011000000100
0111011100000111
0111011101110111
0111011101110111
0111011101110111
0000000000000000
0000000000000000
0000000000000000
0000000000000000
0011000000000000
0000000004540BBB
0000000000000000
0000010000000000
06660EEE0FFF0444
0000000000000444
0000000000000000
0444000000000000
0000000000000333
0000000000000000
0000000000000000
0000000000000000
0000000000000000
0110000000000000
0000000100000000
0111011100000000
0000000001110000
0100010001000100
0000000000000000
0CCC0BBB02220000
0FFF0CCC0CCC0CCC
0000000000000BBB
0C01030000000000
0C010C010C010C01
000005000D000B01
066607770CCC0433
0000011100000111
0111000001110222
0000000001110000
0000000001110111
0000000001110111
0000022201110000
0000000000000000
0000000000000000
0000000000000000
0000011101110000
0111000000000000
0000099906660000
022208880AAA0000
000004440BBB0111
00000BBB05550000
044403330DDD0000
0777011102220666
0555000000000555
0333000006660777
0555000005550677
0222044400000222
0001033305550444
0000011105660666
0111000000000000
0000000000000111
0300040004000000
0300030003000300
0300030003000300
0510061105000400
0540074006200610
0111011101110000
0110011001100110
0111000001000210
0000011101110111
0111011101110111
0111011101110111
0000000001110000
0666000000000000
000001110EEE0CCC
08880BBB00000111
0000000002220222
0AAA088800000000
0111000005550666
0000033307770555
0000055503330444
0000000001110111
0111011100000000
0111000000000000
0000000000000111
0000011101110000
0111000000000000
0000000000000111
0000011101110000
0111000000000000
0000000000000222
0222000001110000
0000033302220111
0000000000000000
0000000000000000
0000000000000000
0000000000000000
0000000000000000
0000000000000000
0000000000000000
0111011100000000
0000000000000111
0000000001110111
0000011100000000
0000000000000000
0DDD09990BBB0CCC
05550CCC03330555
0AAA02330BBB0777
03330BBB06660666
0666077709990CCC
033309990CCC0222
0111000000000000
0000000000000000
0000010101110111
0111000000000000
0000000000000111
0010011100000000
0000000000000000
0000011101110111
07110A1102000000
0711071107110611
0711071107110711
0911040009110911
0A210A210A110A11
0C510C410B210A22
0F810D720B520C51
0DA00FC10E920E92
0111011101110320
0333000001100111
0111011101110222
0111011101110111
0111033301110111
0000000000000000
0000000000000111
0333000000000000
0000011100000CCC
0111000000000000
000001110AAA0889
0DDD044400000111
0000099908880555
07770BBB06670666
022207770EEE0555
0111011100000000
0000000000000000
0000000001110222
0000011100000000
0000000000000000
0111000002220111
0111000000000111
0111011101110111
0111011101110001
0111033300000000
0000022201110000
05550AAA0CCC0CCC
0000000000000000
0000000000000000
0111011100000000
0000000001110111
0DDD088803330000
0000000001110FFF
0000000000000000
0111011101110000
0111011100000111
0111011101110111
0111011101110111
0000011101110111
0000000000000000
0000000000000000
0000000000000000
0000000000000000
0777000000000000
0000000000000888
0000000000000000
0000000000000000
07770EEE0FFF0333
0000000000000333
0000000000000000
0111000000000000
0000000001110666
0000000000000000
0000000000000000
0000000000000000
0000000000000000
0111000000000000
0111011101110111
0111011101110111
0000011100000000
0100010001000100
0000000001000100
0000000000000000
0EEE088800000000
0000000000000333
0800000000000000
0A000A0009000900
000004000B000A00
066607770CCC0333
0000011100000111
0000000001110212
0111011101110111
0111000001110000
0111011100000000
0000022201110000
0000000000000000
0111000000000000
0000000000000000
0000000002220111
0111022200000000
0000088806670000
0999077706660000
000004440AAA0666
05550CCC04440000
0EEE033309990888
06660BBB04330566
0BBC077708880999
0DDD033307770555
0BBC022207770666
05550CCC00000444
0AAA033307770DDD
00000AAA09990777
0111011100000000
0000000000000000
071108010B010400
0811081107110811
0911091109110601
0C420C310B210911
05300FA10F900D51
0222022202220111
0321022102210221
0332022201100221
0111011103220332
0111011101110111
0111011101110111
0000000002220333
0888055500000000
000001110CCC0111
0BBB099900000111
000005550AAA0777
0BBB088800000111
011105550AAA0555
03330CCC06660777
0000044408880DDD
0000000000000111
0000011100000000
0000022200000000
0111000000000000
0000000000000111
0000011101110000
0111000000000000
0000000001110222
0111022201110000
0000000000000000
0222000001110111
0000033302220111
0000000000000000
0000000000000000
0000000000000000
0000000000000000
0000000000000000
0000000000000000
0000000000000000
0000011101110000
0222000000000000
0000000000000111
0000000001110000
0000011101110000
0555000004440CCC
00000DDD06660CCC
0EEE05550EEE0000
05550DDD00000000
0777088808880444
000004440BBB0000
0000000000000000
0111000000000000
0000000000000111
0000011101110000
0000000000000000
0000000001110000
0111000000000000
0000000000000111
0611091109110200
0611061106110611
0911071107110611
0911091105000A11
0911091109110911
0B510B510B410A21
0D810E810C610B51
01100CA00FB10D82
0111011101110111
0111033300000111
0111011101110111
0000011101110111
0000022203330111
0000000000000000
0000000000000000
0444000000000000
0000000000000CCC
0BBB044400000000
0000000000000666
0BBB044400000111
02220DDD02120000
09990BBB06660888
0000000008880555
0000022202220000
0111000000000000
0000000000000000
0000000001110000
0000000000000000
0000000002220111
0111011100000000
0111011101110111
0111011101110111
0111033300000000
0000022201110000
05550AAA0CCC0CCC
0555044400000000
0555055505550555
0000000003330555
0000000000000111
0DDD000000000000
0000000000000AAA
0000000000000000
0111011101110100
0111022200000111
0111011101110100
0111011101110111
0000011101110111
0000000000000000
0000000000000000
0000000000000000
0000000000000000
0999000000000000
0000000000000666
0000000000000000
0122000000000000
06660FFF0DDD0999
0000000004440888
0000000000000000
0000000000000000
0000000003330888
0000000000000000
0000000000000000
0000000000000000
0000000000000000
0111011101110111
0111011101110111
0111011101110111
0000011100000000
0100010001000100
0100010001000100
0000000000000000
02220EEE07770000
0000000000000000
0555000000000000
0555055505550555
0000021106550555
066607770BBB0333
0000011100000111
0111000001110111
0110000001110111
0110011101110111
0000011101110111
0000022201110000
0000000000000000
0000000000000000
0111000000000000
0000000001110111
0000011101110000
0000099908880000
0999088807770000
000004440AAA0666
05550CCC04440000
0BBB022200000444
06660EEE03330000
0666022208880888
0665011108880777
0BBB033308880777
05550BBB00000333
0EEE022200000BBB
0000088808880777
0000011101110000
0500010000000000
0711061108010A11
0711091108110711
091109110A110911
0B520B310B210B21
011104310DA00D70
0221022202220222
0221032102210221
0222022202220110
0111011101110222
0111011101110111
0222011101110111
0000000000000222
09990EEE01110000
000007870EEE0888
0000022200000000
00000CCC07770000
0777088800000111
0444099907770000
05550EEE06660888
0000000001110BBB
0000000000000111
0000000000000111
0000000001110111
0001022200000000
0000000000000000
0000000001110222
0111011100000000
0000000000000000
0000011101110111
0111011100000000
0222000000000000
0000044302220111
0000000000000000
0000000000000000
0000000000000000
0000000000000000
0000000000000000
0000000000000000
0000000000000000
0000000001110111
0000011101110000
0111000000000000
0000000000000111
0000011101110111
0999066609990DDD
07770BBB03330999
0BBB03330AAA0788
03330AAA07770888
0CCC099907770888
03330AAA0A990000
0000000001110000
0111011100100000
0000000000000000
0000000001110111
0000000000000000
0000000000000111
0111011100000000
0000000000000000
081107110B110711
0811081108110811
0A01090107110811
0A110B110A110400
0C210B210A110A11
0C510C510C610D41
0E910E810E810C61
000103210DA00FA1
0222022201110211
0000011103330000
0111011101110111
0111011101110111
0000000002220111
0000011101110000
0000000000000000
0444000001110000
0777000000000DDD
08990FFF04440333
0000011106660555
0DDD044400000000
055508880AAA0666
09990BBB05550DDD
0111000009A90666
0000000001110111
0111011101110000
0000000000000000
0000000000000111
0000000000000000
0000000002220000
0111011101110111
0111011101110111
0000000001110111
0111033300000000
0000023301110000
04440AAA0CCC0CCC
0BBB099900000000
0BBB0BBB0BBB0BBB
0000000006660CCC
0000000000000000
0FFF022200000000
0000000000000676
0000000000000000
0111011101110111
0111022200000000
0111011101110000
0111011101110111
0000000000000111
0000000000000000
0000000000000000
0000000000000000
0000000000000000
0999000000000000
0000000000000777
0000000000000000
0FFF077701110000
088806660BBB0FFF
022209990FFF0FFF
0000000000000000
0000000000000000
0000000003330AAA
0000000000000000
0000000000000000
0000000000000000
0000000000000000
0111011101110111
0111011101110111
0111011101110111
0000011100000000
0100010001000100
0100010001000100
0000000001000100
000003330EEE0888
0000000000000000
0ABB012100000000
0ACC0BCC0ACC0ACB
000003330BCC0ACB
066607770BBB0222
0000011100000111
0111000001110222
0000000001110111
0111011101110111
0111000001110111
0000022201110000
0000000000000000
0000000000000000
0000011101110000
0000000001110111
0000000001110011
07770BBB04440000
0AAA04440AAA0666
000004440BBB0666
00000AAA05550000
0CCC033300000000
06660BBB03230000
0888044404440888
077703330CCC0777
077805660BBB0666
05550DDD06660999
0999011100000BBB
0000055507770666
0000000001110000
0B11010001110000
0701071107110801
0911070108110701
0B110A110A010B01
0C510C510B310C20
0222011104200D80
0321022202220222
0210043003310321
0222022202220322
0222022201110111
0111011101110222
0222011101110111
0000000000000000
0333022200000000
011103330EEE0555
0999077700000999
000007770AAA0777
0CCC088800000111
099904440AAA0666
04550DDD06660AAA
0111000002220BBB
0111000000000000
0000000001110111
0000000000000111
0000011101110111
0111000000000000
0000000000000111
0000011102220111
0111000000000000
0000000000000111
0111011101110000
0222000000000000
0000043302220111
0000000000000000
0000000000000000
0000000000000000
0000000000000000
0000000000000000
0000000000000000
0000000000000000
0000000000000111
0000000001110111
0111011100000000
0111000000000000
0000000000000111
0444056605550444
0566011100000000
0111000000000555
0000011106660666
0000055506660434
0222055501110000
0000000000000000
0000000001110111
0111011100000000
0000000000000111
0000011100000000
0000000000000000
0000011101110000
0000000000000000
0300030003000100
0300030003000300
0100030003000300
0300030003000000
0310030003000300
0310041003100420
0320032003200320
0000000002100430
0000000000000000
0000011100000000
0000000000000000
0111011100000000
0000000000000000
0000000001110000
0111000000000000
0111000001110111
0555000000000444
0455055501110222
0000011106660666
0444022200000000
0000000006660555
0222044406660444
0111000003330222
0000000000000111
0000011101110111
0000011100000000
0000000000000000
0000000000000111
0111000002220000
0111011101110111
0111011101110111
0111011100000111
0111033300000000
0000033301110000
05550AAA0CCC0CCC
0000000000000000
0000000000000000
0000000000000000
0000000000000000
0FFF066600000000
0000000000000333
0000000000000000
0111000001110111
0111011100000111
0111011102220111
0111011101110111
0000011101110111
0000000000000000
0000000000000000
0000000000000000
0000000000000000
0556000000000000
0000000000000666
0000000000000000
0BBB0FFF0EEE0666
0333000004430777
0EEE0FFF0AAA0777
0000000000000777
0000000000000000
0000000004440CCC
0000000000000000
0000000000000000
0000000000000000
0000000000000000
0111011101110111
0111011101110111
0111011101110111
0100011100000000
0100010001000200
0100010001000100
0999000000000100
0000000003330FFF
0000000000000000
0600010000000100
0500060006000600
0000020006000500
066607770BBB0222
0000011100000111
0111000002220222
0111011101110111
0111000001110000
0111010100000111
0000022201110000
0000000000000000
0000000000000000
0000000001110111
0000000001110111
0111000000000000
0555022200000111
0333000002220666
0000011103330111
0000033301110000
0444022201110001
0666022200000000
0555000001110666
0444000002220666
0000000003330666
0111033303430555
0111000001110333
0000011105550555
0000000000000111
0100000000000000
0100010001000100
0100010001000100
0100010002000100
0100010001000100
0000000000000100
0000000000000000
0111000000000000
0000000000000111
0000000000000000
0000000000000000
0000000000000000
0000000101110000
0000000000000000
0000000004440000
0555000000000555
0000000004440666
0333022200000111
0111000003330555
0111033305550555
0000000001110333
0111011100000000
0000000000000111
0111000000000000
0000000000000111
0000011101110000
0111000000000000
0000000001110111
0111011101110000
0000000000000000
0000000001110111
0222000001010000
0000033302220111
0000000000000000
0000000000000000
0000000000000000
0000000000000000
0000000000000000
0000000000000000
0000000000000000
0000000000000111
0000000001110111
0000000001110000
0111011100000000
0000000000000000
0000000000000000
0000000000000000
0000011101110000
0111011100000000
0000000000000000
0000000000000000
0111000000000000
0000000000000111
0000000000000000
0000000000000000
0000000000000000
0000000000000000
0000000001000111
0000011101110000
0000000000000000
0000000000000000
0000000000000000
0011001100110000
0000001100000000
0000000000000000
0000000000000000
0000000000000000
0000000000000000
0000000001110111
0000000001000000
0000000001000000
0111000000000000
0000000000000000
0111011101110000
0000000000000000
0000000001110000
0000000000000000
0000000000000000
0000011101110000
0111000000000000
0000000000000111
0111011100000000
0111000000000000
0000000001110111
0000011101110000
0111000000000000
0000000000000000
0000000002220000
0011011100000111
0111011101110111
0000000001110000
0111033300000111
0000033301110000
05550BBB0CCC0CCC
0111011100000111
0111011101110111
0000000000000000
0000000000000000
0EEE0AAA00000000
0000000000000000
0000000000000000
0111011101110111
0111022200000111
0111011102220111
0111011101110111
0000011101110111
0000000000000000
0000000000000000
0000000000000000
0000000000000000
0111000000000000
0000000001010767
0CCC066600000000
0333055509990CCC
0111000001110222
0888033302220111
000005550BBB0CCC
0333000000000000
0000000002220888
0000000000000000
0000000000000000
0000000000000000
0000000000000000
0111011101110111
0111011101110111
0111011101110111
0100011100000000
0100010001000200
0100010001000100
0FFF087800000000
0000000000000555
0100000000000000
0E01020000000100
0C010C010D010D00
000003000C010C01
055507770BBB0333
0000011100000111
0111000002220222
0111011101110000
0111001001110111
0000000001000111
0000022201110000
0000000000000000
0111000000000000
0111000000000000
0000000000000111
0111022200000000
0000000000000000
0000000000000000
0000000000000000
0000000000000000
0000000001110111
0000000001110000
0000000000000000
0000000000000000
0000000000000000
0000000000000000
0000000001110000
0111000000000000
0000000000000000
0000000000000000
0000000000000000
0000000000000000
0000000000000011
0000000000000000
0000000000000000
0000000000000000
0111011101110000
0000000000000000
0000000000000000
0000000000000000
0000000000000000
0000000000000000
0111011100000000
0000000000000000
0000011101110000
0000000000000000
0000000000000111
0111011100000000
0000000000000000
0000000000000000
0000011101110111
0000000000000000
0111000001110000
0000000000000000
0000000001110111
0111011100000000
0000000000000000
0000000001110111
0111011100000000
0000000000000000
0222000001110111
0000033302220111
0000000000000000
0000000000000000
0000000000000000
0000000000000000
0000000000000000
0000000000000000
0000000000000000
0111000000000000
0111000000000000
0000000000000111
0000000001110000
0000000000000000
0000000001110111
0111000000000000
0000000000000111
0000000002220111
0111011101110000
0111011100000000
0111011101110111
0111000000000000
0000000001110111
0111011101110000
0111011101110111
0111011100000000
0000000000000111
0111011101110111
0000000000000000
0000000000000000
0000000000000000
0100010101110100
0000011101110100
0000000000000000
0111000000000000
0000000001100111
0111011101110000
0000000000000000
0111011001110111
0000000000000111
0000011101110000
0000000000000000
0000011101110111
0111000000000000
0000000001110111
0111011101110000
0111000000000000
0000000000000111
0111022201110000
0000000000000111
0000000001120111
0222000000000000
0000000000000000
0000000002220111
0000011100000000
0000000000000000
0000000002220000
0111011001110111
0000011101110111
0111011100000111
0111033300000000
0000033301110000
05550BBB0CCC0CCC
0000000000000000
0111011101110000
0110000000000000
0000000001110111
08880DDD01110000
0000000000000000
0000000000000000
0111011101110111
0111011100000111
0111011101110000
0111011101110111
0111011101110111
0000000000000000
0000000000000000
0000000000000000
0000000000000000
0000000000000000
0000000004440666
07770AAA0BBB0555
0000011102220333
0000000000000000
0111000000000000
0AAA0AAA06660333
0AAA000000000444
0000000000000333
0000000000000000
0000000000000000
0000000000000000
0111000000000000
0111011101110111
0111011101110111
0111011101110111
0100000001110000
0100010001000200
0100010001000100
07760EEE05550000
0000000001000000
0100010001000100
0D00020000000000
0B010B010B010C00
000003000B000A01
066608880BBB0433
0000011100000111
0111000001110222
0111011101010111
0100011101110111
0000000000000000
0000022200000000
0000000000000000
0000011101110000
0111011100000000
0000000000000000
0000011101110000
0101011100000000
0000000000000000
0000011101110111
0111011100000000
0111000000000111
0000000001110111
0000000000000000
0111000000000000
0111010000000111
0111000000000111
0000000000000000
0000011101110100
0000000000000000
0000000000000100
0000000001110000
0111011101110000
0000000000000111
0000000000000000
0101000000000000
0000000000000000
0000000001110111
0000000000000000
0000011100000000
0111000000000000
0000000000000000
0000000000000000
0000011101110111
0111000000000000
0000000001110111
0111011100000000
0000000000000000
0000000001110111
0111011100000000
0111000000000111
0000000001110111
0000000000000000
0000011100000111
0111011100000000
0000000000000111
0000011102220111
0111000000000000
0000000000000222
0000022201110000
0222011100000000
0222000000000222
0000033302220111
0000000000000000
0000000000000000
0000000000000000
0000000000000000
0000000000000000
0000000000000000
0000000000000000
0111011100000000
0111000000000000
0111000000000000
0000000000000111
0111000000000000
0000000000000111
0000011100000000
0111000000000000
0000000000000111
0000011101110111
0111000000000000
0000011101110111
0000011101110000
0000000000000000
0000000001110100
0000000000000111
0000011101110111
0010000000000000
0000000000000000
0000000000000110
0000000000000000
0222011100000000
0111011101110211
0000000000000111
0000000000000000
0111011101110000
0000000000000000
0000011101110000
0111000000000000
0111000000000111
0000000000000000
0000000001110111
0111011100000000
0000000000000111
0111011101110000
0000000000000000
0000000001110111
0111011101110000
0000000000000000
0000000001110222
0111011100000000
0000000000000111
0000022201110000
0111000000000000
0000000000000111
0000000001110000
0000000000000000
0100000002220000
0111011100100000
0111011101110111
0011010001110000
0111033300000111
0000044401110000
05550BBB0BBB0BAB
0111000000000000
0000022203330222
0111011101110000
0111011101110111
0000000000000111
0000000000000000
0000000000000000
0111000000000000
0111011100000111
0111011101110000
0111011101110111
0101011101110111
0000000000000000
0000000000000000
0000000000000000
0000000000000000
0960032000000000
09AA044408890852
0000000003330777
0000000000000000
0000000000000000
0000000000000000
0444011100000000
0AAA044406660777
0000000000000222
0000000000000000
0000000000000000
0000000000000000
0111000000000000
0111011101110111
0111011101110111
0111011101110111
0200010001110000
0100010002000200
0100010001000100
0100011101110000
0000000000000100
0000000001000000
0C01020000000000
0B010B010B010C01
000003000B010B01
055507770BBB0444
0000011101110111
0111000000000333
0111011101110111
0000011100000111
0011000000000000
0000011101110000
0000000000000000
0000000000000111
0000011100000000
0100011100000000
0000000000000111
0000000001110111
0111011100000000
0000000000000111
0000011101110000
0111000000000000
0000000000000000
0000000001000100
0000000001110000
0111011100000000
0000011100000000
0000000000000000
0000000001110111
0111000000000000
0111000000000000
0000000000000111
0000000000000000
0000000000000000
0000000000000000
0000000001110000
0111011101110000
0000000000000111
0000000000000000
0000000001010000
0000011101110000
0000011100000000
0111000000000000
0000000000000111
0111011100000000
0000000000000000
0000001101110111
0111011100000000
0000000000000000
0000000001110111
0111000000000000
0000000000000111
0111011100000000
0000000000000000
0000022201110000
0111000000000000
0000000000000222
0111022200000000
0000000000000000
0000000001110111
0111022201110000
0222000000000000
0000033302220111
0000000000000000
0000000000000000
0000000000000000
0000000000000000
0000000000000000
0000000000000000
0000000000000000
0000011101110000
0000011100000000
0111011100000000
0000000000000000
0111011100000000
0000000000000000
0000000000000111
0111011100000000
0111000000000000
0000000000000111
0111011100000000
0000000000000000
0000000000110111
0111000000000000
0000000000000000
0000000000000000
0000000000000000
0000000000000000
0000000000000000
0000000000000000
0555044403330222
0444044405550555
0555044404440444
0333044403330444
0000000001110222
0000011101000000
0000000000000000
0000000000000000
0111001000000000
0000000000000000
0111011100000000
0000000000000000
0111022201110000
0000000000000000
0000000001110000
0111000000000000
0000000000000111
0000000001110111
0222011100000000
0000000000000111
0111022201110000
0000000000000000
0000011101110000
0111022201110000
0111000000000000
0000000000000111
0000000000000000
0000000002220000
0000000001110000
0111011101110000
0111000001110111
0111033300000000
0222044401110010
05550AAA0AAA0AAA
0222000000000000
0000055507770777
0111000000000000
0111011101110111
0000000000000111
0000000000000000
0000000000000000
0111000000000000
0111000000000111
0222011102220000
0111011101110111
0111011101110111
0000000000000111
0000000000000000
0000000000000000
0320000000000000
0F900F900D800750
0111066605440C50
0000000000000000
0000000000000000
0000000000000000
0000000000000000
0000000000000000
03330CCC03330000
0000000000000000
0000000000000000
0000000000000000
0000000000000000
0111000000000000
0111011101110111
0111011101110111
0111011101110111
0300000001110000
0100010002000200
0100010001000100
0100000000000100
0000000000000100
0000000000000000
0C01020000000000
0C000C000C000C01
000004000B000C00
033306660BBB0555
0000011102220000
0000011100000333
0111011101110111
0111000001110111
0000000001110111
0000011102220000
0000000000000000
0000000000000000
0101000001110111
0111011100000000
0111000000000111
0000000000000111
0111011101110000
0000000000000000
0000000001110111
0000011101110000
0000000000000000
0000000000000111
0000000001110111
0000000001110000
0000011101110000
0111000000000000
0000000000000000
0000011101000000
0000000000000000
0222011100000000
0544044404440222
0444044404440444
0333033304430444
0000011102210222
0000000000000000
0000000000000000
0000000000000000
0000000000000000
0000000000000111
0000000001110111
0111011100000000
0000000000000000
0000011101110111
0111000000000000
0000000000000111
0000011101110000
0000000000000000
0000000000000111
0111011101110000
0000000000000100
0000000001110111
0111000000000000
0000000001110222
0111022201110000
0000000000000000
0000000001110111
0111011100000000
0000000000000111
0000000002220212
0222000000000000
0000033302220111
0000000000000000
0000000000000000
0000000000000000
0000000000000000
0000000000000000
0000000000000000
0000000000000000
0000000001110111
0000000001110000
0000000001110111
0000000001110000
0000011100000111
0111000100000000
0000000000000111
0000000001110101
0111011100000000
0000000000000000
0000011101110111
0111000000000000
0000000000000000
0000011101110111
0000011100000000
0000000000000000
0000000000000000
0000000000000000
0000000000000000
0666055504440222
0000033303330555
0000000000000111
0000000000000000
0333011101110111
0444055505550444
0000000001000222
0000000000000000
0000000000000000
0000000000000000
0000000000000000
0000011101010000
0000000000000000
0000000001110111
0111000000000000
0000000000000111
0111011101110000
0111000000000000
0000000000000111
0000011101110000
0000000000000000
0000000001110111
0111011100000000
0000000000000111
0000000002220111
0111011100000000
0000000000000000
0000000001110111
0000011103330000
0111011100000000
0111011101110111
0111011100000000
0222022200000110
0333033300000111
08880AAA08990888
0000000000000101
0111000000000000
0111011001100000
0000000001110111
0000000000000000
0000000000000000
0000000000000000
0000000000000000
0211000001110111
0111011101110111
0111011102110111
0111011101110111
0000000000000111
0000000000000000
0000000000000000
0FA00D8009610420
051008300D600F90
0666088800000200
0000000000000000
0000000000000000
0000000000000000
0000000000000000
0000000000000000
000004440AAA0222
0000000000000000
0000000000000000
0000000000000000
0000000000000000
0111011100000111
0111011101110111
0111011101110111
0111011101110111
0200010001110100
0100020002000200
0100010001000100
0100010001000100
0000000000000100
0000000000000000
0C01040000000000
0B220B3309110C00
001104000B000B11
011106660AAA0666
0111000002220000
0111011100000333
0000000001110111
0111011101110000
0000011101110111
0000011101120000
0000000000000000
0000000000000000
0000011100000000
0111011101110000
0111011100000000
0000000000000000
0000000001110111
0111000000000000
0000000000000000
0000000001110111
0000010000000000
0111000000000000
0111000000000101
0000000000000111
0000000000000111
0000011101110000
0000000000000000
0000000000110111
0444022200000000
0888088807770666
0333033306660888
0222022202220332
0444022202220222
0555044404440555
0000011103330444
0000000000000000
0000000000000000
0000011100000000
0111000000000000
0000000000000111
0000000001110111
0111000000000000
0000000000000111
0111011100000000
0000000000000000
0000000001110111
0111011100000000
0000000000000000
0000011101110111
0111000000000000
0000000000000111
0111011100000000
0000000000000111
0000011101110111
0222011100000000
0000000000000111
0000011101110000
0222011100000000
0000000000000111
0222000002220111
0000033302220111
0000000000000000
0000000000000000
0000000000000000
0000000000000000
0000000000000000
0000000000000000
0000000000000000
0000000000000111
0000000001110000
0000000000000111
0000000000000000
0000000001110000
0111011101110000
0111000000000000
0000000000000111
0000000001110111
0111000000000000
0000000001110111
0000011101110000
0111000000000000
0000000000000111
0000000001100000
0000000000000000
0000000000000000
0000000000000000
0555044402220000
0000000002220444
0555000000000000
0000044409990889
0666011100000000
0000011107770777
0332011100000000
0222033304440333
0000000000000000
0000000000000000
0000000000000000
0000000000000000
0000000000000000
0111000000000000
0000000000000111
0111011100000000
0000000000000000
0000000001110111
0111011101110000
0000000000000000
0000000001110111
0111011100000000
0000000000000111
0000011101110000
0111000000000000
0000000001110111
0000011101110111
0111000000000000
0000000000000111
0000011102220000
0000000000000000
0000011101110000
0111011101110111
0333011101110111
0333033300000111
0BBB0BBB08880111
0000000000000222
0000000000000000
0111011101110111
0000000001110111
0000000000000111
0000000000000000
0000000000000000
0000000000000000
0000000001110110
0111011201110111
0111011101110111
0111011101110111
0110000001110111
0000000000000100
0D91096103200000
06200B600F800F91
0000000001000200
0666000000000000
0000000002220888
0000000000000000
0000000000000000
0000000000000000
0555000000000000
0000000002220888
0000000000000000
0000000000000000
0000000000000000
0111000000000000
0111011100000111
0111011101110111
0111011101110111
0111011101110111
0300020001110111
0200020002000300
0100010002000200
0100010001000100
0000000000000000
0000000000000000
0C000A0000000000
0B880A6708120C00
0111000005000B55
011105550AAA0666
0111000002220000
0111011100000333
0111011100000000
0111011101110111
0000011101110000
0000000002220000
0000000000000000
0000000000000000
0111000000000000
0000011101110000
0000011100000000
0111000000000000
0000000000000111
0000011101110000
0111000000000000
0000000000000100
0000000001110111
0000011100000000
0111011100000000
0111011100000000
0000000000000000
0000000001110111
0000000000000000
0555022200000000
0555066608880666
0000000002210332
0000000000000000
0000001100010001
0000000000000000
0111000000000000
0444033302220111
0000000002220333
0000000000000000
0000000001110000
0111011100000000
0111000000000000
0000000000000111
0111011100000000
0000000000000000
0000000001110111
0111011100000000
0000000000000111
0000000001110111
0111000000000000
0000000000000111
0000011101110000
0000000000000000
0000000001110111
0111000000000000
0000000000000111
0111011101110000
0100000000000000
0000000001110111
0111022201110000
0111000000000000
0222000001110222
0000033302220111
0000000000000000
0000000000000000
0000000000000000
0000000000000000
0000000000000000
0000000000000000
0000000000000000
0000000000000000
0000000001110111
0111011100000000
0111000000000000
0000000000000000
0000000001110111
0010000000000000
0222000000000000
0000000000000111
0111011101110000
0000000000000000
0000000001110111
0000011101110000
0111000000000000
0000000000000000
0000000000000000
0000000000000000
0333000000000000
0111022204440555
0000000000000000
0BBB044400000111
01110ABB02220000
0999099900000000
0000011103330333
0000000001110111
0333011100000000
0000000003330444
0000000000000000
0000000000000000
0000000000000000
0000000000000000
0000000001110111
0111000000000000
0000011100000111
0222011100000000
0000000000000111
0000000001110111
0111011100000000
0000000000000000
0111011101110000
0111000000000000
0000000001110111
0111022201110000
0111000000000000
0000000001110122
0000011100000000
0000000000000000
0000011101110000
0000000000000111
0111011101110111
0111011101110000
0333000000000111
0333022201110111
0AAA099907880222
0000000000000222
0566044402230111
0111011100010111
0000011101110111
0000000000000000
0000000000000000
0000000000000000
0000000000000000
0000000001110010
0111011101110222
0111022201110222
0111011101110112
0000000001110111
0960042001100000
0A400D600F900D80
0000000002000520
0000000000000000
0000000000000000
0222077708880333
0000000000000000
0000000000000000
0000000000000000
0666099904440000
0000000000000000
0000000000000000
0000000000000000
0000000000000010
0111010000000000
0111011101110000
0111011101110111
0222011101110111
0000011102220111
0300030001000111
0100020002000200
0100010001000100
0000010000000000
0000000000000000
0000000000000000
0C010A0000000000
0A000B000C010C01
0322000004000B00
0111033309990777
0222000002220111
0000000000000111
0111011101110111
0111011101110010
0000011100000111
0000000002220111
0000000000000000
0000000000000000
0000022201110000
0111011100000000
0111000000000111
0111011100000111
0000000000000000
0000000001110111
0000011100000000
0111000000000000
0000000000000111
0000000001100111
0000000001110000
0000011101110000
0111000000000000
0000000000000011
0222000000000000
0444077708880555
0000000000000111
0169015700340001
02AE019D017B0169
04430BDD02AE02AE
0222033304440333
0000000001110222
0000000000000000
0444044402220122
0000000000000222
0000000000000111
0000011101110111
0111011100000000
0000000000000000
0000011101110000
0111000000000000
0000000000000111
0000011101110000
0111000000000000
0000000000000111
0111011100000000
0000000000000000
0000000001110222
0111000000000000
0000000000000222
0111022200000000
0000000000000000
0000000001110222
0111022200000000
0000000000000111
0000000001110222
0111011100000000
0222000000000000
0000033302220111
0000000000000000
0000000000000000
0000000000000000
0000000000000000
0000000000000000
0000000000000000
0000000000000000
0111000000000000
0000000000000111
0000011101110000
0111011100000000
0111000000000000
0000000000000111
0000000001110000
0000011101110000
0000000000000000
0000000001110111
0111011100000000
0000000000000000
0000000000000111
0000011100000000
0000000000000000
0000000000000000
0000000000000000
0333066604440000
0000000000000111
0000000001000110
0AAA044400000000
01110BBB00000000
09990ABA00000000
0000033309AA0444
0000000000000000
0000000000000000
0222044402320111
0000000000000000
0000000000000000
0000000000000000
0111000000000000
0000000000000001
0111011100000000
0000000000000111
0000022201110000
0111000000000000
0000000000000111
0000011101110000
0111000000000000
0000000001110221
0111011101110000
0000000000000000
0000011102110111
0111011100000000
0000000000000000
0000000001110010
0000000000000000
0000011101110000
0111011100000000
0111011101110111
0111011101110111
0333000000000111
0333022201110111
0AAA088808880222
0000000000000222
0444066607770333
0100000000000000
0000000000000111
0000000000000000
0000000000000000
0000000000000000
0000000000000000
0000000001110000
0222011101110222
0222011101110111
0111011102220222
0430011000000001
0D600F800F800950
0000010004100930
0000000000000000
0000000000000000
0000000000000000
0888044400000000
0222044405550888
0000000000000000
0666033301110111
0000022208880AAA
0000000000000000
0000000000000000
0000000000000000
0111011100000000
0111011100000000
0111011101110111
0222011101110111
0222011101210111
0111011102220111
0200030002000111
0100020002000200
0100010001000100
0000010001000000
0000000000000000
0000000000000000
0C010B0104000000
0B010B010B010B01
0222000004000C01
0100033309990777
0333000001110111
0111011100000111
0111000001110111
0111011101110111
0000011101110111
0000000001110111
0000000000000000
0000000000000000
0000000001110111
0000022201110000
0111011100000000
0000011101110000
0111011000000000
0000000000000111
0000000001110111
0000011100000000
0111000000000000
0111000000000000
0000000000000111
0000000001110111
0000011100000000
0000000000000000
0888088803330000
0000000002110555
018C016900450012
03BF03CF04DF03AE
037A038A038B03AE
05540BCC027A038A
0433044404440344
0222022203330333
0000000001110222
0111000000000000
0111033303330333
0111000000000000
0000000000000111
0000000001110000
0000000000000000
0000000000000111
0000011100000000
0111000000000000
0000000001110111
0111011101110000
0000000000000000
0000000001110111
0111000000000000
0000000000000111
0111011101110000
0000000000000000
0000011101110111
0111011100000000
0000000000000111
0000011101110111
0111000000000000
0000000001110111
0000021101110000
0222000000000000
0000033302220111
0000000000000000
0000000000000000
0000000000000000
0000000000000000
0000000000000000
0000000000000000
0000000000000000
0111011101110000
0000000000000000
0000000001110111
0000000001110000
0111011100000000
0111000000000000
0000000000000111
0000000001110111
0111011100000000
0000000000000000
0000000001110111
0111011100000000
0000000000000000
0000000000000111
0000000000000000
0000000000000000
0222000000000000
0000000004440555
0000000000000000
0000000000000000
09AA022200000000
0000099906660444
0888088801110555
000003330AAA0333
0000000000000000
0000000000000000
0222000000000000
0000000002220444
0000000000000000
0000000000000000
0000011101110000
0111000000000000
0000011101110000
0000000000000000
0000000002220111
0111011100000000
0111000000000000
0000000001110111
0222011100000000
0000000000000111
0000011102220111
0222011100000000
0000000000000111
0000011102220100
0111000000000000
0000000000000111
0000000001100000
0000022201110000
0111011101110000
0111011101110111
0111011101110111
0333000001110111
0444011101110221
0CCC088802220111
0111000001110777
0000000000000000
0000000001110000
0000000000000000
0000011100000000
0000000000000000
0000000000000000
0000000000000000
0000011100000000
0222000002220000
0222022102110111
0210000001110112
0F800D7009510631
0000020007200C50
0000000000000000
0000000000000000
0000000000000000
0000000000000000
0000000000000000
0777066604440222
0999088808880888
0222077708880999
0000000000000111
0000000000000000
0000000000000000
0000000000000000
0111000000000000
0110011101110111
0111011101110111
0222022201110111
0121022201110222
0111000001110111
0200030003000100
0100010002000200
0100010001000100
0000000001000100
0000000000000000
0000000000000000
0B010C0106000000
0C010C010A010B01
0444000002000A00
0000011106660888
0444011101110111
0000011100000111
0111011100000000
0111011101110111
0000000000000111
0000000002220111
0000000000000000
0000000000000000
0000000000000000
0000000002220111
0000011102220111
0000000001110111
0111011101110000
0111000000000000
0000000000000111
0000000001110111
0000011100000000
0111011100000000
0111000000000000
0000000000000111
0000000001110111
0444000000000000
0000022208880999
029C015700120000
03AD03AE03BF02AE
035704680368037A
0357036703570357
0444069B02570356
0333033303330333
0333033303320333
0333033302220333
0000000001110222
0333022200000000
0000000001110333
0111000000000000
0000000001110111
0111000100000000
0000000000000000
0000000001110111
0111011101110000
0111000000000000
0000000001110111
0111000000000000
0000000000000111
0111011100000000
0000000000000000
0000000001110111
0111000000000000
0000000001110222
0111011101110000
0111000000000000
0000000001110111
0111011100000000
0000000000000000
0000000002220111
0222000000000000
0000033302220111
0000000000000000
0000000000000000
0000000000000000
0000000000000000
0000000000000000
0000000000000000
0000000000000000
0000000001110111
0111011100000000
0000000000000000
0000000000000111
0000011101110111
0111011100000000
0111000000000000
0000000000000000
0000011101110111
0111000000000000
0000000000000111
0000011101110000
0111000000000000
0000000000000000
0000000000000000
0000000000000000
0444055500000000
0110011100000111
0000000000000000
0000000000000000
0111000000000000
0000000005550666
0555000001110666
0000000002220666
0000000000000000
0000000000000000
0000000000000000
0000022203330111
0000000000000000
0000000000000000
0000000000000000
0000000000000000
0000000000000000
0111011100000000
0000000000000111
0000000001110111
0111011100000000
0000000000000000
0000011101110111
0222000000000000
0000000000000222
0000011101110111
0111000000000000
0000000001110111
0000011100000000
0111000000000000
0000000000000111
0111022200000000
0010011101110001
0111011101110111
0111011101110111
0111000001110111
0333011101110333
0AAA088801110222
0000000002220BBB
0111011101110111
0111011101110111
0000000000000111
0000000000000000
0000000000000000
0000000000000000
0000000000000000
0000000000000000
0111011101110000
0011001101110222
0C60095004200210
031005200A400D60
0000000000000100
0000000001000100
0000000000000000
0000000000000000
0000000000000000
0000000000000000
0000000000000000
0000000000000000
0000000000000000
0000000000000000
0000000000000000
0000000000000000
0000000000000000
0000000000000000
0222022202220111
0111011101110111
0222022201110111
0222022202220111
0111011101110122
0200020003000200
0100010002000200
0100010001000100
0000000001000100
0000000000000000
0000000000000000
0C010C0107000000
0D010C010B110B01
0777011100000700
0000000003330999
0333011100000222
0111011101110000
0111011101110111
0000011100000111
0000000000000000
0000000000000222
0000000000000000
0000000000000000
0000000000000000
0111000000000000
0000000001110111
0000000000000111
0000000001110111
0000011100000000
0111000000000000
0000000000000111
0000000001110111
0000000001110000
0000011100000000
0000000000000000
0000000000000000
0777066603330000
0245000000000222
03AD02AE02AD029C
035704680479048B
0234026801460257
0223023402340245
0112002301230223
0222011101210111
0333022202220222
0333033303330333
0222022202220222
0000000000000111
0000022203330111
0111011100000000
0000000000000000
0000011101110000
0111000000000000
0111000000000000
0000000001110111
0111011100000000
0000000000000111
0111011100000000
0000000000000000
0000000001110111
0111000000000000
0000000000000000
0111022201110000
0000000000000000
0000000001110111
0111011100000000
0000000000000000
0000000001110111
0111000000000000
0000000000000111
0222000002220000
0000033302220111
0000000000000000
0000000000000000
0000000000000000
0000000000000000
0000000000000000
0000000000000000
0000000000000000
0000000000000111
0000011101110000
0111011100000000
0111000000000000
0000000000000111
0000000001110000
0000011101110000
0000000000000000
0000000001110111
0111011101110000
0000000000000000
0000000000000111
0000000000000000
0000000000000000
0000000000000000
0000000000000000
0000022204440222
0000000000000000
0000000000000000
0000000000000000
0000000000000000
0000000000000000
0000000000000000
0000000000000000
0000000000000000
0000000000000000
0100000000000000
0333011100000000
0000000000000111
0000000000000000
0000000000000000
0000000000000000
0000000000000000
0111012201110000
0111000000000000
0000000000000111
0000011101110111
0111011100000000
0000000000000111
0111011101110000
0111000000000000
0000000001100111
0111011101110000
0000000000000000
0000000001110111
0111011100000000
0000000000000000
0222011100000000
0000000001110000
0111011101110111
0111011101110111
0000000001110111
0222011101110333
0888077703330444
0000000003330BBB
0000000000000000
0111000000000000
0000000000000111
0000000000000000
0000000000000000
0000000000000000
0000000000000000
0100000000000000
0000011100000000
0930073002100011
031008300B400D50
0011000100000100
0111011101110111
0000000000000111
0000000000000000
0000000000000000
0000000000000000
0000000000000000
0000000000000000
0000000000000000
0000000000000000
0000000000000000
0000000000000000
0000000000000000
0000000000000000
0111000000000000
0222011100000000
0222022202230333
0222022202220222
0222011202220222
0100022200000222
0300030003000400
0100010002000200
0100010001000100
0000000000000100
0000000000000000
0000000000000000
0A000B000E000300
0C010D010B000A00
0777022200000200
0111000004440888
0111022200000222
0111011101110000
0111011101110111
0110011100000111
0000000001110111
0000000000000111
0000000000000000
0000000000000000
0000000000000000
0000011100000000
0222012100000000
0111000000000000
0000000000000111
0000000001110111
0000011100000000
0111000000000000
0000000000000111
0000000000000111
0000000001110111
0111000000000000
0111000000000111
0000011107770666
04AD039C01460000
04680478059A04AD
0246025702560357
0122024502340245
0111012201110122
0111012200000122
0111011101110000
0222011101110111
0222033302220111
0222022202220222
0000011101110222
0333011100000000
0000000000000222
0000000000000000
0000000001110111
0000000001110000
0110011100000000
0000000000000000
0000011101110111
0000000000000000
0000000001110111
0111011100000000
0000000000000111
0111011101110000
0111000000000000
0000011101110222
0111011100000000
0000000000000111
0000011101110000
0111000000000000
0000000000000111
0000011101110000
0111000000000000
0222000001110111
0000033302220111
0000000000000000
0000000000000000
0000000000000000
0000000000000000
0000000000000000
0000000000000000
0000000000000000
0111000000000000
0000000001110111
0000011101110000
0111011100000000
0111000000000000
0000000000000111
0000011001110111
0111011100000000
0000000000000000
0000000001110111
0111011100000000
0000000000000000
0000000000000000
0000000000000000
0000000000000000
0333000000000000
0111010000000444
0000000000000000
0000000000000000
0000000000000000
0000000000000000
0222022202220111
0222011103330777
0000000001110111
0000000000000000
0000000000000000
0000000000000000
0000000000000000
0000000002220333
0000000000000000
0000000000000000
0000000001110000
0000000000000000
0000000001110111
0111011101110000
0111000000000000
0000000000000111
0111011101110000
0000000000000000
0000011101110111
0111011101110000
0111000000000000
0000011101110111
0111011100000000
0000000000000111
0000000001110000
0000000000000000
0111022200000000
0111011101000000
0111011101110111
0111011100000000
0000000001110111
0111011102220333
0888044401110555
0000000006660DDD
0222000000000000
0000055507770333
0000000001100111
0000000000000000
0000000000000000
0000000000000000
0000000000000000
0000000000000000
0630042000000000
06200A300C400A40
0011000000000300
0111011101110111
0111011101110111
0000000001110111
0000000000000000
0000000000000000
0000000000000000
0000000000000000
0000000000000000
0000000000000000
0000000000000000
0000000000000000
0000000000000000
0000000000000000
0000000000000000
0110000000000000
0111011101110010
0333044402220111
0222022202220222
0222022202220333
0200011102220111
0200030002000300
0100010001000200
0100010001000100
0000000000000100
0000000000000000
0000000000000000
077706550C000700
0800070105220655
0999033300000100
0111000003330666
0111033301110111
0000000001110000
0111011101110000
0111011101110111
0000000001110000
0000000000000222
0000000000000000
0000000000000000
0000011100000111
0000011102220111
0000011101110000
0111011101110000
0111000000000000
0000000000000111
0000000001110111
0000022201110000
0111011100000000
0000000000000000
0000000000000111
0111011101110000
0777043300000000
0245010000000333
0479059C04AD039C
025603670479048A
0222012202340245
0111011101110111
0011011101110111
0000001100000000
0000000000000000
0100011100000000
0111011101100111
0111022202220222
0111021102220111
0000000000000111
0000010003330222
0000000000000000
0000000000000000
0000000000000111
0000000001110111
0111011100000000
0000000000000000
0111000000000000
0000000000000111
0000011101110000
0000000000000000
0000000001110111
0222011100000000
0000000000000111
0111011101110000
0000000000000000
0000000001110222
0111022200000000
0000000000000000
0000000001110111
0111011100000000
0222000000000111
0000033302220111
0000000000000000
0000000000000000
0000000000000000
0000000000000000
0000000000000000
0000000000000000
0000000000000000
0222001100000000
0000000000000000
0000000001110000
0000011101110000
0111011100000000
0111000000000000
0000000000000111
0000011101110000
0111011100000000
0000000000000111
0000000001110111
0111000000000000
0000000000000000
0000000000000111
0000000000000000
0333033300000000
0111011101110000
0000000000000111
0000000000000000
0000000000000000
0555055504440333
0222033303330455
0333022203330666
0444044404440344
0000000001110333
0000000000000000
0000000000000000
0000000001110111
0000022203330000
0000000000000000
0000000000000000
0000000000000000
0000000000000000
0000000000000000
0000011102220111
0111022200000000
0000000000000000
0000000001110122
0111000000000000
0000000000000111
0000011101110111
0111011100000000
0000000000000111
0111011102220000
0000000000000000
0000000001110111
0000000000000000
0222011100000000
0000011101110000
0111000000000111
0000011101110000
0000011100000111
0111011103330222
0555033303330444
0000022208880BBB
0AAA0AAA04440000
0000033306660999
0110011001110000
0000000000000000
0000000000000000
0000000000000000
0000000000000000
0520021000000000
09400D600D700950
0000000001000310
0111011101110011
0111011101110111
0111011101110111
0000011101110111
0000000000000000
0000000000000000
0000000000000000
0000000000000000
0000000000000000
0000000000000000
0000000000000000
0000000000000000
0000000000000000
0000000000000000
0000000000000000
0111011101110000
0111011101110111
0222011101110111
0333033304440333
0111022202220222
0300010002220111
0200020002000200
0100010001000100
0100010001000100
0000000000000000
0000000000000000
0200000000000000
086608230C000D00
0222089808980888
0999066601110000
0222000001110444
0111033302220111
0111000000100000
0111001001110000
0000000001110111
0111000000000111
0000000000000111
0000000000000000
0000000000000000
0000000000000000
0000000000000111
0000000001110111
0000011101110000
0111011100000000
0111000000000000
0000000000000111
0000011101110111
0000011101110000
0111011100000000
0000000000000000
0000000001110111
0000066606660000
08AB059B01230000
04670479048A0379
0223023402450357
0111011101110122
0111011101110111
0111011101110111
0111022200000111
0000000000000000
0000000000000000
0000000000000000
0222011100000000
0222022202220222
0000000001110333
0111022200000000
0000000000000000
0000000000000000
0111000000000000
0000000000000111
0000000001110111
0000000000000000
0111011101110000
0000000000000000
0000000001110111
0111011100000000
0000000000000000
0000011102220111
0000000000000000
0000000001110111
0222011100000000
0000000000000111
0000011101110111
0122011100000000
0000000000000000
0000011102220000
0222000000000000
0000033302220111
0000000000000000
0000000000000000
0000000000000000
0000000000000000
0000000000000000
0000000000000000
0000000000000000
0000011101110000
0111000000000000
0000000000000111
0000000001110111
0000022201110000
0111011100000000
0111000000000000
0000000001110222
0000011101110000
0111000000000000
0000000000000111
0000000001110000
0000000000000000
0000000000000000
0000000000000000
0000033304440000
0000000001110000
0000011101110000
0000000000000000
0555044402220000
0111011103330333
0000000000000000
0000000001110444
0222011100000000
0333055505550333
0000000000000111
0222000000000000
0000000000000111
0222033300000000
0000000000000000
0000000000000000
0000000000000000
0000000000000000
0111000000000000
0000000000000111
0000011102220111
0111000000000001
0000000000000111
0111011101110000
0111000000000000
0000000000000111
0000011102220111
0111000000000000
0000000001110111
0000011100000000
0000000000000000
0000000000000000
0333000000000000
0111000000000111
0111011100000111
0000000001110111
0000011101110111
0222022204440000
0222011105550222
0000055509990888
0000033302220000
0000000000000000
0000000000000000
0000000000000000
0000000000000000
0000000000000000
0100000000000000
0D600F800B600630
0000000004100940
0111011100000000
0111011101110111
0111011101110111
0111011101110111
0111011101110111
0000000000000111
0000000000000000
0000000000000000
0000000000000000
0000000000000000
0000000000000000
0000000000000000
0000000000000000
0000000000000000
0000000000000000
0000000000000000
0111011101110111
0111011101110111
0111011101110111
0222033302220111
0111011102220222
0200030001000222
0200020002000200
0100010002000200
0100010001000100
0000000000000000
0000000000000000
0500000000000000
0A000C000B000C00
0100061108000800
0888099903330000
0222011100000333
0000033303220111
0111000000000111
0000011101110100
0111011101110111
0222000000000111
0000000000000000
0000000000000000
0000000000000000
0111011101110000
0111011100000000
0111000000000111
0000000000000111
0000011101110000
0111011100000000
0111000000000000
0000000000000111
0000000000000111
0000001001110000
0000000000000000
0333000000000111
0000000003330898
09BC03AD049C0357
0345035703670777
0122012202230234
0000011101110111
0111011101110111
0111011101110111
04440AAA00000111
0000000001110000
0000000000000000
0000000000000000
0111000000000000
0444033301110111
0000011101110111
0121000000000000
0000000000000222
0000000000000000
0000011101110000
0111011100000000
0000000000000111
0111000000000000
0000000001110111
0111011100000000
0000000000000000
0000011101110000
0111000000000000
0000000001110111
0111011100000000
0000000000000111
0000011102220000
0111000000000000
0000000001110111
0111011101110000
0111000000000000
0000000001110221
0222000001110000
0000033302220111
0000000000000000
0000000000000000
0000000000000000
0000000000000000
0000000000000000
0000000000000000
0000000000000000
0000000001110111
0111011100000000
0111000000000000
0000000000000111
0000000001110111
0000011101110000
0111000000000000
0000000000000111
0000000001110111
0110011101110000
0000000000000000
0000000000000000
0000000000000000
0000000000000000
0000000000000000
0000000005550222
0000000000000000
0111011100000000
0111000000000000
0111022205550555
0000000000000000
0000000001100111
0000000002220555
0000000000000000
0444011100000000
0000000003330555
0000011101110000
0000000000000000
0333000000000000
0000000000000111
0000000000000000
0000000000000000
0000000001110111
0000022201110000
0222000000000000
0111000000000111
0111011101110111
0000000000000000
0000011001110111
0111011100000000
0111000000000000
0000000001110222
0222011101110000
0000000000000111
0000011101110111
0000000000000000
0000000000000000
0222000000000000
0111011100000111
0111000000000111
0111011101110111
0000000000000111
0111022203330000
0222044404440111
0000055509990777
0000000000000000
0000000000000000
0000000000000000
0000000001100110
0000000000000000
0000000000000000
0C600A5007400210
0100031007300B50
0000000000000000
0111011101110111
0111011101110111
0111011101110111
0111011101110111
0111011101110111
0000000001110111
0000000000000000
0000000000000000
0000000000000000
0000000000000000
0000000000000000
0000000000000000
0000000000000000
0000000000000000
0000000000000000
0111011101110000
0111011101110111
0111011101110111
0111011101110111
0111011101110111
0221011102220222
0200030002000100
0200020002000200
0200020002000200
0000010001000100
0000000000000000
0000000000000000
0A00000000000000
0B010B010B010C01
000007000D010C01
0666099904440100
0111022200000222
0000033302220111
0111011100000000
0100011101110111
0000011101110111
0222011100000000
0000000000000000
0000000000000000
0000000000000000
0000000000000111
0000011101110000
0111011100000000
0000000000000111
0000000001110111
0000000001110110
0111011100000000
0111011100000000
0000000000000000
0000000000000111
0000011101110000
0888022200000000
058A011200000222
038A059B05AC05BD
01220223077807AB
0111011101220122
0010001101110111
0111011101110111
0101000000000111
04440AAA00000111
0000000000000000
0000000000000000
0000000000000000
0000011100000000
0111033301110000
0111011101110111
0000000000000111
0000000002220111
0111000000000000
0000000000000111
0111011101110000
0000000000000000
0111011100000000
0000000000000000
0000001101110111
0111000000000000
0000000001110111
0111011101110000
0000000000000000
0000011101110111
0111000000000000
0000000001110111
0222011100000000
0000000000000000
0000000001110111
0211011100000000
0000000000000111
0222000001110111
0000033302220111
0000000000000000
0000000000000000
0000000000000000
0000000000000000
0000000000000000
0000000000000000
0000000000000000
0000000000000111
0000011101110111
0111011100000000
0111011100000000
0000000000000111
0000000001110000
0000011100000000
0111011100000000
0000000000000000
0000000001110111
0000000000000000
0111000000000000
0000000000000000
0000000000000000
0111000000000000
0000000000000555
0000000000000000
0100000000000000
0555044400000000
0111000000000222
0000000001110111
0000000000000000
0000000002220666
0000000000000000
0000000000000000
0111044403330000
0000000001110000
0000000000000000
0000000000000000
0000000000000333
0000000000000000
0000000000000000
0000000000000111
0000000001110111
0000011102220000
0111011100000000
0000011100000000
0111000000000000
0000000000000111
0000000001110111
0222011100000000
0000000000000000
0000011101120111
0111010000000000
0000000001110111
0000011101110000
0000000000000000
0111000000000000
0111000000000111
0111011101110111
0111011101110111
0111011101110111
0111033301220000
0222066602220111
0222088809990555
0000000000000000
0000022200000000
0000000000000000
0110011100000000
0000000000000000
0B60074003100000
010005300A500C60
0000000000000000
0000000000000000
0111000001110000
0111011101110111
0111011101110111
0111011101110111
0111011101110111
0000011100110111
0000000000000000
0000000000000000
0000000000000000
0000000000000000
0000000000000000
0000000000000000
0000000000000000
0000000000000000
0111011100000000
0111011101110111
0111011101110111
0111011101110111
0111011101110111
0111011101110111
0311032200110111
0200020003000300
0100010001000100
0100020001000100
0000000000000000
0000000000000000
0000000000000000
0C01060000000000
0C010C010C010B01
000002000C010C01
0444077706650111
0111022202220000
0000000003330111
0111011101110111
0000011101110111
0111011100000000
0111022200000111
0000000000000000
0000000000000000
0110000000000000
0000000000000000
0000010101110111
0111000001000000
0222011100000000
0111000000000111
0000000000000111
0000011101110111
0000011101110000
0111011100000000
0000000000000000
0000010001110111
0222088802220000
06AC057801110000
03670478059B06AC
01120356058A0268
0111011101110122
0000011101110111
0000000000000000
0000000000000000
0343088800000000
0000000000000000
0000000000000000
0000000000000000
0000000000000000
0000011105550111
0111011101110111
0000000001110111
0000022201110000
0111011101110000
0000000000000000
0000000001110111
0111000000000000
0000011100000000
0111011100000000
0000000000000111
0111011100000000
0000000000000000
0000000001110111
0111000000000000
0000000000000111
0111011100000000
0000000000000000
0000011102220111
0111011100000000
0000000000000111
0000011101110000
0222011100000000
0222000000000000
0000033302220111
0000000000000000
0000000000000000
0000000000000000
0000000000000000
0000000000000000
0000000000000000
0000000000000000
0000000000000000
0000000000000111
0000000001110111
0000011101110000
0111000000000000
0000000000000111
0000000001110111
0000011101110111
0111011100000000
0000000000000000
0000011101110000
0000000000000000
0000000000000000
0000000000000000
0555000000000000
0000000000000222
0000000000000000
0000000000000000
0000033306660111
0000000000000000
0000000000000000
0000000001110111
0000000002220666
0000000000000000
0000000000000000
0333000000000000
0000000000000222
0000000000000000
0000000000000000
0000000003330222
0000000000000000
0000000000000000
0000000000000000
0111000000000111
0000000000000111
0000011101110111
0000000001110000
0111011101110000
0222000000000000
0000000001110111
0000011102220111
0111000000000000
0000000001110222
0111011102220000
0000011100000111
0000000000000111
0000000000000111
0000000000000000
0111000000000222
0111011101110111
0111011101110111
0111011101110111
0222033300000111
0222022201110111
0444099908780111
0000000000000000
0111088809990444
0000000001000000
0000000000000000
0940032000000000
063108400B500A50
0000001100110321
0000000000000000
0000000000000000
0000011100000000
0111011101110111
0111011101110111
0111011101110111
0111011101110111
0111011101110111
0000000000000111
0000000000000000
0000000000000000
0000000000000000
0000000000000000
0000000000000000
0000000000000000
0111011001100010
0111011101110111
0111011101110111
0111011101110111
0111011101110111
0111011101110111
0111011101110111
0000010001110000
0100020002000200
0000010001000100
0111000001000000
0000011102110222
0000000000000000
0000000000000000
0C010C0001000000
0C010C000B000B00
0000000009000C01
0222054508880333
0111011102220000
0111000001110333
0111011101110000
0111011101110111
0000000001100000
0000022200000000
0000000000000000
0000000000000000
0000000000000111
0111000000000000
0000000000000111
0000000002220100
0111011101110000
0111022200000000
0211000000000000
0000000000000111
0000000001110111
0000011101110000
0111011100000000
0000000000000000
0000011108880222
0688057805780122
0334035604670689
0000024501230233
0111011101110111
0000000000000000
0000000000000000
0000000000000000
0000000000000000
0000000000000000
0000000000000000
0000000000000000
0111000000000000
0111000000000555
0111011101110111
0000000001110111
0222011100000000
0000000000000000
0111000000000000
0000000000000111
0000011101110000
0000000000000000
0111011101110000
0000000000000000
0000011101110111
0111000000000000
0000000000000222
0111022201110000
0000000000000000
0000011101110111
0222011100000000
0000000000000111
0000011101110000
0111000000000000
0000000001110111
0000011101110000
0222000001110000
0000033302220111
0000000000000000
0000000000000000
0000000000000000
0000000000000000
0000000000000000
0000000000000000
0000000000000000
0222011100000000
0111000000000000
0000000000000111
0000000001110111
0222011100000000
0000000000000111
0111000000000111
0000000000000111
0000011101110000
0111000000000000
0000000001110111
0000000000000000
0000000000000000
0000000000000000
0333033300000000
0000000000000000
0000000000000000
0222000000000000
0111022202220777
0000000000000000
0000000000000000
0111011100000000
0111011103330777
0000000000000000
0000000000000000
0000011100000000
0000000004440332
0000000000000000
0000000000000000
0000011103330000
0000000000000000
0000000000000000
0110010000000000
0111011100000000
0111011100000000
0000000000000111
0000000001110111
0000010101110000
0111011101110000
0111000000000000
0000000001110222
0111011101110000
0111000000000111
0000000002220111
0111011101110000
0111011100000000
0000000000000000
0000000000000000
0111000001110111
0000011100000000
0111011101110111
0000011100000111
0333033300000000
0444011101110111
0777088805550000
0000000000000111
0111000001110222
0000010000000333
0520010000000000
08400C600C600A50
0BBC056601110310
0AAA0CCC0AAA09AA
0000000000000222
0000000000000000
0111000000000000
0111011101110000
0111011101110111
0111011101110111
0111011101110111
0111011101110111
0111011101110111
0000010001110111
0000000000000000
0000000000000000
0000000000000000
0000000001000000
0111000000000000
0111011101110111
0111011001110111
0111011101110111
0111011101110111
0111011101110111
0111011101110111
0000011101110111
0000000000010111
0100010000000000
0000000000000100
0CCC066600000000
0AAA0CCC0ABB0BBB
0000000000000222
0000000000000000
0C000D0109000000
0B010B110B340B22
0111000003000D01
0000044408880666
0222011100000111
0000000000000444
0111000001110111
0111011101110111
0000000001010111
0000011100000000
0000000000000000
0000010000000000
0000001001110000
0111011100000000
0111000000000000
0111000000000111
0000011101110111
0000011101110000
0111022201110000
0111000000000000
0110000000000000
0000000000000111
0000011101110000
0222000000000000
0222000001110777
04780479058A0567
0223023403550467
0000011001110122
0000000002220010
0000000000000000
0000000000000000
0000000000000000
0000000000000000
0000000000000000
0000000000000000
0000000000000000
0666011100000000
0000000000000111
0111011101110000
0111000001110111
0111000000000111
0000000000000222
0111011100000000
0000000000000000
0000000001110111
0111000000000000
0000000001110111
0111011100000000
0000000001110222
0111022200000000
0000000000000000
0000011102220111
0111000000000000
0000000001110222
0111022201110000
0000000000000000
0000000001110111
0000011100000000
0111000000000000
0000000000000222
0222000001110111
0000033302220111
0000000000000000
0000000000000000
0000000000000000
0000000000000000
0000000000000000
0000000000000000
0000000000000000
0111011101110111
0111011101110000
0111011100000000
0000000000000111
0111000001110000
0000011100000000
0111011100000000
0000000000000000
0000000001110111
0111011100000000
0000000000000111
0000000001110111
0000000000000000
0000000000000000
0111055500000000
0000000000000000
0000000000000000
0777022200000000
0222011100000111
0000000000000322
0333000000000000
0666066605550444
0777066606660888
0000000004440555
0000000000000000
0000000001110222
0000044403330000
0000000000000000
0000000000000000
0000022200000000
0000000000000000
0000000000000000
0000000000000000
0000011101110000
0000011101110000
0111000000000000
0000000000000111
0000000000000222
0000011102220111
0111011100000000
0000000000000000
0000011102220111
0222000000000000
0000000000000111
0000011101110000
0000011101110000
0000000000000000
0000000000000000
0000000002120111
0111000000000000
0111011101110111
0111011001110111
0333000000000000
0333011102220111
0999077701110333
0000000000000555
0AAA077702220000
0000000000000777
0B500A5007300310
0000000003100730
04440FFF05550000
0FFF066600000000
0000011100000555
0000000000000000
0000000000000000
0111011101110111
0111011101110111
0111011101110111
0111011101110111
0111011101110111
0111011101110111
0111011101110111
0000010001000111
0111010101000000
0111011001110111
0111011101110111
0111011101110111
0111011100000111
0111011101110111
0111011101110111
0111022201110111
0111011101110222
0111011102220111
0111000000000111
0000000000000000
0000000000000000
0000000000000000
06660FFF04440000
0FFF055500000000
0000000000000666
0000000000000000
0D000D000E000600
0A120B760D550C01
0333000000000800
0111011105550888
0333021201010111
0111011100000333
0111011101110111
0111000000000111
0000000001110000
0000000002220000
0000000000000000
0000000000000000
0000000000000000
0000011101110111
0111011100000000
0111000000000000
0000000001110222
0000000001110111
0000000001110111
0000011101110000
0111011100000000
0000000000000000
0000000001000111
0999000000000000
0566011100000222
0368047805770567
0122022202340345
0111011101110111
0001023301110000
0000000000000000
0111000000000000
0333033302220222
0323033303330333
0111022202220222
0000000000000111
0000000000000000
0111055501110000
0000000000000000
0000000000000000
0222022201110000
0000000000000111
0000000001110111
0000000001110111
0111000000000000
0000000000000000
0111011100000000
0000000000000000
0111022201110000
0000000000000000
0000011101110111
0111000000000000
0000000001110111
0222011100000000
0000000000000111
0000011101110000
0111011100000000
0000000000000000
0000000001110111
0111011101110000
0111000000000000
0222000000000111
0000033302220111
0000000000000000
0000000000000000
0000000000000000
0000000000000000
0000000000000000
0000000000000000
0000000000000000
0000000002220000
0000000001110111
0111011101110000
0000000000000000
0000000000000000
0000000000000000
0000000001110111
0111011100000000
0000000000000000
0000011101110000
0111011100000000
0000000000000000
0000000000000000
0000000000000000
0000033303330000
0000000000000000
0000000000000000
0111077701110000
0000000000000000
0000011102220111
0444066604440000
0000000000000333
0111000001110333
0334066604440222
0111000000000001
0000000000000111
0333044400000111
0000000000000000
0000000000000000
0000022200000000
0000000000000000
0000000000000000
0000000000000000
0111000000000111
0000000001110222
0111011101110000
0111011100000000
0111000000000000
0000000000000111
0000011101110111
0222011100000000
0000000000000222
0000022201110000
0111000000000000
0000000001110222
0000000001110111
0000011101110000
0000000000000000
0000011101110000
0111011100000111
0111000000000000
0111011100000111
0222000001110111
0222011101110222
0999044401110444
0000000002220888
0111066604440000
0940052000000000
0000010005200830
0000000000000000
00000BBB0DDD0100
0CCC0AAA00000000
0000000000000111
0000000000000000
0000000000000000
0111011100000000
0111011101110111
0000011101110111
0111011100000111
0111011101110111
0111011101110111
0111011101110111
0111011101110111
0111011101110111
0222022202220222
0222022202210111
0111011101110222
0111011101110111
0111011101110111
0111011101110111
0111011101110111
0111011101110111
0111011101110111
0000011100000111
0000000000000000
0000000000000000
0000000000000000
09990EEE03230000
0AAA0A9A06660666
0000000000000222
0200000000000000
09110D000C010C01
09000C000B000733
0777011100000000
0222000003330888
0333022201110000
0111011100000000
0111011101110111
0000000001110111
0000000000000000
0000000001110111
0000000000000000
0000000000000000
0111000000000000
0000000001110111
0000011101110011
0111011100000000
0111000000000000
0222011100000000
0000000000000111
0000000001110111
0000011101110000
0111000100000000
0111000000000000
0555087700000000
0677056601110000
0344045605670567
0111012201220233
0111011101110111
0233011200000000
0000000000000001
0333033302220111
0111011102220222
0000000000000000
0000000000000000
0111011101110111
0000000000000000
0000011103330000
0000000000000000
0100000000000000
0111011102220111
0000000001110111
0000011101110000
0000000000000111
0000011101110000
0000000000000000
0000011101110000
0000000000000000
0000000001110222
0111000000000000
0000000001110111
0111011100000000
0000000000000000
0000011101110111
0111001000000000
0000000000000211
0000011101110000
0111000000000000
0000000000000111
0000000001110111
0111011101110000
0222000000000000
0000033302220111
0000000000000000
0000000000000000
0000000000000000
0000000000000000
0000000000000000
0000000000000000
0000000000000000
0000000000000111
0111000000000110
0000000000000111
0000000001110000
0000000000000111
0111000000000000
0000000000000111
0000011101110000
0000000000000000
0000000001110111
0000011101110000
0000000000000000
0000000001110111
0000000000000000
0000011104440000
0000000000000000
0000000000000000
0000044406660000
0000000000000000
0111011100000000
0000011106660666
0000000000000000
0000000001110333
0B83043100000000
0000000004430A84
0000000000000000
0555000000000000
0000000000000111
0000000000000000
0222011100000000
0000000000000000
0000000000000000
0000000000000000
0111000000000000
0111000000000000
0000000001110111
0111011101110000
0111011100000000
0111000000000000
0000000001110211
0111022201110000
0000000000000000
0000011101110222
0111022200000000
0111000000000000
0000000000000111
0000000001110111
0000000000000000
0000011100000000
0000000001110111
0111011100000000
0111011101110111
0000000001110111
0111011101110333
0777011103330222
0000000006660999
0111000000000000
0100042007640666
0000000000000000
0000000000000000
000007770FFF0222
08880FFF01110000
0000000000000000
0000000000000000
0000000000000000
0000000000000000
0000000000000000
0000000000000000
0000000000000000
0000000000000000
0000000000000000
0000000000000000
0000000000000000
0000000000000000
0000000000000000
0000000000000000
0000000000000000
0000000000000000
0000000000000000
0000000000000000
0000000000000000
0000000000000000
0000000000000000
0000000001110000
0000000000000000
0000000000000000
0000000001000100
09990EEE07770000
06660FFF08880888
0000000000000000
0800000000000000
0B230C000B010C01
05000C000B110B66
0888055500000000
0111011101110444
0222033302220111
0111011101110000
0000011101110111
0000000001110111
0000000000000000
0000000000000111
0000000000000000
0000000000000000
0111011100000000
0000000000000000
0000000000000111
0000000000000111
0000000001110111
0111022201110000
0111000000000000
0000000000000111
0000000001110111
0000000101110000
0111000000000000
0000077704440000
057806AB04680000
0233034405550567
0111011101110122
0110011101110111
0541000000000000
0444022200000531
0000000002220444
0000000000000000
0000000000000000
0000000000000000
0000000000000000
0000011101110111
0000000000000000
0000000000000000
0111000000000000
0111011101110111
0000011101110111
0000022200000000
0000000000000000
0000000001110111
0111011100000000
0000000001110111
0111011100000000
0000000000000111
0111011101110000
0000000000000111
0000011101110111
0111000000000000
0000000000000222
0111022201110000
0000000000000000
0000000001110222
0000011101110000
0222011100000000
0000000000000111
0000000002120000
0222000001110000
0000033302220111
0000000000000000
0000000000000000
0000000000000000
0000000000000000
0000000000000000
0000000000000000
0000000000000000
0000000000000000
0111011100000000
0111000000000000
0000000000000111
0000011101110000
0111011101110000
0000000000000000
0000000001110111
0111011100000000
0000000000000000
0000000001110111
0000000000000000
0000000000000101
0000000000000000
0100011003320000
0000000000000000
0000000000000000
0000000006660222
0000000000000000
0777022100000000
0000000000000333
0000000000000000
0000000001110333
0B70032000000000
0000033308760B70
0000000000000000
0333000000000000
0000011100000555
0111000000000000
0222011100000111
0000000000000000
0000011100000000
0000000000000000
0000000000000000
0111000000000000
0000000000000222
0000000001110111
0000000001110000
0222011100000000
0000000000000000
0000000001110111
0222010100000000
0000000000000111
0000011102220111
0111022200000000
0111000000000000
0000000000000111
0000000000000000
0000011100000000
0010000001010000
0000011101110111
0100011101110111
0000011101110000
0111011103330222
0222011003330111
0000033308880877
0333000000000000
0000000001110776
0000000000000000
0000000000000000
000000000EEE0888
03330FFF05550000
0000000000000000
0000000000000000
0000000000000000
0000000000000000
0000000000000000
0000000000000000
0000000000000000
0000000000000000
0000000000000000
0000000000000000
0000000000000000
0000000000000000
0000000000000000
0000000000000000
0000000000000000
0000000000000000
0000000000000000
0000000000000000
0000000000000000
0000000000000000
0000000000000000
0000000000000000
0000000000000000
0000000000000000
0000000000000000
000007770FFF0666
0BBB0FFF00000000
0000000000000000
0E01060000000000
0B000B010C010C01
010008000D010B00
0777077702220000
0111011100000111
0000033302220222
0111011101110000
0111011100000111
0000011101110111
0111000000000000
0000000000000111
0000000000000000
0000000000000000
0000000000000000
0111000000000000
0111000000000000
0111000000000111
0000000000000111
0000000001110222
0000011101110000
0111011100000000
0000000000000000
0000000001110111
0000000001110000
000002220AAA0111
0589078906780222
0111023304450567
0111011101110122
0011000000000111
0100000000000111
0111033306530421
0000000000000000
0000000000000000
0000000000000000
0000000000000000
0000000000000000
0000000000000000
0000000000000000
0000000000000000
0000000001110111
0111011101110000
0111011101110111
0111000000000000
0111000000000000
0000000000000000
0111011101110000
0000000000000000
0111011101110000
0000000000000000
0000011101110111
0111000000000000
0000000000000222
0111021200000000
0000000000000000
0000011001110111
0111011100000000
0111000000000000
0000000001110111
0000011101110000
0111000000000000
0000000000000111
0222000001110111
0000033302220111
0000000000000000
0000000000000000
0000000000000000
0000000000000000
0000000000000000
0000000000000000
0000000000000000
0000000000000000
0000000001110111
0111022200000000
0111011100000000
0000000000000111
0000000001110111
0111000000000000
0000000000000000
0000000001110000
0111000000000000
0000000000000000
0000011101110000
0000000000000000
0000000000000000
0111000002220222
0000000001110111
0000000000000000
0000000003330555
0000000000000000
0222099901110000
0000000000000000
0000000000000000
0000000000010333
0320032000000000
0111088701110100
0000000000000000
0111011100010000
0000000001110666
0111000000000000
0222000000000111
0000000000000000
0000000000000000
0000000000000000
0000000000000000
0111022201110000
0111000000000000
0111000000000111
0000000000000111
0000011101110000
0222000000000000
0000000000000111
0000011102220000
0111000000000000
0000000001110221
0000011102220000
0111011100000000
0000000000000000
0000000000000000
0111011100000000
0111011100000000
0111011101110111
0111011101110111
0111011101110111
0111022203230000
0000033302220111
0111077708880443
0000000000000000
0000000000000000
0000000000000000
0000000000000000
066606660FFF0AAA
01110CCC0DDD0666
0000000000000000
0000000000000000
0000000000000000
0000000000000000
0000000000000000
0000000000000000
0000000000000000
0000000000000000
0000000000000000
0000000000000000
0000000000000000
0000000000000000
0000000000000000
0000000000000000
0000000000000000
0000000000000000
0000000000000000
0000000000000000
0000000000000000
0000000000000000
0000000000000000
0000000000000000
0000000000000000
0000000000000000
0000000000000000
067709AA0FFF0666
03330DDD0BBB0666
0000000000000000
0B00070000000000
0B010B010D010C01
000002000B000C01
0444088806660100
0222011101110000
0000011103330222
0111011101110111
0111011101110111
0111000000000111
0111000000000000
0000000000000000
0000000000000000
0111000000000000
0000000000000000
0000011100000000
0000011101110000
0111021201110000
0111000000000000
0000000000000111
0000000001110111
0000011101110000
0111000000000000
0000000000000111
0000000001110111
0111000006660777
0555055505550655
0134013502340344
0111011101110111
0111011100000000
0321000000000110
0000000003220433
0000000000000000
0000000000000000
0000000000000000
0000000000000000
0000000000000000
0000000000000000
0000000000000000
0111000000000000
0000000000000111
0111011100000000
0000011001110111
0111000000000000
0000011100000000
0111000000000000
0111000000000222
0111000000000000
0000000001110111
0111000000000000
0000000000000222
0111011100000000
0000000000000000
0000011102220111
0111000000000000
0000000001110121
0010011101110000
0111011100000000
0000000000000110
0000000002220111
0111011100000000
0111000000000000
0222000000000111
0000033302220111
0000000000000000
0000000000000000
0000000000000000
0000000000000000
0000000000000000
0000000000000000
0000000000000000
0222000000000000
0000000000000100
0000000001110000
0111022100000000
0222000000000000
0000000000000111
0000011101110000
0111000000000000
0000000001110111
0111022200000000
0999088802220000
0000000000000555
0777077706660000
0000000000000111
0111000001110222
0111011101110000
0111000000000000
0000000000000555
0000000000000000
0000066606660000
0000000000000000
0430000000000000
0000032006400641
0000031001000000
0666033300000000
0111011100000000
0000011101110111
0111000003330444
0000000001110111
0111000000000000
0000000000000000
0333099909990555
0222000000000000
0000055508880777
0000011101110111
0111011100000000
0111011100000000
0111000000000000
0000000000000111
0111011101110000
0111000000000000
0000000000000222
0222011101110000
0111000000000011
0000000001110111
0000022201110000
0000000000000000
0000000000000000
0111000000000000
0101011101100000
0111011101110000
0111011101110111
0111011100000111
0111033300000000
0111033301110111
0555088806660111
0000000000000000
0000000000000000
03330BBB06660111
0000000000000000
0888088807770000
0000000007770888
0000000000000000
0000000000000000
0000000000000000
0000000000000000
0000000000000000
0000000000000000
0000000000000000
0000000000000000
0000000000000000
0000000000000000
0555055505550222
0444055505550555
0000000000000000
0000000000000000
0555055505550444
0444055505550555
0000000000000000
0000000000000000
0000000000000000
0000000000000000
0000000000000000
0000000000000000
0000000000000000
0000000000000000
0000000000000000
0777088804440000
0000011107770777
0000000000000000
04330ABB09AA0000
0D010B0007000300
0000000003000B00
0222055508880444
0111022201110111
0111000001110222
0111011101110111
0111011101110111
0000000000000000
0000011100000000
0000000000000000
0000000000000000
0000000000000000
0111000000000000
0000000000000000
0000000001110111
0000000001110000
0111022201110000
0222011100000000
0111000000000111
0000000001110111
0000011101110000
0111000000000000
0111000000000111
0333000000000AA9
0345055605550555
0122011101110223
0100011200230022
0000000000000000
0432064101000000
0000000000000111
0000000000000000
0000000000000000
0000000000000000
0000000000000000
0000000000000000
0000000000000000
0000000000000000
0000000000000000
0000000000000000
0111011000000000
0111011101110111
0000000000000111
0000000000000222
0222011100000000
0000000000000111
0111011100000000
0000000000000000
0111022200000000
0000000000000000
0000011101110000
0111000000000000
0000000001110121
0111011100000000
0000000000000000
0000000001110111
0000011101110000
0111000000000000
0000000000000111
0000011001110111
0111011000000000
0222000000000111
0000033302220111
0000000000000000
0000000000000000
0000000000000000
0000000000000000
0000000000000000
0000000000000000
0000000000000000
0111011101110000
0111000000000000
0000000001110111
0000000001110111
0111011101110000
0000000000000000
0000000001110111
0111011100000000
0000000000000000
0000000001110111
011103440BBB0000
0000000003330999
0555022209990777
0000000000000211
0000000000000111
0000000000000000
0222000000000000
0000000000000444
0000000000000000
0000000009990111
0000000000000000
0FB0096000000000
05300E900FB00FB1
0000000000000000
0999011100000000
0111000000000000
0000000000000111
0000000003330222
0000000000000000
0222000000000000
0333000000000111
0AAA044401110AAA
0BBB011100000000
0100033303330333
0000000000000111
0000011101110000
0000000000000000
0000011101110000
0000000000000000
0000000001110111
0222021101110000
0000000000000111
0000022202220111
0111011100000000
0000000000000000
0000000001110111
0000011101000000
0000000000000000
0111000000000000
0111011100000111
0111000000000101
0111011101110111
0111011101110111
0222022200000111
0221022201110111
0888088802220111
0000000000000444
0999044400000000
0111044409990CCC
0000000000000111
0000000000000000
0000000000000000
0000000000000000
0000000000000000
0000000000000000
0000000000000000
0000000000000000
0000000000000000
0000000000000000
0000000000000000
0000000000000000
0888011100000000
0FFF0EEE0FFF0EEE
0FFF0FFF0FFF0FFF
0000000001110999
0AAA044400000000
0FFF0FFF0FFF0FFF
0FFF0FFF0FFF0FFF
0000000000000777
0000000000000000
0000000000000000
0000000000000000
0000000000000000
0000000000000000
0000000000000000
0000000000000000
0000000000000000
0000000000000000
0000000000000000
0100000000000000
0CCC088803220200
0700042207770CCC
0322000000000700
0000022207770777
0111011102220111
0111000000000222
0111011101110111
0000011101110111
0000000001110000
0000011100000000
0000000000000000
0000000000000000
0000000000000111
0111011100000000
0111000000000000
0111000000000000
0000000000000111
0000011101110111
0111011101110000
0111011100000000
0000000000000000
0000000001110111
0111011101110000
0766000000000000
0555011100000544
0233045505550555
0111011101110111
0000001100110111
0000000000000000
0011022007400100
0000000001110111
0000000000000000
0000000000000000
0000000000000000
0000000000000000
0000000000000000
0000000000000000
0000000000000000
0000000000000000
0000000000000000
0111000000000000
0111011102210221
0000000000000000
0000000001110111
0000011101110000
0000000000000000
0000011101110111
0000000000000000
0000022201110222
0111000000000000
0000000001110111
0111011100000000
0000000000000000
0000011102220111
0222011100000000
0111000000000111
0000000000000222
0111022201110000
0111000000000000
0000000000000222
0111012101110000
0222000000000000
0000033302220111
0000000000000000
0000000000000000
0000000000000000
0000000000000000
0000000000000000
0000000000000000
0000000000000000
0000000001110111
0111011100000000
0000000000000000
0000000001110111
0000000001110111
0111011100000000
0000000000000111
0111011101110000
0111000000000000
0000000001110222
000001110BBB0111
0000000004440999
099906660AAA0888
0111000000000333
0222022202220222
0444044403330333
0555044404440333
0444044404440666
0333033304330444
0444043308880444
0333033303330333
0FB10FB006420333
0C800E900EA10EB6
0333032202220211
0999044403330333
0444044404440444
0333033303330444
0333033305550444
0222033304440444
0222011101110111
0333000000000111
0AAA011100000999
0CCC011100000000
0000078807770666
0000000000000000
0000000000000100
0111000000000000
0000000001110222
0111011100000000
0000000000000111
0000011102220111
0111000000000000
0000000001110222
0000011102220000
0222011100000000
0000000000000111
0000000001110111
0000011100000000
0000000000000000
0000000000000111
0111011100000000
0111011101110111
0111011101110111
0222000000000111
0222022201110111
0988044400000000
0000000002110777
07770CCC0BBB0444
0111000000000222
0000000000000111
0000000000000000
0000000000000000
0000000000000000
0000000000000000
0000000000000000
0000000000000000
0000000000000000
0000000000000000
0000000000000000
0000000000000000
0000000000000000
0FFF0DCD02220000
0111011104440CCC
0FFF099902220111
0000000006660FFF
0FFF0FFF06660000
0111011101110999
0FFF0AAA02220111
0000000007770FFF
0000000000000000
0000000000000000
0000000000000000
0000000000000000
0000000000000000
0000000000000000
0000000000000000
0000000000000000
0000000000000000
0000000000000000
0200010000000000
0200010003000300
05660CCC0AAA0555
0777011100000000
0000011103330888
0333000001110222
0111011100000000
0111011101110111
0111000001110111
0000000000000111
0000000001110000
0000000000000000
0000000000000000
0000000000000000
0000000000000000
0000011101110000
0000011100000000
0111000000000000
0000000001110111
0000000001110111
0000022201110000
0222011100000000
0000000000000111
0000000001110111
0AAA011100000000
0555044400000111
0233044405550555
0011011101110111
0000000000000010
0200000000000011
0000000002100940
0000000001110111
0000000000000000
0000000000000000
0000000000000000
0000000000000000
0000000000000000
0000000000000000
0000000000000000
0000000000000000
0000000000000000
0000000000000000
0111011101110111
0000000000000111
0000000001110111
0000000001110111
0111000000000000
0000000000000111
0111000000000000
0000011101110222
0111011100000000
0000000000000111
0000011101110111
0000000000000000
0000000001110111
0000011101110000
0222011100000000
0000000000000000
0000000001110111
0111011100000000
0000000000000000
0000010002220111
0222000000000000
0000033302220111
0000000000000000
0000000000000000
0000000000000000
0000000000000000
0000000000000000
0000000000000000
0000000000000000
0000000000000111
0000011101110000
0111011100000000
0111000000000000
0000000000000111
0111011101110000
0111000000000000
0000000002220111
0111011100000000
0000000000000000
022204440BBB0000
0000022203330AAA
0AAA011107770888
0000000000000666
0111011101110222
0222022101110111
0444022202220111
0222022202220555
0111011102220222
0222011108880333
0111011101110111
0E900EA005410111
0B800E900D900D91
0111011101110100
0999033301110111
0222022202220222
0111011101110222
0222011105550333
0111011102220222
0111000000000000
0222000000000111
0AAA055502220AAA
0CCC011103330000
01110CCC03330222
0111011100000000
0000000001110111
0111011100000000
0000000000000111
0111011101110000
0111000000000000
0000000001000222
0111011101110000
0000000000000111
0000000002220222
0000022201110000
0111000000000000
0000000000000111
0000000001110111
0000000000000000
0000000001110100
0111011101110000
0111011101110111
0111011101110111
0111000001110111
0222011101110222
0555011101110111
0000011107770999
0000000004440222
0111011101110000
0000010000000000
0000000000000000
0000000000000000
0000000000000000
0000000000000000
0000000000000000
0000000000000000
0000000000000000
0000000000000000
0000000000000000
0000000000000000
0000000000000000
0FFF0FFF07660000
0000000000000333
0888011100000000
0000000003330888
0DDD0FFF0DDD0111
0000000000000111
0EEE022200000000
0000000008880FFF
0000000000000000
0000000000000000
0000000000000000
0000000000000000
0000000000000000
0000000000000000
0000000000000000
0000000000000000
0000000000000000
0000000000000000
0100000001000000
0100020002000200
0322033300000000
0888066601110000
0111000001110444
0222033300000111
0111011101110000
0101011101110111
0000011101110111
0000000000000000
0000000000000000
0000000000000000
0000000000000000
0000000000000000
0000000000000000
0000000001110111
0000011101110000
0111011100000000
0000000000000000
0111000000000000
0000000001000111
0100022201110000
0111000000000000
0000000000000111
0666066600000000
0456045601110000
0111033303440455
0000001101110111
0000000000000000
0950000000000000
0000000000000320
0000000000000000
0000000000000000
0000000001110000
0000000000000000
0000000000000000
0111022202220111
0000000000000111
0000000000000000
0000000000000000
0000000000000000
0000000000000000
0111011101110111
0000000001110111
0111000001110000
0000000000000000
0111011100000000
0101000000000000
0111011101110111
0000000000000000
0000011101110000
0111000000000000
0000000001110221
0111022200000000
0000000000000000
0000000001110222
0000011101110000
0222011100000000
0000000000000111
0000011102220111
0212011100000000
0000000000000111
0222000002220111
0000033302220111
0000000000000000
0000000000000000
0000000000000000
0000000000000000
0000000000000000
0000000000000000
0000000000000000
0000000000000000
0000000000000111
0000011101110000
0111011100000000
0000000000000000
0000000001110111
0222011100000000
0000000000000111
0000011101110000
0000000000000000
0888088802220000
0333077700000444
0555088807770111
0000000000000000
0000000001110222
0000000000000000
0222000000000000
0000000000000455
0000000000000111
0000000007770000
0000000000000000
0C80064000000000
01100A600C800D80
0000000000000000
0888022200000000
0000000000000000
0000000000000000
0000000005550222
0000000000000000
0111000000000000
0000000000000111
0111088808880444
0333000007770111
0000033308990888
0111000001110000
0000000001000111
0000011101110000
0111000000000000
0000000000000111
0111011101000000
0000000000000000
0000011101110111
0111000000000000
0000000000000221
0000000001110111
0111011100000000
0111000000000000
0000000000000111
0000000000000000
0000011101110000
0111011100000111
0111011101110111
0111011101110111
0000011101110111
0222011102220111
0111011100000333
000006660AAA0555
0111011100000000
0111011101110111
0000000001110111
0000000000000000
0000000000000000
0000000000000000
0000000000000000
0000000000000000
0000000000000000
0000000000000000
0000000000000000
0000000000000000
0000000000000000
0000000000000000
09A90FFF0DDD0111
0000000000000000
0000000000000000
0000000000000000
08880FFF0FFF0444
0000000000000000
0FFF088800000000
0000000004440EEE
0000000000000000
0000000000000000
0000000000000000
0000000000000000
0000000000000000
0000000000000000
0000000000000000
0000000000000000
0000000000000000
0000000000000000
0000000000000000
0000010000000000
0000000000000100
0555077703330000
0000011100000222
0000022201110000
0111011101110000
0000000000000111
0000000001110111
0000000000000011
0000000000000111
0000000000000000
0000000000000000
0000000000000000
0111000000000000
0000000000000000
0000000000000000
0000000000000000
0000001100000000
0111022201110000
0000000000000000
0000000001110111
0000011100000000
0000000000000000
0555087700000000
0356035602220000
0122024503460456
0000000001110111
0000000000000000
0740063000000000
0000000000000000
0000000000000000
0666000100000000
000001110DDD0DDD
0000000000000000
0666000000000000
0CCC0DDD0DDD0EEE
000002220BBB0EEE
0000000000000000
0000000000000000
0000000000000000
0000000000000000
0111011101110000
0000000001110111
0000000001110000
0000000000000000
0000011102220000
0111000000000000
0000000001110111
0110000000000000
0000000001110222
0222011100000000
0000000000000000
0000011101110000
0222011100000000
0000000000000111
0000000001110111
0100011101110000
0111000000000000
0000000000000221
0111022201110000
0000000000000000
0222000001110111
0000033302220111
0000000000000000
0000000000000000
0000000000000000
0000000000000000
0000000000000000
0000000000000000
0000000000000000
0222011100000000
0111000000000000
0000000000000111
0000000001110111
0222000000000000
0000000000000000
0000011101110000
0000000000000000
0000000001110111
0111011100000000
0000000000000111
0000000000000000
0000000000000000
0000000000000000
0000000001110111
0000000000000000
0000000000000000
0111000000000555
0000000001110111
0000055503330000
0000000000000000
0110000000000000
0000000001100221
0000000000000000
0222078800000000
0000000000000000
0000000000000000
0000000003330333
0000000000000000
0222000000000000
0000000000000000
0000000000000000
0000000000000000
0000000000000000
0111011101110000
0000000000000000
0000000001110111
0111011100000000
0000000000000000
0000011102220111
0222011100000000
0000000001000111
0111022201110000
0222011100000000
0000000000000111
0000011101110111
0100011101110000
0000000000000000
0000000000000001
0000011100000000
0111011101110011
0110011101100111
0111011101110000
0111000001110111
0111022201110000
0111000002220222
0222077707770111
0110000000000000
0111011101110111
0000000000000000
0000000000000000
0000000000000000
0000000000000000
0000000000000000
0000000000000000
0000000000000000
0000000000000000
0000000000000000
0000000000000000
0000000000000000
0000000000000000
0AAA0FFF0EEE0111
0BBB0BBB0CCC0777
011109990BBB0BBB
0000000000000000
05550FFF0FFF0777
0000000000000000
0FFF0AAA00000000
0000000000000CCC
0000000000000000
0000000000000000
0000000000000000
0000000000000000
0000000000000000
0000000000000000
0000000000000000
0000000000000000
0000000000000000
0000000000000000
0000000000000000
0000000000000000
0000000000000000
0222022203330111
0000000000000000
0111000001110111
0000011101110111
0111011101110111
0111000000000000
0111000000000111
0000000000000000
0000000000000000
0000000000000000
0000000000000000
0000011101110000
0111000000000000
0000000000000111
0111000000000000
0000000000000111
0000000001110111
0111000000000000
0000000000000000
0000000001110111
0000011100000000
01100CAA03330000
0444044403330000
0111012203330444
0222022202220112
0000000000000111
01000B6001000000
0000000000000000
0000000000000000
0DDD0CCC08880000
000000000BBB0FFF
0000000000000000
0FFF088800000000
0111011101110999
00000AAA0FFF0777
0000000000000000
0000000000000000
0000000000000000
0000000000000000
0111011101110000
0000011101110111
0000011101110000
0000000000000000
0000000001110111
0111011100000000
0000000000000000
0222011100000000
0000000000000111
0000022201110000
0000000000000000
0000000001110212
0000011101110000
0111011100000000
0000000000000010
0000000001110111
0111011100000000
0000000000000000
0000000002120222
0111011100000000
0222000000000000
0000033302220111
0000000000000000
0000000000000000
0000000000000000
0000000000000000
0000000000000000
0000000000000000
0000000000000000
0110011101100000
0111011100000000
0111000000000000
0000000000000111
0111011101110000
0000000000000000
0000000001010111
0221011100000000
0000000000000111
0000011101110000
0000000000000000
0000000000000111
0000000000000000
0000000000000000
0000000001110111
0000000000000000
0000000000000000
0000000002220555
0000000000000000
0333066600000000
0000000000000000
0000000000000000
0000000001110333
0000000000000000
0000067704440000
0000000000000000
0000000001110000
0000000001110666
0000000000000000
0111000000000000
0000000000000000
0000000000000000
0000000000000000
0000000000000000
0000011102220111
0111011100000000
0000000000000111
0000011101110000
0222011100000000
0000000000000111
0111011101110000
0000000000000000
0000011102220222
0111022201110000
0111000000000000
0000000000000111
0000001101110111
0111010000000000
0000000000000000
0111000000000000
0111010001110000
0001011101100111
0000011101110111
0111011101110111
0111011100000000
0000011102220111
0444033302220211
0000000000000222
0000000001110111
0000000000000000
0000000000000000
0000000000000000
0000000000000000
0000000000000000
0000000000000000
0000000000000000
0000000000000000
0000000000000000
0000000000000000
0000000000000000
0000000000000000
0EEE0FFF0FFF0888
0BBB0BBB0BBB0BBB
0DDD0FFF0FFF0CCC
0111000000000333
01110EEE0FFF0DDD
0000000000000000
0FFF0DDD02220000
0000000000000BBB
0000000000000000
0000000000000000
0000000000000000
0000000000000000
0000000000000000
0000000000000000
0000000000000000
0000000000000000
0000000000000000
0000000000000000
0000000000000000
0000000000000000
0111000000000000
0111033303330333
0000000001110000
0111000000000222
0111011101110111
0000011101110111
0000011101000000
0111000000000000
0000000000000000
0000000000000000
0000000000000000
0000000000000000
0000000001110111
0111011100000000
0111000000000000
0000011101110111
0111000000000000
0000000000000111
0000022201110000
0111011100000000
0000000001000111
0000000001110000
00000A9805440000
0334033303330000
0000001102220333
0222011100010000
0000011101110222
0000073007300000
0000000000000000
0000000000000000
0333033306660000
0000000008980FFF
0000000000000000
0999055500000000
0000000000000000
000009990FFF0555
0000000000000000
0000000000000000
0000000000000000
0000000000000000
0111011101110000
0000011101110111
0000011100000000
0111011100000000
0000000000000000
0000011101110000
0000000000000000
0111011101110111
0000000000000000
0000000001110111
0111011100000000
0000000000000000
0000000001110222
0000011101110000
0111011100000000
0000000000000111
0000011101110111
0222000000000000
0000000000000111
0000011101110000
0222000000000000
0000033302220111
0000000000000000
0000000000000000
0000000000000000
0000000000000000
0000000000000000
0000000000000000
0000000000000000
0000000001110111
0000011101110000
0111011101000000
0000000000000000
0000000001110222
0111011100000000
0000000000000000
0110011101110000
0000000000000000
0000000001110222
0111011100000000
0000000000000000
0000000000000000
0000000000000000
0000000002220000
0000000000000000
0000000000000000
0000000004440222
0000000000000000
0888011100000000
0000000000000444
0000000000000000
0000000001110333
0000000000000000
0000000007770444
0000000000000000
0222000001110111
0000000000000444
0000000000000000
0111000000000000
0000000000000000
0000000000000000
0000000000000000
0111000000000000
0000000001110111
0000011101110000
0111000000000000
0000000000000111
0111011101110000
0111000000000000
0000011102220111
0111011100000000
0000000000000222
0000000002220111
0111022200000000
0111000000000000
0000000000000111
0000011101110000
0000000000000000
0111000000000000
0111011100000000
0111011100000111
0111000001110111
0000011101110111
0111000001110111
0222022201110111
0444032302220111
0000000002220444
0000000000000000
0000000000000000
0000000000000000
0000000000000000
0333000000000000
0000000000000222
0000000000000000
0000000000000000
0000000000000000
0000000000000000
0000000000000000
0000000000000000
0000000000000000
05550FFF0FFF0999
0000000000000000
0FFF0FFF08780000
0000000000000899
00000CCC0FFF0CCC
0000000000000000
0FFF0FFF05550000
0000000000000555
0000000000000000
0000000000000000
0000000000000000
0000000000000000
0000000000000000
0000000000000000
0000000000000000
0000000000000000
0000000000000000
0000000000000000
0000000000000000
0000000000000000
0333011100000000
0000011103330433
0222000000000111
0111011000000000
0111011100000111
0000000001110111
0111000000000000
0000011100000000
0000000000000000
0000000000000000
0000000000000000
0111011100000000
0000000000000100
0000011101110011
0111011100000000
0000000000000111
0000011101110000
0111000000000000
0000000001110222
0000011101110000
0000000001110000
0000000000000000
0000086609770000
0333033303330111
0001000001120333
0000011100110011
0000000000000000
0000031009500000
0000000000000000
0000000000000000
0666000000000000
0000000006660FFF
0000000000000000
0000000000000000
0333000000000000
000003330FFF0CCD
0000000000000000
0000000000000000
0000000000000000
0000000000000000
0111011101110000
0000011101110111
0000021100000000
0000011101110000
0000000000000000
0000000001110222
0111000000000000
0000000002220222
0222000000000000
0000000000000111
0000022201110000
0111000000000000
0000000000000111
0000000002220111
0000011101110000
0111000000000000
0000000001110111
0111022201110000
0000000000000000
0000000001110000
0222000001110000
0000033302220111
0000000000000000
0000000000000000
0000000000000000
0000000000000000
0000000000000000
0000000000000000
0000000000000000
0000000000000111
0000000000000111
0000000001110111
0111011100000000
0000000000000111
0111011101110000
0111000000000000
0000000001110111
0111011100000000
0000000000000000
0000000001110111
0000000000000000
0000000000000000
0000000000000000
0000000001110000
0000000000000000
0000000000000000
0000022204440000
0000000000000000
0111000000010000
0000022206660666
0000000000000000
0000000001110444
0666022200000000
0000000000000555
0001000000000000
0555000000000000
0000000000000111
0000000000000000
0111011100000000
0000000000000000
0000000000000000
0000000000000000
0111011100000000
0000000000000000
0000000001110111
0111011100000000
0111000000000000
0000000001110222
0222011100000000
0000000000000111
0111022201110000
0111000000000000
0000000000000111
0000011101110111
0111011100000000
0000000000000000
0000000000000111
0000000000000000
0000000000000000
0000000000000111
0111011100000000
0000000000000111
0111011101110111
0000000001110111
0333011101110111
0222022201110111
0000011103330333
0000000000000000
0000000000000000
0000000000000000
0000000000000000
0777066600000000
0000000005550888
0000000000000000
0000000000000000
0000000000000000
0000000000000000
0000000000000000
0000000000000000
0111000000000000
00000BBB0FFF0BBB
0000000000000000
0FFF0FFF03340000
0666000000000555
000008880FFF0FFF
0000000000000000
0DDD0FFF08770000
0000000000000111
0000000000000000
0000000000000000
0000000000000000
0000000000000000
0000000000000000
0000000000000000
0000000000000000
0000000000000000
0000000000000000
0000000000000000
0000000000000000
0000000000000000
0222033301010000
0000000001110222
0110022200000000
0111011101110000
0111011101110110
0000000001110111
0000000000000111
0000000001110000
0000000000000000
0000000000000000
0000000000000111
0000011101110000
0001000000000000
0000000001110111
0111011101110000
0000000000000000
0000000001110111
0111011100000000
0000000000000111
0000000000000111
0000000001110111
0000011100000000
0000086609870000
0333033304440221
0000000001110222
0000000000000000
0000000000000000
0000021009400210
0000000000000000
0000000000000000
0BBB000000000000
0000000002220FFF
0000000000000000
0000000000000000
0EEE099905550111
0000000006660DDD
0000000000000000
0000000000000000
0000000000000000
0000000000000000
0111011101110000
0000011101110111
0000011100000000
0000000001010111
0111011100000000
0000000000000111
0222011100000000
0000000000000111
0000011101110000
0000000000000000
0000000001110222
0111022200000000
0111000000000000
0110000000000111
0000000001110111
0111011100000000
0000000000000000
0000011102220111
0111001000000000
0000000000000111
0222000001110111
0000033302220111
0000000000000000
0000000000000000
0000000000000000
0000000000000000
0000000000000000
0000000000000000
0000000000000000
0000011100000000
0111000000000000
0000000000000000
0111011101110000
0111000000000000
0000000001110111
0111011100000000
0000000000000000
0000011101110000
0111000000000000
0000000000000111
0000000000000000
0000000000000000
0000000000000000
0000011101010000
0000000000000000
0000000000000000
0000055501110000
0000000000000000
0000000001110000
0555055502220000
0000000001110444
0111000002220555
0333066606660443
0000000000000000
0000000000000000
0222044400000000
0000000000000000
0000000000000000
0000022200000000
0000000000000000
0000000000000000
0000000000000000
0000000001110000
0111011100000000
0000000000000111
0000011101110111
0111011100000000
0000000000000000
0100022201110000
0000000000000000
0000000002220111
0100011101110000
0111000000000000
0000000000000222
0000011101110000
0111011100000000
0000000000000000
0000000001110111
0000000000000000
0000000001110000
0000000001110000
0111000000000000
0111011101110111
0000011101110111
0111011101110000
0222000000100222
0111033302220222
0000000000000000
0000000000000000
0000000000000000
0000000000000000
0666055500000000
0000000009990777
0000000000000000
0000000000000000
0000000000000000
0000000000000000
0000000000000000
0000000000000000
0555000000000000
000008880FFF0FFF
0000000000000000
0FFF0FFF0BBB0000
0AAA000000000211
000004440FFF0FFF
0000000000000000
0DDD0FFF0CCC0000
0000000000000000
0000000000000000
0000000000000000
0000000000000000
0000000000000000
0000000000000000
0000000000000000
0000000000000000
0000000000000000
0000000000000000
0000000000000000
0000000000000000
0000000000000000
0111032203330000
0000000000000111
0000000001110000
0111011101110000
0111011101110111
0000011100000101
0000000001110000
0000000000000111
0000000000000000
0000000000000000
0000000000000000
0000000001110111
0111011100000000
0000000000000000
0000000002220111
0111000000000000
0000000000000111
0111011101110000
0111011100000000
0111011100000000
0111000000000111
0000000000000111
0000076509770000
0444022202220111
0000000001110333
0000000000000000
0000000000000000
000000000A300410
0000000000000000
0000000000000000
0DDD000000000000
0000000000000EEE
0000000000000000
0888011100000000
05550BBB0DDD0EEE
0000000000000111
0000000000000000
0000000000000000
0000000000000000
0000000000000000
0222022201110000
0000011102120222
0000011100000000
0000000000000000
0111011100000000
0000000000000000
0111011101110111
0111000000000000
0000000001110111
0111011100000000
0000000000000000
0000000001110111
0111011100000000
0111011100000000
0000000000000000
0000011101110111
0111000000000000
0000000000000111
0000022201110000
0111000000000000
0222000000000111
0000033302220111
0000000000000000
0000000000000000
0000000000000000
0000000000000000
0000000000000000
0000000000000000
0000000000000000
0000000001100000
0111022201110000
0000000000000000
0000000001110111
0111011100000000
0000000000000000
0000011101110111
0000000000000000
0000000001110111
0111011100000000
0000000000000000
0000000000000000
0000000000000000
0000000000000000
0000022200000000
0000000000000000
0000000000000000
0444011100000000
0111000000000000
0000000000000000
0111000000000000
0445044404440222
0555044405550666
0000000002220333
0000000000000000
0000000000000111
0000033303330000
0000000000000000
0000000000000000
0000011101110000
0000000000000000
0000000000000000
0000000000000000
0000000000000111
0000011101110000
0111000000000000
0000000000000111
0000011101210000
0111000000000000
0000000001110222
0222011100000000
0111000000000111
0000000000000111
0111011100000000
0111000000000000
0000000001110111
0000011101110000
0111000000000000
0000000000000000
0000000000000111
0000000001110000
0000000000000111
0111011101110111
0111011101110111
0111011101110111
0111000000000000
0000000002220111
0333033302220111
0000000000000111
0000000000000000
0000000000000000
0555088803330000
0999077700000000
0000000007770999
0000000003330555
0000000000000000
0000000000000000
0000000000000000
0000000000000000
0000000000000000
0555000000000000
02220BBB0FFF0FFF
0000000000000000
0BBB0FFF0EEE0555
0999000000000111
000008880FFF0FFF
0000000000000000
08880FFF0FFF0888
0000000000000000
0000000000000000
0000000000000000
0000000000000000
0000000000000000
0000000000000000
0000000000000000
0000000000000000
0000000000000000
0000000000000000
0000000000000000
0000000000000000
0000000000000000
0111022204440333
0000010000000000
0111000000000111
0111011101110111
0111000000000000
0000000001110111
0000000000000000
0000000000000011
0000000000000000
0000000100000000
0111000000000000
0000000000000111
0000011101110000
0111000000000000
0000000001110111
0111022200000000
0111000000000000
0000000001110111
0000011101110000
0000011101110000
0111011100000000
0000000000000000
0000076509770000
0333033304430221
0000000001110333
0000000000000000
0000000000000000
000000000A200510
0000000000000000
0000000000000000
0FFF044400000000
0000000000000BBB
0000000000000000
0DDD0EEE06660000
0000000000000444
0000000000000000
0000000000000000
0000000000000000
0000000000000111
0000000000000000
0111022201100000
0000011101110121
0000011100000000
0000000000000000
0000011102220111
0000000000000000
0000000001110111
0111011100000000
0000000000000111
0000011101110000
0111000000000000
0000000000000111
0000000001110111
0000021100000000
0111011000000000
0000000000000111
0000022201110000
0111000000000000
0000000001110111
0111011100000000
0222000000000000
0000043302220111
0000000000000000
0000000000000000
0000000000000000
0000000000000000
0000000000000000
0000000000000000
0000000000000000
0000000000000000
0000000001110111
0111011100000000
0000000000000111
0000011101110111
0111000000000000
0000000001110111
0222011100000000
0000000000000000
0000011101110100
0000000000000000
0000000000000111
0000000000000000
0000000000000000
0111011100000000
0000000000000000
0000000000000000
0111000000000000
0000000000000333
0000000000000000
0000000000000000
0000000000000000
0000000001110444
0000000000000000
0000000000000000
0000000001110111
0000000003330444
0000000000000000
0000000000000000
0000000001110000
0000000000000000
0000000000000000
0000000000000000
0111000000000000
0000000001110111
0111011100000000
0010000000000000
0000000001110222
0222011100000000
0000000000000111
0000011102220000
0111000000000000
0000010101110000
0000011102220000
0111000100000000
0000000000000000
0000000001110111
0000011100000000
0111000000000000
0000000000000000
0111011100000000
0111011101000000
0111011101110111
0000000001110111
0000011101110111
0000000001010000
0000033302220000
0333022201110000
0000000001110333
0000000000000000
0000000000000000
0AAA033309AA0222
0666022200000555
0999011102220AAA
000003330AAA0444
0000000000000000
0000000000000000
0000000000000000
0000000000000000
0000000000000000
0111000000000000
0EEE0FFF0FFF0AAA
0BBB0BCC0BBB0BBB
01110AAA0FFF0FFF
0333000000000000
0CCC0FFF0FFF0DDD
0DDD0CCC0CCC0CCC
000007770EEE0FFF
0000000000000000
0000000000000000
0000000000000000
0000000000000000
0000000000000000
0000000000000000
0000000000000000
0000000000000000
0000000000000000
0000000000000000
0000000000000000
0000000000000000
0333000000000000
0000011102220443
0111000001110000
0111011100000111
0111011101110111
0111011101110111
0000011100000111
0111000000000000
0000000000000000
0000000000000000
0000000001110111
0000011100000000
0000000000000000
0000000000000111
0111011100000000
0000000000000000
0000011101110111
0111011100000000
0000000000000111
0000000000000111
0000000001110111
0000011101110000
0100000000000000
0000084308440000
0333033303330111
0000000101220233
0000000000000000
0000000000000000
0000000009100400
0000000000000000
0000000000000000
0FFF065600000000
0000000000000888
0000022203330000
01110DED0FFF0111
0111011101110000
0000000000000111
0000000000000000
0111000000000000
0000000000000111
0000000000000000
0221022201110000
0000011102220222
0000011100000000
0111011100000000
0000000000000111
0112011100000000
0000000000000000
0000022201110111
0000000000000000
0000000001110111
0111011100000000
0000000000000000
0000000000000111
0000000001110000
0111022201110000
0111000000000000
0000000001110111
0222011100000000
0000000000000110
0000011101110000
0222000000000000
0000044402220111
0000000000000000
0000000000000000
0000000000000000
0000000000000000
0000000000000000
0000000000000000
0000000000000000
0111000000000000
0000000000000111
0111022201110000
0111000000000000
0000000001110222
0111011100000000
0000000000000000
0000011101110000
0111000000000000
0000000001110222
0000011100000000
0000000000000000
0000000000000000
0000000000000000
0111000000000000
0000000000000000
0000000000000000
0000000000000000
0000022205550111
0000000000000000
0000000000000000
0000000000000000
0000000001110444
0000000000000000
0000000000000000
0344011100000000
0000000000000111
0000000000000000
0000000000000000
0000000000000111
0000000000000000
0000000000000000
0000000000000000
0111011100000000
0000000000000000
0000000002220111
0111011100000000
0000000000000000
0000011101110000
0111000000000000
0000000000000222
0000000001110000
0000000000000111
0000000001110111
0000011101110100
0111000000000000
0000000001100221
0000011101110111
0000011101110000
0000000000000000
0221000000000000
0111011101110000
0111011101110111
0110000001100111
0000010001110111
0110011101110100
0222022200000000
0111011100000000
0000011103330333
0000000000000000
0000000000000000
0AAB000006660888
0000077701110555
0BBB022208880666
0000045509990000
0000000000000000
0000000000000000
0000000000000000
0000000000000000
0000000000000000
0000000000000000
0BBB0BBB06660000
0CCC0CCC0CCC0CCC
0000000004440AAA
0000000000000000
0CCC0BBB09990111
0CCC0CCC0CCC0CCC
0000000001110888
0000000000000000
0000000000000000
0000000000000000
0000000000000000
0000000000000000
0000000000000000
0000000000000000
0000000000000000
0000000000000000
0000000000000000
0000000000000000
0000000000000000
0333033301010000
0000000000000111
0000000000000111
0111011101110100
0000011101110111
0000010001100000
0110010001110000
0000011100000000
0000000000000000
0111000000000000
0111000000000111
0000010000000111
0111011100000000
0000000000000110
0000011101110000
0111000000000000
0000000000000111
0000011101110000
0222011100000000
0111000000000000
0111000000000111
0000000001110111
0000011101110000
00000D4307110000
0333033303330000
0000000002220222
0000000000000000
0000000000000000
000000000A100200
0000000000000000
0000000000000000
0FFF0BBB00000000
0000000000000444
000005550FFF0767
0DDD0EEE0FFF0777
0EEE0EEE0EEE0EEE
0000000004440EEE
0000000000000000
0222000000000000
0000000000000000
0000000000000000
0221022201110000
0000011102220221
0000011100000000
0111022201110000
0000000000000000
0000011101110000
0111000000000000
0000000001110222
0222011100000000
0000000000000111
0000011101220111
0111011100000000
0111000000000000
0000000000000111
0000010001110111
0221011100000000
0000000000000111
0000011102220000
0111000000000000
0000000001110111
0222000000000000
0000044402220111
0000000000000000
0000000000000000
0000000000000000
0000000000000000
0000000000000000
0000000000000000
0000000000000000
0000011101110000
0000000000000000
0000000002220111
0222011100000000
0000000000000111
0000011101110000
0111000000000000
0000000001110111
0111011100000000
0000000000000111
0000000000000000
0000000000000000
0000000000000000
0000000000000000
0000000000000000
0000000000000111
0000000000000000
0000000000000000
0444022201110222
0000000000000111
0000000000000000
0000000000000000
0000000001110444
0000000000000000
0000000000000000
0000044403330000
0000000000000000
0000000000000000
0000000000000000
0000000000000111
0000000000000000
0000000000000000
0000000000000000
0000011101110000
0111000000000000
0000000000000111
0000011101110000
0111000000000000
0000000000000211
0101011100000000
0111000000000000
0111000000000111
0111011100000111
0000000000000111
0000000000000000
0001000000000000
0000000000000000
0000000000010000
0000000000000000
0000000000000000
0000000000000000
0000000000000001
0000000000000000
0000000000000000
0000000000000000
0000000000000000
0111000000000000
0111000000000221
0222033302220111
0000000000000000
0000000000000000
0777099909990666
0888099901110000
0555000003330888
0000000006770999
0000000000000000
0000000000000000
0000000000000000
0000000000000000
0000000000000000
0000000000000000
0000000000000000
0000000000000000
0000000000000000
0000000000000000
0000000000000000
0000000000000000
0000000000000000
0000000000000000
0000000000000000
0000000000000000
0000000000000000
0000000000000000
0000000000000000
0000000000000000
0000000000000000
0000000000000000
0000000000000000
0000000000000000
0000000000000000
0111033304440111
0111000000000000
0000000000000000
0000000000000000
0000000000000000
0000000000000000
0000000000000000
0000000000010000
0000000000000000
0000000000000000
0000000000000000
0000000000000000
0000000000010000
0001000000000000
0000000001110001
0000022201110100
0111000000000000
0000000001110222
0111011101110000
0111011100000000
0111011100000000
0000000000000111
0000000001110111
00000D3304100000
0222022202220000
0000000001110222
0000000000000000
0000000000000000
0000030009100000
0000000000000000
0000000000000000
0444033300000000
0000000000000000
0000000003330222
0333033303330111
0333033303330333
0000000001110333
0000000000000000
0333000000000000
0000000000000000
0000000000000000
0211022101110000
0000011101110211
0000011100000000
0000011101110111
0000000000000000
0000000001110222
0111011100000000
0000000000000000
0000011101110000
0111000000000000
0000000000000222
0000011101110000
0111011100000000
0111000000000000
0000000000000111
0000011101110000
0111000000000000
0000000002120222
0111011101110000
0000000000000111
0222000002220111
0000044402220111
0000000000000000
0000000000000000
0000000000000000
0000000000000000
0000000000000000
0000000000000000
0000000000000000
0000000001110222
0222000000000000
0000000000000111
0111022201120000
0000000000000000
0000000001110111
0111011100000000
0000000000000000
0000011101110000
0000000000000000
0000000001110111
0000000000000000
0000000000000000
0000000000000000
0000000000000000
0000000001110000
0000000000000000
0111011100000000
0111000000000000
0000011103330333
0000000000000000
0000000000000000
0000000001110444
0000000000000000
0333011100000000
0000000001110444
0000000000000000
0000000000000000
0111000000000000
0000000000000000
0000000000000000
0000000000000000
0000000000000000
0000000001110111
0100011100000000
0111000000000000
0000000001110222
0111011101110000
0000000000000000
0000000001110111
0111022201110000
0111011100000000
0000000000000000
0650032000000000
0640064006400640
0640064006400640
0640075007400640
0640064006400640
0640064006400640
0640064006400640
0530064006400640
0530053005300530
0420042005300530
0210021003200320
0210011001100210
0100010001100210
0000010001000100
0000000002220111
0333022201110111
0000000000000333
0000000000000000
0000000000000000
0000000000000000
0000000000000000
0000000000000000
0000000000000000
0000000000000000
0000000000000000
0000000000000000
0000000000000000
0000000000000000
0000000000000000
0111033300000000
0000000000000000
0000000000000000
0222044401110000
0000000000000000
0000000000000000
0000000000000000
0000000000000000
0000000000000000
0000000000000000
0000000000000000
0000000000000000
0000000000000000
0000000000000000
0000000000000000
0000000000000000
0000000000000000
0222000000000000
0010000002220333
0000011100000000
0000000001000000
0100010000000000
0210021001100110
0310021002100210
0420032003200320
0530053004300430
0530053005300530
0630053005300530
0640054005300640
0640064006400640
0640064006400640
0640053005300540
0000000000000320
0000000000110001
0111011100000000
0000000000000000
0000000001110111
0000000001110111
0000011102220000
0222011100000000
0000000000000111
05110D3201000000
0111011101110000
0000000001110111
0000000000000000
0000000000000000
0000060003000000
0000000000000000
0000000000000000
0000000000000000
0000000000000000
0000000000000000
0000000000000000
0000000000000000
0000000000000000
0000000000000000
0222011100000000
0000000000000000
0000000000000000
0111011102220111
0000000001110111
0000000001110000
0000000000000111
0222011100000000
0000000000000000
0000011101110000
0000000000000000
0000000001110222
0111022200000000
0111000000000000
0000000000000111
0000011102220111
0111011100000000
0000000000000000
0000000001110222
0111011100000000
0000000000000000
0000011101110111
0111000000000000
0222000000000111
0000044402220111
0000000000000000
0000000000000000
0000000000000000
0000000000000000
0000000000000000
0000000000000000
0000000000000000
0000000000000111
0111011101110000
0000000000000000
0000000001110111
0111000000000000
0000000000000000
0000011101110111
0111000000000000
0000000002220111
0111000000000000
0000000000000000
0000000000000000
0000000000000000
0000000000000000
0000000000000000
0000011100000000
0000000000000000
0000011101110000
0000000000000000
0333033301110000
0000022202220222
0000000000000000
0000000001110333
0222011100000000
0111033303330333
0000000000000000
0000000000000000
0000000000000000
0000011100000000
0000000000000000
0000000000000000
0000000000000000
0111000000000000
0000000000000000
0000000001110111
0222011100000000
0000000000000111
0000011102220111
0222000000000000
0000000000000111
0000011101110111
0000000000000000
0A70064005400430
0750075009700970
0750086008600860
0750075007500750
0860085008500750
0750075007500760
0750075007500750
0750075007500750
0640065007500750
0640064006400640
0530053006400640
0320032003200430
0210021002100320
0110011001100210
0000011001100110
0000011101000000
0222011101110000
0000011103330333
0000000000000000
0000000000000000
0000000000000000
0000000000000000
0000000000000000
0000000000000000
0000000000000000
0000000000000000
0000000000000000
0000000000000000
0000000000000000
0000000000000000
00000AAA00000000
0222011101110111
0000000002220000
0AAA055507770000
0000000001110555
0000000000000000
0000000000000000
0000000000000000
0000000000000000
0000000000000000
0000000000000000
0000000000000000
0000000000000000
0000000000000000
0000000000000000
0000000000000000
0000000000000000
0333022200000000
0000011100000111
0000000001110000
0110011001000100
0110011001000110
0210021002100110
0320032003200320
0430042004200320
0640053005300530
0640064006400640
0640064006400640
0750074006400640
0860086007600750
0750075008600860
0860075007500750
07500A7008600A70
0000000005300540
0000011101110000
0111011100000000
0111000000000000
0000000000000111
0000000001110111
0111022201110000
0111000000000000
05110C3200000111
0111011101000000
0000011101110111
0000000000000000
0000000000000000
0300070000000000
0000000000000000
0000000000000000
0000000000000000
0000011103330000
0000000000000000
0000000000000000
0000000000000000
0000000000000000
0000000000000000
0111033300000000
0000000000000000
0000000000000000
0111011102220111
0000000001110111
0000000001110000
0000000000000000
0111011101110000
0222000000000000
0000000001110111
0111011100000000
0000000000000111
0000011101110111
0111011100000000
0111000000000000
0000000000000111
0000011101110000
0111011100000000
0000000000000111
0000011102220111
0111000000000000
0000000001110111
0111011100000000
0222000000000000
0000044302220111
0000000000000000
0000000000000000
0000000000000000
0000000000000000
0000000000000000
0000000000000000
0000000000000000
0000000000000000
0000000001110222
0222011100000000
0000000000000222
0111011101110000
0111000000000000
0000000000000111
0222000000000000
0000000000000111
0111011101110000
0000000000000000
0000000001110000
0000000000000000
0000000000000000
0000000000000000
0111000000000000
0000000000000000
0000000000000111
0000000000000000
0000000000000000
0333022202220111
0222022203330333
0333022202220444
0222033303330333
0000000000000111
0000000000000000
0000000000000000
0000000000000000
0000000001110000
0000000000000000
0000000000000000
0000000000000000
0111000000000000
0000000000000000
0000000000000222
0111022201110000
0111000000000000
0000000000000222
0000011101110000
0111000000000000
0000000000000111
0960086003200000
0321086108610A70
0001011103310431
0001000100120012
0001000100010001
0001000100010001
0001000100010001
0000000000010001
0000000000000000
0000000000000000
0000000000000000
0000000000000000
0000000000000000
0000000000000000
0000000000000000
0000000000000000
0111000000000000
0111011100000111
0222033302220111
0000000000000000
0000000000000000
0000000000000000
0000000000000000
0000000000000000
0000000000000000
0000000000000000
0000000000000000
0000000000000000
0000000000000000
0000000000000000
0000000000000000
0555099A01110000
07780AAA05550666
0000066607770999
0AAA000008880333
0000033309990777
0000000000000000
0000000000000000
0000000000000000
0000000000000000
0000000000000000
0000000000000000
0000000000000000
0000000000000000
0000000000000000
0000000000000000
0000000000000000
0000000000000000
0000022202220111
0000000000000000
0000000000000000
0000000000000000
0000000000000000
0000000000000000
0000000000000000
0000000000000000
0000000000000000
0001000100010000
0000000000000000
0001000100000000
0001000100010001
0001000100010001
0001000100010001
0640032002210111
0750075008600750
0000000000000530
0000011101110000
0111022201110000
0111011100000000
0000000000000111
0000000001110111
0111011100000000
0A22071100000000
0111011100000000
0000011101110111
0000000002100000
0000000000000000
0200020000000000
0000000000000000
0000000000000000
0000000000000000
0222066608880000
0333022200000000
0222011100000000
0000000000000000
0000000000000000
0000000000000000
0000011102220000
0000000000000000
0000000000000000
0222022202220222
0000000000000111
0000000001110000
0111000000000000
0000000001110111
0222011101000000
0000000000000111
0111022201110111
0111000000000000
0000000000000111
0000011101110000
0111011101110000
0111000000000000
0000000001110111
0111011101110000
0111000000000000
0000000001110111
0000011101110000
0000000000000111
0000011101110000
0222000000000000
0000044302220111
0000000000000000
0000000000000000
0000000000000000
0000000000000000
0000000000000000
0000000000000000
0000000000000000
0222011100000000
0000000000000111
0111022101110000
0000000000000000
0000010101110111
0111011101110000
0000000000000000
0111022201110000
0000000000000000
0000000001110111
0111000000000000
0000000000000000
0000000000000000
0000000000000000
0000000000000000
0000000000000000
0000011100000111
0000000000000000
0000000000000000
0000000000000000
0000000000000000
0222011100000000
0111022201110222
0000000000000000
0000000000000000
0000000000000000
0000000000000000
0000000000000000
0000000000000111
0000000000000000
0000000000000000
0110000000000000
0000000000000000
0111000000000000
0000000000000000
0000011102220111
0111011100000000
0000000000000000
0000000001110111
0111011100000000
0540011000000000
043107510A700960
0111011100010111
0100000000000000
0000000001000000
0000000000000000
0000000000000000
0000000000000000
0000000000000000
0000000000000000
0000000000000000
0000000000000000
0000000000000000
0000000000000000
0000000000000000
0000000000000000
0000000000000000
0000000000000000
0000000001110111
0222022201110111
0000000001110222
0000000000000000
0000000000000000
0000000000000000
0000000000000000
0000000000000000
0000000000000000
0000000000000000
0000000000000000
0000000000000000
0000000000000000
0000000000000000
0AAA0DDD02220000
0222066607770000
00000BBB00000999
0AAA000001110999
0000055508880000
0000000000000000
0000000000000000
0000000000000000
0000000000000000
0000000000000000
0000000000000000
0000000000000000
0000000000000000
0000000000000000
0000000000000000
0000000000000000
0222000000000000
0111000001110222
0000000000000000
0000000000000000
0000000000000000
0000000000000000
0000000000000000
0000000000000000
0000000000000000
0000000000000000
0000000000000000
0000000000000000
0000000000000000
0000000000000000
0000000000000000
0000000000000000
0000000000000000
0530021000010000
0000064007500850
0000000001110000
0000011102220111
0111022200000000
0111011100000000
0000000000000111
0000011101110000
0C32010000000000
0111000000000300
0111011101110111
0000011102100000
0000000000000111
0000000000000000
0000000000000000
0000000000000000
0000000000000000
0777088808880000
0888066600010777
05550CCC04440777
0000000000000000
0000000000000000
0000000000000000
0000000000000000
0111000000000000
0111000000000000
0222022202220222
0000000000000111
0000000000000111
0111011100000000
0000000000000111
0000022202220111
0000000000000000
0000000001110222
0111011100000000
0111000000000000
0000000000000111
0000011101110111
0111011100000000
0000000000000111
0000000001110111
0111012100000000
0000000000000000
0000011102220111
0111000000000000
0000000001110111
0222000001110000
0000033302220111
0000000000000000
0000000000000000
0000000000000000
0000000000000000
0000000000000000
0000000000000000
0000000000000000
0111011101110000
0000000000000000
0000000001110111
0222000000000000
0000000000000222
0111011101110111
0000000000000000
0000000001110111
0111011100000000
0000000000000111
0111011101110000
0111000000000000
0000000000000000
0000000000000000
0000000000000000
0000000000000000
0000011101110000
0000000000000000
0000000000000000
0000000000000000
0000000000000000
0000000002220222
0222000000000000
0000000002220444
0000000000000000
0000000000000000
0000000000000000
0111000000000000
0000000000000000
0000000000000000
0000000000000000
0000000000000000
0000000000000000
0111011101110000
0222000000000000
0000000000000111
0000011102220111
0222011100000000
0000000000000121
0000000001110111
0A700A7005400000
0001000101010430
0000000001100111
0000000000000000
0000000000000000
0000000000000000
0000000000000000
0000000000000000
0000000000000000
0000000000000000
0000000000000000
0000000000000000
0000000000000000
0000000000000000
0000000000000000
0000000000000000
0000000000000000
0000000000000000
0000011100000000
0111011101110000
0000012203330222
0000000000000000
0000000000000000
0000000000000000
0000000000000000
0000000000000000
0000000000000000
0000000000000000
0000000000000000
0000000000000000
0000000000000000
0000000000000000
0333066605550000
0333033306770565
0666077701110666
0888000000000444
0000033307770000
0000000000000000
0000000000000000
0000000000000000
0000000000000000
0000000000000000
0000000000000000
0000000000000000
0000000000000000
0000000000000000
0000000000000000
0000000000000000
0222033301110000
0000011100000100
0000000000000000
0000000000000000
0000000000000000
0000000000000000
0000000000000000
0000000000000000
0000000000000000
0000000000000000
0000000000000000
0000000000000000
0000000000000000
0000000000000000
0000000000000000
0000000000000000
0000000000000000
0001000000000000
0850085004310111
0111000000000420
0000000000000222
0000011102220111
0000011101110000
0111000000000000
0000000000000111
0811000000000111
0111000000000A11
0111011101110111
0000000000000000
0000000000000000
0000000000000000
0000000000000000
0000000000000000
0000000000000000
0000022209990000
0666077704440BBB
0000088807770BBB
0000000000000000
0000000000000000
0000000000000000
0111000000000000
0000011101110111
0121000000000000
0111022202220111
0000000000000111
0000000000000111
0000011101110111
0111000000000000
0000000001110222
0212022200000000
0000000000000000
0000000001110111
0111011100000000
0111000000000000
0000000000000111
0000021101110111
0111011100000000
0000000000000111
0000011102220111
0111000000000000
0000000000000111
0111022201110000
0100000000000000
0222000001110111
0000033302220111
0000000000000000
0000000000000000
0000000000000000
0000000000000000
0000000000000000
0000000000000000
0000000000000000
0000000001110111
0222011100000000
0000000000000111
0111011100000000
0111000000000000
0000000001110111
0111011100000000
0000000000000111
0111011101110000
0000000000000000
0000000001110111
0000000000000000
0000000000000000
0000000000000000
0000000000000000
0000000000000000
0000000000000000
0000000000000000
0000000000000000
0000000000000000
0888011100000000
0000077708880777
0888044400000000
0000011107770555
0000000000000000
0000000000000000
0000000000000000
0000000000000000
0000000000000000
0000000000000000
0000000000000000
0000000000000000
0000000000000000
0000000001110111
0111011101110000
0111000000000000
0000000001110122
0111022201110000
0111011000000000
0320000000000111
0001043008500850
0000011101110111
0000000000000000
0000000000000000
0000000000000000
0000000000000000
0000000000000000
0000000000000000
0000000000000000
0000000000000000
0000000000000000
0000000000000000
0000000000000000
0000000000000000
0000000000000000
0000000000000000
0000000000000000
0000000000000000
0111000000000000
0111000000000000
0333033302220111
0000000000000111
0000000000000000
0000000000000000
0000000000000000
0000000000000000
0000000000000000
0000000000000000
0000000000000000
0000000000000000
0000000000000000
0000000000000000
0000000000000000
0000000000000000
0222000000000000
0000000000000000
0000000000000000
0000000000000000
0000000000000000
0000000000000000
0000000000000000
0000000000000000
0000000000000000
0000000000000000
0000000000000000
0000000000000000
0000000000000000
0111000000000000
0000011102220333
0000011101110000
0000000000000000
0000000000000000
0000000000000000
0000000000000000
0000000000000000
0000000000000000
0000000000000000
0000000000000000
0000000000000000
0000000000000000
0000000000000000
0000000000000000
0000000000000000
0000000000000000
0000000000000000
0000000000000000
0320000100010000
0000032006400740
0111000000000000
0000000001110111
0000011101110111
0111011100000000
0001000000000000
0200000000000000
0000000003000D22
0111000001110111
0000000000000111
0000000000000000
0000000000000000
0000000000000000
0000000000000000
0000000000000000
0888066609990000
06660AAA05550555
0000088806660999
0000000000000000
0000000000000000
0000000000000000
0000000000000000
0222022201110000
0222011101110222
0000011101110111
0111000000000000
0111000000000001
0000000001010111
0111011100000000
0000000000000110
0000011101110000
0111011100000000
0000000000000111
0000000001110111
0111011100000000
0000000000000000
0000000001110111
0000011101110000
0111000000000000
0000000000000111
0000011101110000
0100000000000000
0000011101110111
0111011100000000
0222000000000000
0000033302220111
0000000000000000
0000000000000000
0000000000000000
0000000000000000
0000000000000000
0000000000000000
0000000000000000
0000000000000111
0000011101110000
0000000000000000
0000011101220111
0222011100000000
0000000000000000
0000011101110111
0000000000000000
0000000001110111
0222000000000000
0000000000000111
0000000000000000
0000000000000000
0000000000000111
0000000000000000
0000000000000000
0000000000000000
0000000000000000
0000000000000000
0000000000000000
0BBB033300000000
01110BBB01110000
09990AAA00000000
0000000004440444
0000000000000000
0000000000000000
0000000000000000
0000000000000111
0000000000000000
0000000000000000
0000000000000000
0000000000000000
0000011100000000
0000000000000111
0000000002220111
0111011100000000
0000000000000000
0000000002110111
0000011101110000
0750085004300000
0111000100010430
0000000000000000
0000000000000000
0000000000000000
0000000000000000
0000000000000000
0000000000000000
0000000000000000
0000000000000000
0000000000000000
0000000000000000
0000000000000000
0000000000000000
0000000000000000
0000000000000000
0000000000000000
0000000000000000
0000000000000000
0000000000000000
0000000001110111
0333022201110111
0000000002220333
0000000000000000
0000000000000000
0000000000000000
0000000000000000
0000000000000000
0000000000000000
0000000000000000
0000000000000000
0000000000000000
0000000000000000
0000000000000000
0000000000000000
0000000000000000
0000000000000000
0000000000000000
0000000000000000
0000000000000000
0000000000000000
0000000000000000
0000000000000000
0000000000000000
0000000000000000
0000000000000000
0000000000000000
0000000000000000
0333022200000000
0000000000000111
0000000000000111
0000000000000000
0000000000000000
0000000000000000
0000000000000000
0000000000000000
0000000000000000
0000000000000000
0000000000000000
0000000000000000
0000000000000000
0000000000000000
0000000000000000
0000000000000000
0000000000000000
0000000000000000
0000000000000000
0001000000000000
0530064004300110
0111011100000110
0111000000000000
0000011102220222
0000011100000000
0111000000000000
0000000000000111
000000000A110701
0111011100000000
0000000000000111
0000000000000000
0000000000000000
0000000000000000
0000000000000000
0000000000000000
0322011101110000
0333022200000000
0000011101110111
0000000000000000
0000000000000000
0000000000000000
0000000000000000
0211000000000000
0333033303330333
0000011101000111
0111000000000000
0111011100000000
0111000000000000
0111011101110111
0000000000000000
0000000001110111
0111022201110000
0111000000000000
0000000000000111
0000011101110000
0111011100000000
0110000000000111
0000000001110111
0111022201110000
0000000000000000
0000000002220111
0010011100000000
0000000000000111
0000022201110000
0222000001110000
0000033302220111
0000000000000000
0000000000000000
0000000000000000
0000000000000000
0000000000000000
0000000000000000
0000000000000000
0000000000000000
0000000001110111
0111000000000000
0000000000000111
0000021201110000
0111000000000000
0000000000000111
0222011100000000
0000000000000111
0111022201110000
0000000000000000
0000011100010000
0000000000000000
0000000000000111
0000000000000000
0000000000000000
0000000000000000
0000011100000000
0000000000000000
0000000000000000
0BBB022300000000
01110BBB01110000
08880BBB00000000
000004440BBB0222
0000000000000000
0000000000000000
0000010000000000
0000000000000000
0000000000000000
0000000000000000
0000000000000000
0000000000000000
0111011101110000
0111000000000000
0000000001110111
0000011102210000
0111000000000000
0000000000000111
0210000000000111
0111043007500640
0000000001100001
0000000000000000
0000000000000000
0000000000000000
0000000000000000
0000000000000000
0000000000000000
0000000000000000
0000000000000000
0000000000000000
0000000000000000
0000000000000000
0000000000000000
0000000000000000
0000000000000000
0000000000000000
0000000000000000
0000000000000000
0000000000000000
0000011100000000
0111011100000000
0222033302220111
0333033302220222
0333033303330333
0444044404440444
0554044404440444
0544055405540555
0444044404440544
0444044404440444
0444044404440444
0444044404440444
0444044404440444
0444044404440444
0444044404440444
0444044404440444
0444044404440444
0444044404440444
0444044404440444
0444044404440444
0444044404440444
0444044404440444
0444044404440444
0444044404440444
0444044404440444
0444044404440444
0444044404440444
0333033303330343
0111022203330333
0000000000000111
0000000000000000
0000000000000000
0000011100000000
0000000000000000
0000000000000000
0000000000000000
0000000000000000
0000000000000000
0000000000000000
0000000000000000
0000000000000000
0000000000000000
0000000000000000
0000000000000000
0000000000000000
0000000000000000
0000000000000000
0000000000000000
0320011000010000
0000010002100430
0111000000000000
0000000000000111
0000000001110111
0111011100000000
0000000000000111
0000000001000000
0000011101110000
0000000000000000
0000000000000000
0000000000000000
0000000000000000
0000000000000000
0000000000000000
0000000000000000
0000000000000000
0000000000000000
0000000000000000
0000000000000000
0000000000000000
0000000000000000
0000000000000000
0333022201110000
0000011102220333
0000000000000000
0000000001110000
0000011101110000
0000011101110111
0212011100000000
0000000000000000
0000000001110222
0111011101110000
0111000000000000
0000000000000222
0000011101110000
0111011100000000
0000000001110111
0000011101110111
0111011100000000
0000000000000111
0111011101110000
0000000000000000
0000000002220111
0222000001110000
0000033302220111
0000000000000000
0000000000000000
0000000000000000
0000000000000000
0000000000000000
0000000000000000
0000000000000000
0111011100000000
0000000000000111
0111022101100000
0000000000000000
0000000001110111
0111011101110000
0000000000000000
0111011101110000
0000000000000000
0000011102220111
0000000000000000
0000000000000111
0111000000000000
0000000000000000
0000000000000000
0000000000000000
0000000000000000
0000000000000000
0000000000000000
0000000000000000
0999011100000000
0111088807770666
0999077701110777
0000022209990555
0000000000000000
0111000000000000
0000000000000000
0000000000000000
0000000000000000
0000000000000000
0000000000000000
0000000000000000
0000000001110111
0111011100000000
0111000000000000
0000000001110111
0111022200000000
0111000000000000
0540032000000000
0000000001000320
0000000000000000
0000000000000000
0000000000000000
0777077708880111
0222033305550777
0000000000000000
0000000000000000
0000000000000000
0000000000000000
0000000000000000
0000000000000000
0000000000000000
0000000000000000
0000000000000000
0000000000000000
0000000000000000
0000000000000000
0000000000000000
0000000000000000
0000000000000000
0000000000000000
0000000000000000
0111011101100000
0111011101110111
0111011101110111
0111011101110111
0111011101110111
0111011101110111
0111011101110111
0111011101110111
0111011101110111
0111011101110111
0111011101110111
0111011101110111
0111011101110111
0111011101110111
0111022202220111
0111011101110111
0111011101110111
0111011101110111
0111011101110111
0111011101110111
0111011101110111
0111011101110111
0111011101110111
0111011101110111
0111011101110111
0000000000000111
0000000000000000
0000000000000000
0000000000000000
0000000001110111
0000000000000000
0000000000000000
0000000000000000
0000000000000000
0000000000000000
0000000000000000
0000000000000000
0000000000000000
0000000000000000
0000000000000000
0000000000000000
0000000000000000
0000000000000000
0000000000000000
0000000000000000
0000000000000000
0110032003200100
0111011100000000
0111000000000000
0000000000000111
0000011101110000
0000000000000000
0000000000000000
0000000000000000
0000000000000000
0000000000000000
0000000000000000
0000000000000000
0000000000000000
0000000000000000
0000000000000000
0000000000000000
0000000000000000
0000000000000000
0000000000000000
0000000000000000
0000000000000000
0000000000000000
0111000000000000
0000011101110111
0000000000000000
0000000000000111
0000000000000111
0000000000000111
0000022201110000
0111011100000000
0000000000000111
0000000001110111
0111011100000000
0000000000000000
0000000001110111
0000022201110000
0111000000000000
0000000000000111
0000011101110000
0000000000000000
0000011101110111
0222011100000000
0100000000000111
0222000001110111
0000033302220111
0000000000000000
0000000000000000
0000000000000000
0000000000000000
0000000000000000
0000000000000000
0000000000000000
0111011101110000
0000000000000000
0000011102220111
0222011100000000
0000000000000111
0000000001110111
0000000000000000
0000000101110111
0111010100000000
0000000000000121
0111011100000000
0000000000000111
0000000001110000
0000000000000000
0000000000000000
0000000000000000
0000000000000000
0000000000000000
0000000000000000
0000000000000000
0111000000000000
0000000004440444
0333000000000444
0000000001110555
0000000000000000
0000000000000000
0000000000000000
0000000000000000
0000000000000000
0000000000000000
0000000000000000
0111000000000000
0000000000000111
0000011101110111
0111010000000000
0000000000000111
0000011101110111
0000000000000000
0000032004300210
0000000000000000
0000000000000000
0000000000000000
0000000000000000
011101110AAA0222
0BBB033309990333
0000000000000444
0444022200000000
0333000000000333
0000044404440444
0222044403330000
0000000000000000
0000000000000000
0000000000000000
0000000000000000
0000000000000000
0000000000000000
0000000000000000
0000000000000000
0000000000000000
0000000000000000
0000000000000000
0000000000000000
0000000000000000
0000000000000000
0000000000000000
0000000000000000
0000000000000000
0000000000000000
0000000000000000
0000000000000000
0000000000000000
0000000000000000
0000000000000000
0000000000000000
0000000000000000
0000000000000000
0000000000000000
0000000000000000
0000000000000000
0000000000000000
0000000000000000
0000000000000000
0000000000000000
0000000000000000
0000000000000000
0000000000000000
0000000000000000
0000000000000000
0000000000000000
0000000000000000
0000011100000000
0000000000000000
0000000000000000
0000000000000000
0000000000000000
0000000000000000
0000000000000000
0000000000000000
0000000000000000
0000000000000000
0000000000000000
0000000000000000
0000000000000000
0000000000000000
0000000000000000
0000000000000000
0000000000000000
0000000000000000
0320011000000000
0000000001100320
0111011100000000
0111000000000000
0000000000000111
0000000000000000
0000000000000000
0000000000000000
0000000000000000
0000000000000000
0000000000000000
0000000000000000
0000000000000000
0000000000000000
0000000000000000
0000000000000000
0000000000000000
0000000000000000
0000000000000000
0000000000000000
0000000000000000
0000000000000000
0000000000000000
0000000000000000
0000000001110000
0111011100000000
0111011100000000
0000000000000000
0000000001110212
0111022201110000
0111000000000000
0000000000000111
0000011101110111
0111011100000000
0000000000000111
0000000001110111
0111022200000000
0111000000000000
0000000001110111
0111011100000000
0000000000000000
0000011101110000
0111011100000000
0222000000000000
0000033302220111
0000000000000000
0000000000000000
0000000000000000
0000000000000000
0000000000000000
0000000000000000
0000000000000000
0000000001110111
0222000000000000
0000000000000111
0000011101110000
0222011100000000
0000000000000111
0111011100000000
0000000000000111
0221011100000000
0000000000000000
0000011101110000
0000000000000000
0000000000000111
0000000000000000
0000000000000000
0000000000000000
0000000000000000
0000000000000000
0000000000000000
0000000000000000
0000000000000111
0000000000000000
0000000000000000
0111011100000000
0000000000000111
0000000000000000
0000000000000000
0000000000000000
0000000000000000
0000000000000000
0000000000000000
0000022100000000
0000000000000000
0000000001110222
0000022201110000
0111000000000000
0000000001110222
0430021000000000
0000000001100420
0000000000000000
0000000000000000
0000000000000000
0000000000000000
0000000008880222
055500000AAA0222
0000000000000DDD
06660AAA04440000
0DDD033307770999
0000066606660666
0BBB077708880888
0444000000000555
0000000000000111
0000000000000000
0000000000000000
0000000000000000
0000000000000000
0000000000000000
0000000000000000
0111000000000000
0000000000000000
0000000000000000
0000000000000000
0000000000000000
0000000000000000
0000000000000000
0000000000000000
0000000000000000
0000000000000000
0000000000000000
0000000000000000
0000000000000000
0000000000000000
0000000000000000
0000000000000000
0000000000000000
0000000000000000
0000000000000000
0000000000000000
0000000000000000
0860021000000000
095009600A600A70
0A700A7009600960
0000021009600A70
0000000000000000
0000000000000000
0000000000000000
0000000000000000
0000000000000000
0000000000000000
0000000000000000
0000000000000000
0000000000000000
0000000000000000
0000000000000000
0000000000000000
0000000000000000
0000000000000000
0000000000000000
0000000000000000
0000000000000000
0000000000000000
0000000000000000
0000000000000000
0000000000000000
0000000000000000
0000000000000000
0000000000000000
0000000000000000
0000000000000000
0000021003100210
0000000001110000
0000011100000000
0000000000000000
0000011100000000
0000000000000000
0000000000000000
0000000000000000
0000000000000000
0000000000000000
0000000000000000
0777011100000000
0555077708880888
0666011100000555
0888088808990333
0777089902220111
0555000001110777
0000011107770777
0000000000000000
0000000000000000
0000000000000000
0000000000000000
0000000000000000
0000000000000000
0000000001110111
0000011101110000
0222011100000000
0000000000000000
0000000001110111
0111011101110000
0111000000000000
0000000000000111
0111021101110000
0222011100000000
0000000000000222
0000000001110111
0111011100000000
0000000000000111
0000022201110000
0000000000000000
0000000001110222
0000011101110000
0222000001110000
0000033302220111
0000000000000000
0000000000000000
0000000000000000
0000000000000000
0000000000000000
0000000000000000
0000000000000000
0000000000000111
0111022201110000
0000000000000000
0000000001110111
0111022201110000
0000000000000000
0111022201110000
0000000000000000
0000011102220000
0111000000000000
0000000001110222
0111011100000000
0000000000000000
0000000000000111
0000000000000000
0000000000000000
0000000000000000
0000000000000000
0000000000000000
0000000000000000
0000000000000000
0000000000000000
0000000001110100
0000000000000000
0000000000000000
0000000000000000
0000000000000000
0000000000000000
0000000000000000
0000000000000000
0000000000000000
0000000001110100
0111011100000000
0000000000000000
0000000002220111
0222011100000000
0000000000000111
0110032003200000
0000000000000000
0000000000000000
0000000000000000
0000000000000000
0000000000000000
0CCC0CCC0CCC0111
044407770CCC0DDD
0000000000000999
0222011101110000
0EEE033308880777
0000011106660555
0AAA000002220EEE
0AAA000000000888
0222022202220111
0444034303330555
0000000000000000
0000000000000000
0000000000000000
0000000000000000
0000000000000000
0000000000000000
0000011101110000
0000000000000000
0000000000000000
0000000000000000
0000000000000000
0000000000000000
0000000000000000
0000000000000000
0555055505550000
0000000004440666
0000000000000000
0555055504440000
0000000004440555
0000000000000000
0000022204440000
0221055500000000
0000000000000000
0888088801110000
0000077709880888
0000000000000000
04200A6000000000
0665022101000100
0110000004430665
0000085008500000
0000000000000000
0000000000000000
0000000000000000
0000000000000000
0000000000000000
0000000000000000
0000000001000000
0000000000000000
0000000000000000
0000000000000000
0000000000000000
0000000000000000
0000000000000000
0000000000000000
0000000000000000
0000000000000000
0000000000000000
0000000000000000
0000000000000000
0000000000000000
0000000000000000
0000000000000000
0000000000000000
0000000000000000
0000000000000000
0000000000000000
0210021000000000
0000000000000100
0000000001110111
0000000000000000
0000000000000000
0000000000000000
0000000000000000
0000000000000000
0000000000000000
0000000000000000
0000000000000000
0111000000000000
0767011107770999
0AAA022200000888
044401110AAA0666
01110AAA05550AAA
0999066608880888
00000BBB05550111
0000000000000000
0000000000000000
0000000000000000
0000000000000000
0000000000000000
0000000000000000
0000000000000000
0000000000000111
0111011101110000
0111000000000000
0000000000000111
0000000002220111
0111011100000000
0111000000000000
0000000000000222
0111022201110000
0111000000000000
0000000000000111
0111011101110000
0111000000000000
0000000001110111
0111011100000000
0000000000000000
0000000000000111
0222000002220111
0000033302220111
0000000000000000
0000000000000000
0000000000000000
0000000000000000
0000000000000000
0000000000000000
0000000000000000
0000000000000000
0000011102220111
0111011100000000
0000000000000111
0000000102220111
0000011100000000
0000011102220111
0101000000000000
0000000001110111
0111011100000000
0000000000000111
0000011101110000
0000000000000000
0000000000000111
0000000000000000
0000000000000000
0000000000000000
0000000000000000
0000000000000000
0000000000000000
0000000000000000
0000000000000000
0000000000000000
0000000000000000
0000010000000000
0000000000000000
0000000000000000
0000000000000000
0000000000000000
0000000000000000
0000000000000000
0000000000000111
0000011101110000
0111000000000000
0000000000000111
0000011101110000
0110000000000000
0000000002100320
0000000000000000
0000000000000000
0000000000000000
0000000000000000
0000000000000000
0FFF0FFF0EEE0111
033308780AAA0FFF
0000000003330777
0666000000000000
0666011106660BBB
03330CCC05550444
0AAA000002220CCC
0999000000000888
0BBB022206660888
088907770AAA0666
0000000000000555
0000000000000000
0000000000000000
0000000000000000
0000000000000000
0000000000000000
0111000000000000
0000000000000000
0000000000000000
0000000000000000
0000000000000000
0000000000000000
0000000000000000
0000000000000000
0111033309990111
0000066606660111
0000000000000000
0111022208880000
0000055505550111
0000000000000000
0444088807770000
0333088800000000
0000000000000000
03330EEF02330000
0BBB0AAA02220222
0000000000000000
02100A5000000000
05560BBB02220000
00000666099A0445
0000084006400000
0000000000000000
0000000000000000
0000000000000000
0000000000000000
0000000000000000
0000000000000000
0000000000000111
0000000000000000
0000000000000000
0000000000000000
0000000000000000
0000000000000000
0000000000000000
0000000000000000
0000000000000000
0000000000000000
0000000000000000
0000000000000000
0000000000000000
0000000000000000
0000000000000000
0000000000000000
0000000000000000
0000000000000000
0000000000000000
0000000000000000
0100000000000000
0000000001100210
0000000000000111
0000000000000000
0000000000000000
0000000000000000
0000000000000000
0000000000000000
0000000000000000
0000000000000000
0000000000000000
0000000000000000
0666000005550777
0AAA022200000888
0AAA07770CCC0555
07770CCC04440555
0666077704440ABB
01110BCC02220000
0000000000000000
0000000000000000
0000000000000000
0000000000000000
0000000000000000
0000000000000000
0000000000000000
0000000000000000
0000000001110111
0000011101110000
0111000000000000
0000000000000111
0000011102220100
0111011100000000
0000000000000111
0000000001110111
0111011100000000
0111000000000000
0000000001110111
0111011101110000
0000000000000000
0000011102220000
0111011100000000
0111000000000000
0222000000000111
0000033302220111
0000000000000000
0000000000000000
0000000000000000
0000000000000000
0000000000000000
0000000000000000
0000000000000000
0222011100000000
0000000000000111
0111022201110000
0222000000000000
0000000001110222
0111000000000000
0000000000000111
0111011100000000
0000000000000011
0000011101110000
0000000000000000
0000000001110111
0111011100000000
0000000000000000
0000000000000000
0000000000000000
0000000000000000
0000000000000000
0999099909990111
0000000000000333
099908880AAA0111
0999077700000666
0AAA011102220888
0000055509990888
0888099909990333
08880AAA07770222
0000000002220888
0000000000000000
0000000000000000
0000000000000000
0000000000000000
0000000000000000
0000000000000111
0000011100000000
0000000000000000
0000000001110111
0210021001000000
0000000000000000
0000000000000000
0000000000000000
0000000000000000
0000000000000000
0000000000000000
0FFF0FFF0DDD0111
0444066609990FFF
0000000006660777
0000066606660000
055501110BBB0555
03330CCD01110000
0BBB000003330DDD
0AAA000000000777
0BBB000006660BBB
0666033309990000
0000000000000777
0000000000000000
0000000000000000
0000000000000000
0000000000000000
0000000000000000
0000000000000000
0000011101110000
0000000000000000
0000000000000000
0000000000000000
0000000000000000
0000000000000000
0000000000000000
0000011108880000
0000066605550000
0000000000000000
0000011107770000
0000066605550000
0000000000000000
0777055507770000
0222077700000333
0000000000000000
00000DDD02230000
0DDD022200000000
0000000000000111
02100A5000000000
03210CBB03330000
0000000002220321
0000084007400000
0000000000000000
0000000000000000
0000000000000000
0000000000000000
0000000000000000
0000011101110000
0000000000000000
0000000000000000
0000000000000000
0000000000000000
02220CCC05550000
0999099905550000
0000000000000555
0999099909990111
0999066600000444
0000000005550999
0000000000000000
0444000000000000
0CCC0AAA09990AAA
0999099905550111
0888055500000566
0BBB077701110777
000004440AAA0999
0000000000000000
0000000000000000
0000000000000000
0000000000000000
0000011001100000
0000000000000000
0000000000000000
0000000000000000
0000000000000000
0000000000000000
0000000000000000
0000000000000000
0000000000000000
0000000000000000
0000000000000000
0666000005550888
0AAA033300000999
0BBB01110AAA0555
00000AAA04440333
0888077709990555
00000BBB03330000
0000000000000000
0000000000000000
0000000000000000
0000000000000000
0000000000000000
0000000000000000
0000000000000000
0111011100000000
0000000000000100
0000000001110111
0111011101000000
0111000000000000
0000000001110111
0000011101110000
0111011100000000
0000000000000111
0000000001110111
0111011100000000
0000000000000000
0000000001110111
0111000000000000
0000000001110111
0000000001110000
0000011101110111
0222000000000000
0000033302220111
0000000000000000
0000000000000000
0000000000000000
0000000000000000
0000000000000000
0000000000000000
0000000000000000
0111011101110000
0000000000000000
0000000001110111
0111011100100000
0000000000000000
0111011101110000
0000000000000000
0111011102220111
0000000000000000
0000000000000222
0000011100000000
0000000000000101
0000011101110110
0000011100000000
0000000000000000
0000000000000000
0000000000000000
0111000000000000
0333000004440BBB
0000000000000555
011100000BBB0222
0000088808880000
0BBB04440AAA0222
05550BBB00000000
0555000003330BBB
0000055509990555
0000000000000000
0000000000000000
0000000000000000
0000000000000000
0000000000000000
0000011100000000
0000000000000000
0000000001000111
0111000000000000
0000000000000000
0000010001100110
0000000000000000
0000000000000000
0000000000000000
0000000000000000
0000000000000000
0000000000000000
0FFF0FFF0FFF0333
067702220BBB0FFF
0000000000000444
0999099903330000
0777011102220999
0000044409990999
07770AAA09990333
0777000000000111
0666033305550000
0555022206660111
0000000000000555
0000000000000000
0000000000000000
0000000000000000
0000000000000000
0000000000000000
0000000000000000
0111000000000000
0111001000000111
0000011100000000
0000000000000000
0000000000000000
0000000000000000
0000000000000000
0555066607770000
0000011105550666
0000000000000000
0555066607770000
0000000005550888
0000000000000000
0001022207770000
0222066603330666
0000000000000000
01110EEE03330000
0DDD022200000000
0000000000000111
0210094000000000
0865011100000000
000006540B870A75
0000084007400000
0000000000000000
0000000000000000
0000000000000000
0000000000000000
0111000000000000
0000000000000111
0000000000000000
0000000000000000
0000000000000000
0000000000000000
02220EEF08880222
000001110DDD0222
0444044403330BBB
0444000006660233
00000CCC04440BBB
000001110CCC0222
0000000000000000
0000000000000000
0999077700000111
0000000007770111
0999055503330DDD
0777099901110999
0000000001110000
0000000000000000
0000000000000000
0000000000000000
0000000000000000
0100000000000000
0000000000000100
0000000000000111
0000000000000000
0000000000000000
0000000000000000
0000000000000000
0000000000000000
0000000000000000
0000000000000000
0000000000000000
0111000004440666
0222088808880666
0333000007770333
07770AAA03330777
0666011103330899
0000022208880888
0000000000000000
0000000000000000
0000000000000000
0000000000000000
0000000000000000
0000000000000000
0000000000000110
0000011101110000
0111000000000000
0000000000000111
0000000001110111
0111011100000000
0000000000000000
0000000001110111
0010011101110000
0111000000000000
0000000000000111
0000000002220111
0111011100000000
0000000000000111
0111022200000000
0000011100000000
0111000000000111
0000000001110000
0222000001110000
0000033302220111
0000000000000000
0000000000000000
0000000000000000
0000000000000000
0000000000000000
0000000000000000
0000000000000000
0000000001110111
0222000000000000
0000000000000111
0000011101110000
0111000000000000
0000000001110111
0111000000000000
0000000001110111
0111011100000000
0000000000000111
0000011101110000
0000000000000000
0000000001010111
0000000000010000
0000000000000000
0000000000000000
0000000000000000
0111000000000000
0777043400000BBB
0444055502220333
099909990DDD0222
0000066608880222
0CCC044409AA0000
022205550AAA0888
0000000000000BBB
08880AAA09990000
0000000000000777
0000000000000000
0000000000000000
0000000000000000
0000000000000000
0000011101110111
0111000000000000
0000000000000000
0000000000000000
0110011000000000
0000000000000100
0000000000000000
0000000000000000
0000000000000000
0000000000000000
0000000000000000
0000000000000000
0555055505550222
0000011105550444
0000000000000000
0000000000000000
0000000000000000
0000000000000000
0000000000000000
0000000000000000
0000000000000000
0000000000000000
0000000000000000
0000000000000000
0000000000000000
0000000000000000
0000000000000000
0000000000000000
0000000000000000
0000000000000000
0111011101110000
0111000001110111
0000011001110111
0000000000000000
0000000000000000
0000000000000000
0000022208880111
0000000000000000
0000000000000000
0000011107770111
0000000006660333
0000000000000000
0000033307770000
0222088807770111
0000000000000000
01110EEE03330000
0CCC066600000000
0000000000000111
0210094000000000
0000054401110000
00000EDB08650000
0000083007300000
0000000000000000
0000000000000000
0000000000000000
0111000000000000
0000000000000000
0000000000000000
0000000000000000
0000000000000000
0000000000000000
0000000000000000
02220DDD00000000
000000000CCC0222
0222011104440BBB
0BBB099900000000
00000BBB04440555
000001110CCC0111
0000000000000000
0000000000000000
00100AAA02220000
0999044400000000
0222000001110888
0BBB088900000111
0000011107770778
0000000000000000
0000000000000000
0000000000000000
0000000000000000
0000000000000000
0000000001000000
0000000000000000
0000000000000000
0000000000000000
0000000000000000
0000000000000000
0000000000000000
0000000000000000
0000000000000000
0000000000000000
0000000000000000
0000000001110000
0000000000000000
0111000000000000
0000000000000000
0000000000000111
0000000000000000
0000000000000000
0000000000000000
0000000000000000
0000000000000000
0000000000000000
0000000000000000
0000000000000111
0000011101110000
0111000000000000
0000000000000111
0000011101110111
0111000000000000
0000000000000111
0000000001110111
0111011101000000
0111000000000000
0000000001110111
0111021101110000
0111000000000000
0000011101110111
0000011101110000
0000011101110000
0111000000000000
0222000001110111
0000033302220111
0000000000000000
0000000000000000
0000000000000000
0000000000000000
0000000000000000
0000000000000000
0000000000000000
0000000000000111
0000011101110000
0111000000000000
0000000000000222
0111022201110000
0000000000000222
0111011100000000
0000000000000000
0111011101110000
0111000000000000
0000000001110111
0111011100000000
0000000000000000
0000000001110111
0000000000000000
0000000000000000
0000000000000000
0111000000000000
0888011101110CCC
0555077702220BBB
022201110BBB0333
0000077709990000
0BBB04440AAA0000
0001066609990222
0223000001110CCC
0000055509990333
0000000000000000
0000000000000000
0000000000000000
0000000000000000
0111000000000000
0000000000000111
0000011100000000
0000000000000000
0000000000000000
0000010001100100
0000000000000000
0000000000000000
0000000000000000
0000000000000000
0000000000000000
0666066600000000
0000000000000000
0000000000000000
0000000000000000
0000000000000000
0000000000000000
0000000000000000
0000000000000000
0000000000000000
0000000000000000
0000000000000000
0000000000000000
0000000000000000
0000011108880000
0000000000000000
0000000000000000
0000000000000000
0000000000000000
0000000000000000
0000000000000000
0000000000000000
0000000001110111
0111011101110000
0000000001110111
0000000000000000
0000000000000000
0000012107770000
0000000000000000
0000000000000000
0000011107770111
0000055504440000
0000000000000000
0000022206660000
0222077702220000
0000000000000000
0AAA0DDD02220000
01110AAA0BBB0AAA
0000000000000000
02000B4000000000
0788066700000000
0000022208880788
0000083007200000
0000000000000000
0000000000000000
0000000000000000
0000000001110111
0000000000000000
0000000000000000
0000000000000000
0000000000000000
0000000000000000
0000000000000000
01210DDD01000000
000000000DDD0222
0111011105550DDD
0444000002220222
00000BBC04440BBB
000002220DDD0111
0000000000000000
0000000000000000
000004440BBB0000
02220AAA07770000
0000000000000000
0777099900000000
0000000002220111
0000000000000000
0000000000000000
0000000000000000
0000000000000000
0000000000000000
0000010000000000
0000000000000000
0000000000000000
0000000000000000
0000000000000000
0000000000000000
0000000000000000
0000000000000000
0000000000000000
0000000000000000
0000000000000000
0000000000000000
0000000000000000
0000000000000000
0000000000000000
0000000000000000
0000000000000000
0000000000000000
0000000000000000
0000000000000000
0000000000000000
0000000000000000
0111011100000000
0000000000000000
0000000001110111
0000022201110000
0111000000000000
0000000000000222
0111022201110000
0111011100000000
0000000000000000
0000011101110111
0111011100000000
0111000000000000
0000000001110111
0111011100000000
0000000000000111
0000000000000111
0000011101110111
0111011100000000
0222000000000111
0000033302220111
0000000000000000
0000000000000000
0000000000000000
0000000000000000
0000000000000000
0000000000000000
0000000000000000
0000000000000000
0000000001110111
0111022200000000
0000000000000111
0000011101110222
0000000000000000
0000011101110111
0000000000000000
0000000001110111
0111011100000000
0000000000000000
0000011101110000
0111011000000000
0000000000000111
0000000001110010
0000000000000000
0000000000000000
0000000000000000
0AAA07770AAA0777
0000000000000666
000000000AAA0222
0888099904440000
0BBB033306660999
03330BBB00000000
0AAA08880AA90666
08880BBB08880444
0000000002220898
0000000000000000
0000000000000000
0000000000000000
0000011101110000
0000000000000000
0000000001110000
0000000000000000
0100000000000000
0000000000000100
0000000000000000
0000000000000000
0000000000000000
0000000000000000
0000000000000000
03330EEE03330000
0666066603330000
0666066606660666
0666066606660666
0111011106660666
0111011101110111
0111011101110111
0111011101110111
0111011101110111
0111011101110111
0111011101110111
0111011101110111
0111011101110111
0000077708880111
0000000000000000
0000000000000000
0000000000000000
0000000000000000
0000000000000000
0000000000000000
0000000000000000
0000000000000000
0000000000000000
0221011101110111
0000000000000111
0000000000000000
0000000000000000
0000000000000000
0000000000000000
0000000000000000
0000000000000000
0000000000000000
0000000000000000
0000000000000000
0000000000000000
0111011100000000
0000000001110111
0000000000000000
0830073000000000
0630052005200630
0520042005200530
0000051009200520
0000000000000000
0000000000000000
0000011101110000
0000000000000000
0000000000000000
0000000000000000
0000000000000000
0000000000000000
0000000000000000
0000000000000000
02220DDD00000000
0999099909990000
0555077701110999
099907770BBB0333
0888099901110666
0000001009990999
0000000000000000
0000000000000000
000000000AAA0777
077709990FFF0222
0000000001110888
0666099900000000
0000000000000000
0000000000000000
0000000000000000
0000000000000000
0000000000000000
0000000000000000
0000000000000000
0000000000000000
0000000000000000
0000000000000000
0000000000000000
0000000000000000
0000000000000000
0000000000000000
0000000000000000
0000000000000000
0000000000000000
0000000000000000
0000000000000000
0000000000000000
0000000000000000
0000000000000000
0000000000000000
0000000000000000
0000000000000000
0000000000000000
0000000000000000
0000000000000000
0000000000000000
0111011100000000
0000000000000000
0000000001110111
0111011100000000
0000000000000000
0000000001110111
0000011101110000
0111000000000000
0000000000000111
0000011101110000
0111011100000000
0000000000000111
0000011102220111
0111011100000000
0111000000000000
0000000000000111
0000011102220000
0222000000000000
0000033302220111
0000000000000000
0000000000000000
0000000000000000
0000000000000000
0000000000000000
0000000000000000
0000000000000000
0222011000000000
0000000000000100
0000011101110000
0222000000000000
0111000000000111
0111000000000000
0000000001110111
0111011100000000
0000000000000000
0000011101110000
0111000000000000
0000000001110111
0111012101110000
0111000000000000
0000000000000111
0000000000000000
0000000000000000
0000000000000000
0222033302220000
0000000000000000
0000000001110000
0444011100000000
0222000000000333
0111011100000000
0111033302220000
0333033301110000
0000000000000333
0000000001110111
0000011101110000
0000000000000000
0000000000000111
0000000000000000
0000000000000000
0000000000000000
0000010001000000
0000000000000000
0000000000000000
0000000000000000
0000000000000000
0000000000000000
0000000000000000
0777054400000000
0FFF0FFF0FFF0888
0FFF0FFF0FFF0FFF
0FFF0FFF0FFF0FFF
000002220FFF0FFF
0000000000000000
0000000000000000
0000000000000000
0000000000000000
0000000000000000
0000000000000000
0000000000000000
0000000000000000
01110DDD00000000
0000000000000000
0000000000000000
0000000000000000
0000000000000000
0000000000000000
0000000000000000
0000000000000000
0000000000000000
0000000000000000
0111000000000000
0111011101110111
0000000000000111
0000000000000000
0000000000000000
0000000000000000
0000000000000000
0000000000000000
0000000000000000
0000000000000000
0000000000000000
0000000000000000
0000000000000000
0000000000000000
0000000000000000
0520000000000000
0520063006300630
0520052005200520
0000000003100520
0000000000000000
0111011101110000
0000000000000111
0000000000000000
0000000000000000
0000000000000000
0000000000000000
0000000000000000
0000000000000000
0000000000000000
0000022200000000
0333033300000000
0000000000000000
0222033301110000
0333000000000000
0000000000000333
0000000000000000
0000000000000000
0000000001110222
0333033302120000
0000000000000333
0111022200000000
0000000000000000
0000000000000000
0000000000000000
0000000000000000
0000000000000000
0000000000000000
0000000000000000
0000000000000000
0000000000000000
0000000000000000
0000000000000000
0000000000000000
0000000000000000
0000000000000000
0000000000000000
0000000000000000
0000000000000000
0000000000000000
0000000000000000
0000000000000000
0000000000000000
0000000000000000
0000000000000000
0000000000000000
0000011100000000
0111000000000000
0000000000000000
0111011100000000
0000000001110111
0000011101110111
0111011100000000
0000000000000111
0000011101110111
0111011100000000
0000000000000111
0000000001110111
0111011101110000
0111000000000000
0000000001110111
0000011101110000
0111000000000000
0000000001110111
0000022201110000
0111011100000000
0111000000000000
0000000001110111
0222000001110000
0000033302220111
0000000000000000
0000000000000000
0000000000000000
0000000000000000
0000000000000000
0000000000000000
0000000000000000
0111011101110000
0111000000000000
0000000001110222
0111022202220000
0000011100000000
0111022200100000
0000000000000000
0000011101110000
0000000000000000
0000000001110111
0111022200000000
0000000000000000
0000000002220222
0111022201110000
0111000000000000
0000000001110111
0111011100000000
0000000000000000
0000000000000111
0000000001110111
0000000000000000
0000000000000000
0000000000000000
0000000000000000
0000000000000000
0000000001000000
0111011100000000
0111000000000000
0000000001110111
0111011100000000
0000000000000000
0111000000000000
0000000000000000
0100000000000000
0000000000000100
0000000000000000
0000000000000000
0000000000000000
0000000000000000
0000000000000000
0000000000000000
0444099901110000
0FFF0FFF0FFF0888
0FFF0FFF0FFF0FFF
0FFF0FFF0FFF0FFF
0000000007770FFF
0000000000000000
0000000000000000
0000000000000000
0100011100000000
0000000000000000
0000000000000000
0000000000000000
0000000000000000
01110CCC08880000
0000000000000000
0000000000000000
0000000000000000
0000000000000000
0000000000000000
0000000000000000
0000000000000000
0000000000000000
0000000000000000
0000000000000000
0111000000000000
0111011101110111
0111000001110111
0111011101110111
0000000000000000
0101011001000000
0111011101110111
0000000001110111
0111011101000000
0000011101110111
0111010100000000
0111011101110111
0111011101110111
0000000000110111
0001011000000000
0000000000010001
0000000000000000
0000000000000000
0111000000000000
0000000000000111
0000000000000000
0000000000000000
0000000000000000
0000000000000000
0000000000000000
0000000000000000
0000000000000000
0000000000000000
0000000000000000
0000000000000000
0000000000000000
0000000000000000
0000000000000000
0000000000000000
0000000000000000
0000000000000000
0000000000000000
0000000000000000
0000000000000000
0000000000000000
0000000000000000
0000000000000000
0000000000000000
0000000000000000
0000000000000000
0000000000000000
0000000000000000
0000000000000000
0000000000000000
0000000000000000
0000000000000000
0000000000000000
0000000000000000
0000000000000000
0000000000000000
0000000001110000
0000000000000000
0000000000000000
0000000000000000
0000000000000000
0000000000000000
0000000000000000
0000000000000000
0111011100000000
0000011100000111
0000011100000000
0000000000000000
0000000001110111
0111011100000000
0000000000000111
0000022202220000
0222000000000000
0000000001110222
0111022201110000
0111011100000000
0000000000000111
0000000001110111
0111011100000000
0100000000000101
0000000001110222
0222011100000000
0111000000000000
0000000001110111
0000011101110000
0111011100000000
0000000000000000
0222000001110111
0000033302220111
0000000000000000
0000000000000000
0000000000000000
0000000000000000
0000000000000000
0000000000000000
0000000000000000
0000000002220111
0222022201010000
0000000000000000
0000000002220222
0000011101110000
0000011101110011
0111000000000000
0000000001110111
0111011100000000
0000000000000111
0000011102220111
0111000000000000
0000000000000111
0000011102220111
0222011100000000
0000000000000111
0000011102220111
0111011100000000
0111000000000000
0000000000000000
0000000000000001
0111010000000000
0000000000000000
0000011100000000
0111000000000000
0000000000000111
0000000001110111
0111011100000000
0000000000000000
0000011101110000
0000011100000000
0111011100000000
0000000000000000
0000000001000000
0000000000000000
0000000000000000
0000000000000000
0000000000000000
0000000000000000
0000000000000000
0000000000000000
04440CCC01110000
0666066606660444
0666066606660666
0777077707770666
0221021101110555
0222022202220222
0111011101110111
0221011101110111
0222022202220222
0111011101110222
0111011101110222
0211022102220222
0111022202110111
000001110CCC0888
0000000000000000
0000000000000000
0000000000000000
0000000000000000
0000000000000000
0000000000000000
0000000000000000
0000000000000000
0000000000000000
0000000000000000
0000000000000000
0000000000000000
0000000000000000
0000000000000000
0000000000000000
0000000000000000
0000000000000000
0000000000000000
0000000000000000
0000000000000000
0000000000000000
0000000000000000
0000000000000000
0000000000000000
0000000000000000
0000000000000000
0000000000000000
0000000000000000
0000000000000000
0000000000000000
0000000000000000
0000000000000000
0000000000000000
0000000000000000
0000000000000000
0000000000000000
0000000000000000
0000000000000000
0000000000000000
0000000000000000
0000000000000000
0000000000000000
0000000000000000
0000000000000000
0000000000000000
0000000000000000
0000000000000000
0000000000000000
0000000000000000
0000000000000000
0000000000000000
0000000000000000
0000000000000000
0000000000000000
0000000000000000
0000000000000000
0000000000000000
0000000000000000
0000000000000000
0000000000000000
0000000000000000
0000000000000000
0000000000000000
0000000000000000
0000000000000000
0000000000000000
0000000000000000
0000000000000000
0000000000000000
0000000000000000
0000000000000000
0000010000000000
0000000000000000
0000000000000000
0000000000000000
0000000000000000
0111001100000000
0000000000000000
0111011101110000
0111000000000000
0000000001110111
0111022201110000
0000000000000000
0000000002220111
0000022201110000
0222011100000000
0000000000000111
0000011102220111
0222011100000000
0000000000000111
0000011102220111
0111012100000000
0111000000000000
0000000000000222
0000011101110000
0111011100000000
0222000000000111
0000033302220111
0000000000000000
0000000000000000
0000000000000000
0000000000000000
0000000000000000
0000000000000000
0000000000000000
0000000000000121
0000022202220111
0111011100000000
0000000000000222
0000000001110111
0000000001110111
0111011100000000
0000000000000000
0111022201110111
0111000000000000
0000000001110211
0222011101110000
0111000000000000
0000000000010222
0000011102220000
0111000000000000
0000000000000111
0000011101110111
0000011100000000
0100000000000000
0000000000000000
0000000001100111
0000000000000000
0000000000000100
0000011100000000
0111000000000000
0000000000000111
0000011101110111
0000000000000000
0000000000000111
0000000001110000
0000000001110000
0000000000000000
0000000000000000
0000000000000000
0000000000000000
0000000000000000
0000000000000000
0000000000000000
0000000000000000
0000000000000000
0000000000000000
0000000000000000
0000000000000000
0000000000000000
0000000000000000
0000000000000000
0000000000000000
0000000000000000
0000000000000000
0000000000000000
0000000000000000
0000000000000000
0000000000000000
0000000000000000
0000000000000000
0000000000000000
0000000000000000
0000000000000000
0000000000000000
0000000000000000
0000000000000000
0000000000000000
0000000000000000
0111000000000000
0111011101110111
0222022202210111
0222022202220222
0111011101110221
0222022202220222
0222022202220222
0222022202220222
0222022202220222
0222022202220222
0211011102220222
0222022201110111
0111011102110221
0111011101110111
0222022202220111
0111022202220222
0222022202220111
0111011102220222
0111011101110111
0111011101110111
0100011101110111
0111011100000000
0000000000000110
0000000000000000
0000000000000000
0000000000000000
0000000000000000
0000000000000000
0000000000000000
0000000000000000
0000000000000000
0000000000000000
0000000000000000
0000000000000000
0000000000000000
0000000000000000
0000000000000000
0000000000000000
0000000000000000
0000000000000000
0000000000000000
0000000000000000
0000000000000000
0000000000000000
0000000000000000
0000000000000000
0000000001110000
0000000000000000
0000000001110111
0000000000000000
0000000000000000
0000000000000000
0000000000000000
0000000000000000
0000000000000000
0000000000000000
0000000000000000
0000000000000000
0000000000000000
0000011100000000
0000000000000000
0000000000000000
0000000000000000
0111000000000000
0000000000000111
0000000000000000
0000000000000000
0000011101110000
0000000000000000
0000011101110111
0111011100000000
0000000000000000
0000011102220111
0111000000000000
0000000000000111
0000000001110111
0111022201110000
0111000000000000
0000000001110222
0111022201110000
0111000000000000
0000000001110222
0000011102220000
0111022200000000
0111000000000000
0000000000000111
0111011101110000
0211011100000000
0000033302220111
0000000000000000
0000000000000000
0000000000000000
0000000000000000
0000000000000000
0000000000000000
0000000000000000
0111000000000000
0000000001110222
0111022202220111
0111000000000000
0222011100000111
0000000000000111
0000011101110000
0111011100000000
0000000001110111
0222011100000000
0000011100000000
0000022202220000
0222022200000000
0222000000000111
0000000001110222
0111022202220000
0111000000000000
0000000000000222
0000000001110111
0000000001110000
0111011100000000
0000000000000111
0000000001110111
0000000000000000
0000000001110111
0111011100000000
0111000000000000
0000000000000111
0000000001110000
0111000000000000
0000000000000111
0000000000000000
0000000000000000
0000000000000000
0000000000000000
0000011100000000
0000000000000000
0000000000000000
0000000000000000
0000000000000000
0000000000000000
0000000000000000
0000000000000000
0000000000000000
0000000000000000
0000000000000000
0000000000000000
0000000000000000
0000000000000000
0000000000000000
0000000000000000
0000000000000000
0000000000000000
0000000000000000
0000000000000000
0000000000000000
0000000000000000
0000000000000000
0000000000000000
0000000000000000
0000000000000000
0000000000000000
0000000000000000
0000000000000000
0222011100000000
0000000000000000
0000000000000000
0000000000000000
0000000000000000
0000000000000000
0100000000000000
0000000000000000
0000000000000000
0000000000000000
0000000000000000
0000000000000000
0000000000000000
0000000000000000
0111011101110100
0111011101110111
0000011101110111
0000000001110000
0000000000000000
0000000000000000
0222000000000000
0000000000000000
0000000000000000
0000000000000000
0000000000000000
0000000000000000
0000000000000000
0000000000000000
0000000000000000
0000000000000000
0000000000000000
0000000000000000
0000000000000000
0000000000000000
0000000000000000
0000000000000000
0000000000000000
0000000000000000
0000000000000000
0000000000000000
0000000000000000
0000000000000000
0000000000000000
0000000000000000
0000000000000000
0000000000000000
0000000000000111
0111011100000000
0000000000000000
0000000000000000
0000000000000000
0000000000000000
0000011100000000
0000000000000000
0000000000000000
0000000001110000
0000000000000000
0000000000000000
0000000000000111
0000000001110000
0000011100000000
0100000000000000
0000000000000000
0111011101110000
0000000000000000
0000010000000000
0111011100000000
0000000001110111
0111011100000000
0000000000000111
0000011102220111
0111000000000000
0000000001110111
0111011101110111
0222011000000000
0000000000000222
0000011101110111
0222011101110000
0111000000000000
0000000002220222
0222022200000000
0111000000000000
0000000001110222
0000011102220111
0111022201110000
0000011101110000
0000000001110111
0111011101110000
0000000000000111
0000000000000000
0000000000000000
0000000000000000
0000000000000000
0000000000000000
0000000000000000
0000000000000000
0111011100000000
0000000000000000
0000000001110111
0000000000000000
0000011100000000
0111000000000000
0000000000000000
0000000100000000
0000000000000000
0000011100000000
0000011100000000
0000000001110000
0000011100000000
0111000000000000
0000000000000000
0000000001110000
0111000000000000
0000000000000000
0000000000000000
0000000000000000
0000000000000000
0000000000000000
0000000000000000
0000000000000000
0000000000000000
0000000000000000
0000000000000000
0000000000000000
0000000000000000
0000000000000000
0000000000000000
0000000000000000
0000000000000000
0000000000000000
0000000000000000
0000000000000000
0000000000000000
0111000000000000
0000000000000111
0000000000000000
0000000000000000
0000000000000000
0000000000000000
0000000000000000
0000000000000000
0000000000000000
0000000000000000
0000000000000000
0000000000000000
0000000000000000
0000000000000000
0000000000000000
0000000000000000
0000000000000000
0000000000000000
0000000000000000
0000000000000000
0000000000000000
0000000000000000
0000000000000000
0000000000000000
0000000000000000
0000000000000000
0000000000000000
0000011101110000
0000000000000000
0000000000000000
0000000000000000
0000000000000000
0000000000000000
0000000000000000
0000000000000000
0000000000000000
0000000000000000
0000000000000000
0000000000000000
0000000000000000
0000000000000000
0000000000000000
0000000000000000
0000000000000000
0000000000000000
0000000000000000
0000000000000000
0111000000000000
0000000000000222
0000000000000000
0000000000000000
0000000000000000
0000000000000000
0000000000000000
0000000000000000
0000000000000000
0000000000000000
0000000000000000
0000000000000000
0000000000000000
0000000000000000
0000000000000000
0000000000000000
0000000000000000
0000000000000000
0000000000000000
0000000000000000
0000000000000000
0000000000000000
0000000000000000
0000000000000000
0000000000000000
0000000000000000
0000000000000000
0000000000000000
0000000000000000
0000000000000000
0000000000000000
0000000000000000
0000000000000000
0000000000000000
0000000000000000
0000000000000000
0000000000000000
0000000000000000
0000000000000000
0000000000000000
0000000000000000
0000000000000000
0000000000000000
0000000000000000
0000000000000000
0000000000000000
0000000000000000
0000000000000000
0000000000000000
0000000000000000
0000000000000000
0111000000000000
0000000000000000
0000000000000111
0111000000000000
0000000000000000
0000000000000000
0000011101110000
0111000000000000
0000000000000111
0000011101110000
0111000000000000
0000000000000000
0000000000000100
0000000001110000
0000000000000000
0000000000000000
0000011101110111
0000000002220333
0000000000000000
0000000000000000
0000000000000000
0000000000000000
0000000000000000
0000000000000000
0000000000000000
0111011101110111
0221022202220111
0222022201110111
0222022202220222
0222022202220222
0222022202220222
0222022202220222
0222022202210222
0222022202110222
0222011101110222
0111011101110222
0111011101110111
0111011101110111
0111011101110111
0222022202220111
0222022201110111
0111022202220222
0111022202220111
0111011101110111
0222011101110111
0111011101110222
0111011102220122
0111011101110111
0111011101110111
0111011101110111
0111011101110111
0111011101110111
0111011101110111
0111011101110111
0111011101110111
0000011101110111
0110011101110111
0000000001000110
0111000000000000
0110011101110111
0111011101110110
0111022102220222
0221011101110111
0222022202220222
0111011101110221
0111011101110211
0111011101110111
0111011101110111
0111011101110111
0111011101110111
0111011101110111
0111011101110111
0111011101110111
0111011101110111
0111011101110111
0111011101110111
0111011101110111
0111011101110111
0111011101110111
0111011101110111
0111011101110111
0111011101110111
0111011101110111
0111011101110111
0111011101110111
0111021102110111
0111011101110111
0111011101110111
0111011101110111
0000000001110111
0000000000000000
0000000000000000
0000000000000000
0222022202220222
0222022200000222
0333033300000333
0000044402220000
0111000002220111
0222022202220222
0222022202220222
0222011100000222
0000000000000111
0000000000000000
0000011102220000
0222022202220111
0222022202220222
0111022202220222
0000000000000000
0000000000000000
0000000000000000
0000010101110111
0111011100000000
0111011101110111
0111011101110111
0111011101110111
0111011101110111
0111011101110111
0111011101110111
0111011101110111
0111011101110111
0111011101110111
0111011101110111
0111011101110111
0111011101110111
0111011101110111
0211021101110111
0111011101110111
0111011101110111
0111011101110111
0111011101110111
0111011101110111
0111011101110111
0111011101110111
0111011101110111
0111011101110111
0111011101110111
0111011101110111
0111011101110111
0111011101110111
0111011101110111
0111011101110111
0111011101110111
0111011101110111
0111011101110111
0111011101110111
0111011101110111
0111011101110111
0111011101110111
0111011101110111
0111011101110111
0111011101110111
0111011101110111
0111011101110111
0111011101110111
0111011101110111
0111011101110222
0222022201110111
0111011101110222
0111022102110111
0111011101110111
0111011102220221
0111011101110111
0111011101110111
0111011101110111
0111011101110111
0222022202220111
0111011101110111
0111011101110211
0222022201110111
0111011102220222
0111011101210222
0111012101110111
0111011101110111
0111011101110111
0111011101110111
0111011102220222
0222011100000111
0000000001110222
0000000000000000
0000000000000000
0000000000000000
0000000000000000
0000000000000000
0000000000000000
0000000000000000
0222022202220222
0222022202220221
0222022202220222
0222022202220222
0222022202220222
0222022202220222
0222022202220222
0222022202220222
0222022202220222
0111022202220222
0111011101110111
0111011101110111
0222012101110111
0222022202220221
0222022202220222
0222022202220222
0221022202220222
0111011101110111
0111011101110111
0111011101110111
0222022102220221
0111011102210222
0221011101110111
0222022202220222
0211021101110221
0111021102110111
0111011101110111
0111011101110211
0111011101110111
0111011102110211
0000011101110111
0100000000000000
0000000000000110
0000000000000000
0000000000000000
0111011100000000
0111011101110111
0111011101110111
0111011101110111
0111011101110111
0111011101110111
0111011101110111
0111011101110111
0111011101110111
0111011101110111
0111011101110111
0111011101110111
0111011101110111
0111011101110111
0111011101110111
0111011101110111
0111011101110111
0111011101110111
0111011101110111
0111011101110111
0111011101110111
0111011101110111
0111011101110111
0111011101110111
0111011101110111
0222022202220111
0222021102110222
0111011101110222
0111011101110111
0000000000000000
0000000000000000
0000000000000000
0AAA000000000000
0FFF0EEE0EEE0FFF
0FFF0FFF06660888
0BBB0FFF04440AAA
03330CCC0EEE0333
0EEE033304440DDD
0EEE0EEE0EEE0FFF
0FFF0EEE0EEE0EEE
0FFF099900000CCC
0000000004440DDD
0333000000000000
00000CCC0FFF0BBB
0EEE0EEE0FFF0999
0DDD0EED0EEE0EEE
0BBB0EEE0DDD0DED
0000000000000000
0000000000000000
0000000000000000
0000000000000000
0111011101110111
0111011101110111
0111011101110111
0111022202220222
0111011101110111
0111011101110111
0111011101110111
0111011101110111
0211021102210111
0111011102110211
0111011101110111
0111011101110111
0111011101110111
0111011101110111
0111011101110111
0111011101110111
0111011101110111
0111011101110111
0111011101110111
0111011101110111
0111011101110111
0111011101110111
0111011101110111
0111011101110111
0111011101110111
0111011101110111
0111011101110111
0111011101110111
0111011101110111
0111011101110111
0111011101110111
0111011101110111
0111011101110111
0111011101110111
0222022202110111
0111011101110222
0111021102110221
0111011101110111
0111011101110111
0111011101110111
0111011101110111
0111011101110111
0222022101110111
0222022202220222
0111011101110221
0222022201110211
0222022202210222
0221022202220222
0222022102210111
0222022202220222
0222022202220222
0222022202220222
0222021102110212
0111021102110121
0112021101110111
0111011101110111
0111011101110111
0222022101110111
0222022202220222
0211022202220222
0222022202220211
0221022202220222
0222022202220222
0222022202220222
0111011102220221
0111011101110111
0000000000000000
0000000000000000
0000000000000000
0000000000000000
0000000000000000
0000000000000000
0000000000000000
0000000000000000
0000000000000000
0000000000000000
0000000000000000
0000000000000000
0000000000000000
0000000000000000
0000000000000000
0000000000000000
0000000000000000
0000000000000000
0000000000000000
0000000000000000
0000000000000000
0000000000000000
0000000000000000
0000000000000000
0000000000000000
0000000000000000
0000000000000000
0000000000000000
0000000000000000
0000000000000000
0000000000000000
0000000000000000
0000000000000000
0000000000000000
0000000000000000
0000000000000000
0000000000000000
0000000000000000
0000000000000000
0000000000000000
0000000000000000
0000000000000000
0000000000000000
0000000000000000
0000000000000000
0000000000000000
0000000000000000
0000000000000000
0000000000000000
0000000000000000
0000000000000000
0000000000000000
0000000000000000
0000000000000000
0000000000000000
0000000000000000
0000000000000000
0000000000000000
0000000000000000
0000000000000000
0000000000000000
0000000000000000
0000000000000000
0000000000000000
0000000000000000
0000000000000000
0000000000000000
0000000000000000
0000000000000000
0000000000000000
0000000000000000
0000011101110000
0000000000000000
0000000000000000
0000000000000000
0FFF088800000000
0CCC0FFF0FFF0FFF
0CCC0FFF0FFF0666
03330EEE0EEE0444
0CCC02220EEE0DDD
0FFF0EEE02220677
0111011101110666
0FFF055501110111
0FFF099900000CCC
000009990FFF0FFF
0FFF088800000000
00000DDD0FFF0FFF
022205550FFF0BAA
0333034302220222
0333044403330444
0000000000000000
0000000000000000
0000000000000000
0000011101110111
0000000000000000
0000000000000000
0000000000000000
0000000000000000
0000000000000000
0000000000000000
0000000000000000
0000000000000000
0000000000000000
0000000000000000
0000000000000000
0000000000000000
0000000000000000
0000000000000000
0000000000000000
0000000000000000
0000000000000000
0000000000000000
0000000000000000
0000000000000000
0000000000000000
0000000000000000
0000000000000000
0000000000000000
0000000000000000
0000000000000000
0000000000000000
0000000000000000
0000000000000000
0000000000000000
0000000000000000
0000000000000000
0000000000000000
0000000000000000
0000000000000000
0000000000000000
0000000000000000
0000000000000000
0000000000000000
0000000000000000
0000000000000000
0000000000000000
0000000000000000
0000000000000000
0000000000000000
0000000000000000
0000000000000000
0000000000000000
0000000000000000
0000000000000000
0000000000000000
0000000000000000
0000000000000000
0000000000000000
0000000000000000
0000000000000000
0000000000000000
0000000000000000
0000000000000000
0000000000000000
0000000000000000
0000000000000000
0000000000000000
0000000000000000
0000000000000000
0000000004440111
0000000000000000
0000000000000000
0000000000000000
0000000000000000
0000000000000000
0000000000000000
0000000000000000
0000000000000000
0333033303330333
0333033303330333
0333033303330333
0333033303330333
0333033303330333
0333033303330333
0333033303330333
0333033303330333
0333033303330333
0333033303330333
0333033303330333
0333033303330333
0333033303330333
0333033303330333
0333033303330333
0333033303330333
0333033303330333
0333033303330333
0333033303330333
0333033303330333
0333033303330333
0333033303330333
0333033303330333
0333033303330333
0333033303330333
0333033303330333
0333033303330333
0333033303330333
0333033303330333
0333033303330333
0333033303330333
0333033303330333
0333033303330333
0333033303330333
0333033303330333
0333033303330333
0333033303330333
0333033303330333
0333033303330333
0333033303330333
0333033303330333
0333033303330333
0333033303330333
0333033303330333
0333033303330333
0333033303330333
0333033303330333
0333033303330333
0333033303330333
0443044404330333
0333033303330433
0333033303330333
0333033303330333
0333033303330333
0333033303330333
0333033303330333
0333033304330433
0333033303330333
0333033303330333
0333033303330333
0333033303330333
0333033303330333
0111033303330333
0111011101110111
0000000001110111
0000000000000000
0000000000000000
0FFF0FFF05550000
05550DDD0FFF0FFF
04440EEE0FFF0EEE
0AAA04430FFF0CCC
0888099A03330FFF
0CCC0FFF0DDD0111
0666066606660666
0FFF099906660666
0FFF099900000CCC
0EEE0EEE06660444
07770FFF0CCC0666
00000CCC0FFF0444
000003330FFF0AAA
0BBB0CCC01110000
0ABA0EEE0CCC0BBB
0000000000000000
0000000000000000
0111000000000000
0111011101110111
0333033303330111
0333033303330333
0333033303330333
0333033303330333
0333033303330333
0333033303330333
0333033303330333
0333033303330333
0333033303330333
0333033303330333
0333033303330333
0333033303330333
0333033303330333
0333033303330333
0333033303330333
0333033303330333
0333033303330333
0333033303330333
0333033303330333
0333033303330333
0333033303330333
0333033303330333
0333033303330333
0333033303330333
0333033303330333
0333033303330333
0333033303330333
0333033303330333
0333033303330333
0333033303330333
0333033303330333
0333033303330333
0333033303330333
0333033303330333
0333033303330333
0333033303330333
0333033303330333
0333033303330333
0333033303330333
0333033303330333
0333033303330333
0333033303330333
0333033303330333
0333033303330333
0333033303330333
0333033303330333
0333033303330333
0333033303330333
0333033303330333
0333033303330333
0333033303330333
0333033303330333
0333033303330333
0333033303330333
0333033303330333
0333033303330333
0333033303330333
0333033303330333
0333033303330333
0333033303330333
0333033303330333
0333033303330333
0333033303330333
0333033303330333
0111033303330333
0000000001110000
0000000000000000
0000000000000000
0000000000000000
0000000000000000
0000000000000000
0000000000000000
0000000000000000
0000000000000000
0000000000000000
0000000000000000
0000000000000000
0000000000000000
0000000000000000
0000000000000000
0000000000000000
0000000000000000
0000000000000000
0000000000000000
0000000000000000
0000000000000000
0000000000000000
0000000000000000
0000000000000000
0000000000000000
0000000000000000
0000000000000000
0000000000000000
0000000000000000
0000000000000000
0000000000000000
0000000000000000
0000000000000000
0000000000000000
0000000000000000
0000000000000000
0000000000000000
0000000000000000
0000000000000000
0000000000000000
0000000000000000
0000000000000000
0000000000000000
0000000000000000
0000000000000000
0000000000000000
0000000000000000
0000000000000000
0000000000000000
0000000000000000
0000000000000000
0000000000000000
0000000000000000
0000000000000000
0000000000000000
0000000000000000
0000000000000000
0000000000000000
0000000000000000
0000000000000000
0000000000000000
0000000000000000
0000000000000000
0000000000000000
0000000000000000
0000000000000000
0000000000000000
0000000000000000
0000000000000000
0000000000000000
0000000000000000
0000000000000000
0111021103330222
0111011101110111
0000000000000000
0000011100000000
0FFF0FFF0EEE0444
0BBB05550EEE0FFF
0AAA07770FFF0FFF
0FFF077707770FFF
00000BBB07770444
0BBB0CCC0FFF0AAA
0CCC0CCC0CCC0CCC
0FFF0DDD0CCC0CCC
0FFF099900000CCC
0888011100000333
000002220AAA0FFF
00000CDC0FFF0333
033306760FFF0AAA
0555055504440444
0CCC0FFF0BBB0555
0000000000000000
0000000000000000
0111011101110000
0222033301110111
0000000000000000
0000000000000000
0000000000000000
0000000000000000
0000000000000000
0000000000000000
0000000000000000
0000000000000000
0000000000000000
0000000000000000
0000000000000000
0000000000000000
0000000000000000
0000000000000000
0000000000000000
0000000000000000
0000000000000000
0000000000000000
0000000000000000
0000000000000000
0000000000000000
0000000000000000
0000000000000000
0000000000000000
0000000000000000
0000000000000000
0000000000000000
0000000000000000
0000000000000000
0000000000000000
0000000000000000
0000000000000000
0000000000000000
0000000000000000
0000000000000000
0000000000000000
0000000000000000
0000000000000000
0000000000000000
0000000000000000
0000000000000000
0000000000000000
0000000000000000
0000000000000000
0000000000000000
0000000000000000
0000000000000000
0000000000000000
0000000000000000
0000000000000000
0000000000000000
0000000000000000
0000000000000000
0000000000000000
0000000000000000
0000000000000000
0000000000000000
0000000000000000
0000000000000000
0000000000000000
0000000000000000
0000000000000000
0000000000000000
0000000000000000
0000000000000000
0000000000000000
0000000000000000
0000000000000000
0000000000000000
0000000000000000
0000000000000000
0000000000000000
0000000000000000
0000000000000000
0000000000000000
0000000000000000
0000000000000000
0000000000000000
0000000000000000
0000000000000000
0000000000000000
0000000000000000
0000000000000000
0000000000000000
0000000000000000
0000000000000000
0000000000000000
0000000000000000
0000000000000000
0000000000000000
0000000000000000
0000000000000000
0000000000000000
0000000000000000
0000000000000000
0000000000000000
0000000000000000
0000000000000000
0000000000000000
0000000000000000
0000000000000000
0000000000000000
0000000000000000
0000000000000000
0000000000000000
0000000000000000
0000000000000000
0000000000000000
0000000000000000
0000000000000000
0000000000000000
0000000000000000
0000000000000000
0000000000000000
0000000000000000
0000000000000000
0000000000000000
0000000000000000
0000000000000000
0000000000000000
0000000000000000
0000000000000000
0000000000000000
0000000000000000
0000000000000000
0000000000000000
0000000000000000
0000000000000000
0000000000000000
0000000000000000
0000000000000000
0000000000000000
0000000000000000
0000000000000000
0000000000000000
0000000000000000
0000000000000000
0222022202220000
0111011101110111
0000000000000000
0222000000000000
0FFF0FFF0FFF0DDD
0FFF088806660FFF
0FFF088808880FFF
05550FFF05550999
099A01110CCC0666
000001110CCC0FFF
0000000000000000
0FFF033300000000
0FFF099900000CCC
0000000000000444
0000000000000222
00000CCC0FFF0333
0FFF0FFF0FFF0AAA
0FFF0FFF0FFF0FFF
0CCC0FFF0FFF0FFF
0000000000000000
0000000000000000
0111011101110111
0000011102220222
0000000000000000
0000000000000000
0000000000000000
0000000000000000
0000000000000000
0000000000000000
0000000000000000
0000000000000000
0000000000000000
0000000000000000
0000000000000000
0000000000000000
0000000000000000
0000000000000000
0000000000000000
0000000000000000
0000000000000000
0000000000000000
0000000000000000
0000000000000000
0000000000000000
0000000000000000
0000000000000000
0000000000000000
0000000000000000
0000000000000000
0000000000000000
0000000000000000
0000000000000000
0000000000000000
0000000000000000
0000000000000000
0000000000000000
0000000000000000
0000000000000000
0000000000000000
0000000000000000
0000000000000000
0000000000000000
0000000000000000
0000000000000000
0000000000000000
0000000000000000
0000000000000000
0000000000000000
0000000000000000
0000000000000000
0000000000000000
0000000000000000
0000000000000000
0000000000000000
0000000000000000
0000000000000000
0000000000000000
0000000000000000
0000000000000000
0000000000000000
0000000000000000
0000000000000000
0000000000000000
0000000000000000
0000000000000000
0000000000000000
0000000000000000
0000000000000000
0000000000000000
0000000000000000
0000000000000000
0000000000000000
0000000000000000
0000000000000000
0000000000000000
0000000000000000
0000000000000000
