0001000100010001
0001000100010001
0001000100010001
0001000100010001
0001000100010001
0001000100010001
0001000100010001
0001000100010001
0001000100010001
0001000100010001
0001000100010001
0001000100010001
0001000100010001
0001000100010001
0001000100010001
0001000100010001
0001000100010001
0001000100010001
0001000100010001
0001000100010001
0001000100010001
0001000100010001
0001000100010001
0001000100010001
0001000100010001
0001000100010001
0001000100010001
0001000100010001
0001000100010001
0001000100010001
0001000100010001
0001000100010001
0001000100010001
0001000100010001
0001000100010001
0001000100010001
0001000100010001
0001000100010001
0001000100010001
0001000100010001
0001000100010001
0001000100010001
0001000100010001
0001000100010001
0001000100010001
0001000100010001
0001000100010001
0001000100010001
0001000100010001
0001000100010001
0001000100010001
0001000100010001
0001000100010001
0001000100010001
0001000100010001
0001000100010001
0001000100010001
0001000100010001
0001000100010001
0001000100010001
0001000100010001
0001000100010001
0001000100010001
0001000100010001
0001000100010001
0001000100010001
0001000100010001
0001000100010001
0001000100010001
0001000100010001
0001000100010001
0001000100010001
0001000100010001
0001000100010001
0001000100010001
0001000100010001
0001000100010001
0001000100010001
0001000100010001
0001000100010001
0001000100010001
0001000100010001
0001000100010001
0001000100010001
0001000100010001
0001000100010001
0001000100010001
0001000100010001
0001000100010001
0001000100010001
0001000100010001
0001000100010001
0001000100010001
0001000100010001
0001000100010001
0001000100010001
0001000100010001
0001000100010001
0001000100010001
0001000100010001
0001000100010001
0001000100010001
0001000100010001
0001000100010001
0001000100010001
0001000100010001
0001000100010001
0001000100010001
0001000100010001
0001000100010001
0001000100010001
0001000100010001
0001000100010001
0001000100010001
0001000100010001
0001000100010001
0001000100010001
0001000100010001
0001000100010001
0001000100010001
0001000100010001
0001000100010001
0001000100010001
0001000100010001
0001000100010001
0001000100010001
0001000100010001
0001000100010001
0001000100010001
0001000100010001
0001000100010001
0001000100010001
0001000100010001
0001000100010001
0001000100010001
0001000100010001
0001000100010001
0001000100010001
0001000100010001
0001000100010001
0001000100010001
0001000100010001
0001000100010001
0001000100010001
0001000100010001
0001000100010001
0001000100010001
0001000100010001
0001000100010001
0001000100010001
0001000100010001
0001000100010001
0001000100010001
0001000100010001
0001000100010001
0001000100010001
0001000100010001
0001000100010001
0001000100010001
0001000100010001
0001000100010001
0001000100010001
0001000100010001
0001000100010001
0001000100010001
0001000100010001
0001000100010001
0001000100010001
0001000100010001
0001000100010001
0001000100010001
0001000100010001
0001000100010001
0001000100010001
0001000100010001
0001000100010001
0001000100010001
0001000100010001
0001000100010001
0001000100010001
0001000100010001
0001000100010001
0001000100010001
0001000100010001
0001000100010001
0001000100010001
0001000100010001
0001000100010001
0001000100010001
0001000100010001
0001000100010001
0001000100010001
0001000100010001
0001000100010001
0001000100010001
0001000100010001
0001000100010001
0001000100010001
0001000100010001
0001000100010001
0001000100010001
0001000100010001
0001000100010001
0001000100010001
0001000100010001
0001000100010001
0001000100010001
0001000100010001
0001000100010001
0001000100010001
0001000100010001
0001000100010001
0001000100010001
0001000100010001
0001000100010001
0001000100010001
0001000100010001
0001000100010001
0001000100010001
0001000100010001
0001000100010001
0001000100010001
0001000100010001
0001000100010001
0001000100010001
0001000100010001
0001000100010001
0001000100010001
0001000100010001
0001000100010001
0001000100010001
0001000100010001
0001000100010001
0001000100010001
0001000100010001
0001000100010001
0001000100010001
0001000100010001
0001000100010001
0001000100010001
0001000100010001
0001000100010001
0001000100010001
0001000100010001
0001000100010001
0001000100010001
0001000100010001
0001000100010001
0001000100010001
0001000100010001
0001000100010001
0001000100010001
0001000100010001
0001000100010001
0001000100010001
0001000100010001
0001000100010001
0001000100010001
0001000100010001
0001000100010001
0001000100010001
0001000100010001
0001000100010001
0001000100010001
0001000100010001
0001000100010001
0001000100010001
0001000100010001
0001000100010001
0001000100010001
0001000100010001
0001000100010001
0001000100010001
0001000100010001
0001000100010001
0001000100010001
0001000100010001
0001000100010001
0001000100010001
0001000100010001
0001000100010001
0001000100010001
0001000100010001
0001000100010001
0001000100010001
0001000100010001
0001000100010001
0001000100010001
0001000100010001
0001000100010001
0001000100010001
0001000100010001
0001000100010001
0001000100010001
0001000100010001
0001000100010001
0001000100010001
0001000100010001
0001000100010001
0001000100010001
0001000100010001
0001000100010001
0001000100010001
0001000100010001
0001000100010001
0001000100010001
0001000100010001
0001000100010001
0001000100010001
0001000100010001
0001000100010001
0001000100010001
0001000100010001
0001000100010001
0001000100010001
0001000100010001
0001000100010001
0001000100010001
0001000100010001
0001000100010001
0001000100010001
0001000100010001
0001000100010001
0001000100010001
0001000100010001
0001000100010001
0001000100010001
0001000100010001
0001000100010001
0001000100010001
0001000100010001
0001000100010001
0001000100010001
0001000100010001
0001000100010001
0001000100010001
0001000100010001
0001000100010001
0001000100010001
0001000100010001
0001000100010001
0001000100010001
0001000100010001
0001000100010001
0001000100010001
0001000100010001
0001000100010001
0001000100010001
0001000100010001
0001000100010001
0001000100010001
0001000100010001
0001000100010001
0001000100010001
0001000100010001
0001000100010001
0001000100010001
0001000100010001
0001000100010001
0001000100010001
0001000100010001
0001000100010001
0001000100010001
0001000100010001
0001000100010001
0001000100010001
0001000100010001
0001000100010001
0001000100010001
0001000100010001
0001000100010001
0001000100010001
0001000100010001
0001000100010001
0001000100010001
0001000100010001
0001000100010001
0001000100010001
0001000100010001
0001000100010001
0001000100010001
0001000100010001
0001000100010001
0001000100010001
0001000100010001
0001000100010001
0001000100010001
0001000100010001
0001000100010001
0001000100010001
0001000100010001
0001000100010001
0001000100010001
0001000100010001
0001000100010001
0001000100010001
0001000100010001
0001000100010001
0001000100010001
0001000100010001
0001000100010001
0001000100010001
0001000100010001
0001000100010001
0001000100010001
0001000100010001
0001000100010001
0001000100010001
0001000100010001
0001000100010001
0001000100010001
0001000100010001
0001000100010001
0001000100010001
0001000100010001
0001000100010001
0001000100010001
0001000100010001
0001000100010001
0001000100010001
0001000100010001
0001000100010001
0001000100010001
0001000100010001
0001000100010001
0001000100010001
0001000100010001
0001000100010001
0001000100010001
0001000100010001
0001000100010001
0001000100010001
0001000100010001
0001000100010001
0001000100010001
0001000100010001
0001000100010001
0001000100010001
0001000100010001
0001000100010001
0001000100010001
0001000100010001
0001000100010001
0001000100010001
0001000100010001
0001000100010001
0001000100010001
0001000100010001
0001000100010001
0001000100010001
0001000100010001
0001000100010001
0001000100010001
0001000100010001
0001000100010001
0001000100010001
0001000100010001
0001000100010001
0001000100010001
0001000100010001
0001000100010001
0001000100010001
0001000100010001
0001000100010001
0001000100010001
0001000100010001
0001000100010001
0001000100010001
0001000100010001
0001000100010001
0001000100010001
0001000100010001
0001000100010001
0001000100010001
0001000100010001
0001000100010001
0001000100010001
0001000100010001
0001000100010001
0001000100010001
0001000100010001
0001000100010001
0001000100010001
0001000100010001
0001000100010001
0001000100010001
0001000100010001
0001000100010001
0001000100010001
0001000100010001
0001000100010001
0001000100010001
0001000100010001
0001000100010001
0001000100010001
0001000100010001
0001000100010001
0001000100010001
0001000100010001
0001000100010001
0001000100010001
0001000100010001
0001000100010001
0001000100010001
0001000100010001
0001000100010001
0001000100010001
0001000100010001
0001000100010001
0001000100010001
0001000100010001
0001000100010001
0001000100010001
0001000100010001
0001000100010001
0001000100010001
0001000100010001
0001000100010001
0001000100010001
0001000100010001
0001000100010001
0001000100010001
0001000100010001
0001000100010001
0001000100010001
0001000100010001
0001000100010001
0001000100010001
0001000100010001
0001000100010001
0001000100010001
0001000100010001
0001000100010001
0001000100010001
0001000100010001
0001000100010001
0001000100010001
0001000100010001
0001000100010001
0001000100010001
0001000100010001
0001000100010001
0001000100010001
0001000100010001
0001000100010001
0001000100010001
0001000100010001
0001000100010001
0001000100010001
0001000100010001
0001000100010001
0001000100010001
0001000100010001
0001000100010001
0001000100010001
0001000100010001
0001000100010001
0001000100010001
0001000100010001
0001000100010001
0001000100010001
0001000100010001
0001000100010001
0001000100010001
0001000100010001
0001000100010001
0001000100010001
0001000100010001
0001000100010001
0001000100010001
0001000100010001
0001000100010001
0001000100010001
0001000100010001
0001000100010001
0001000100010001
0001000100010001
0001000100010001
0001000100010001
0001000100010001
0001000100010001
0001000100010001
0001000100010001
0001000100010001
0001000100010001
0001000100010001
0001000100010001
0001000100010001
0001000100010001
0001000100010001
0001000100010001
0001000100010001
0001000100010001
0001000100010001
0001000100010001
0001000100010001
0001000100010001
0001000100010001
0001000100010001
0001000100010001
0001000100010001
0001000100010001
0001000100010001
0001000100010001
0001000100010001
0001000100010001
0001000100010001
0001000100010001
0001000100010001
0001000100010001
0001000100010001
0001000100010001
0001000100010001
0001000100010001
0001000100010001
0001000100010001
0001000100010001
0001000100010001
0001000100010001
0001000100010001
0001000100010001
0001000100010001
0001000100010001
0001000100010001
0001000100010001
0001000100010001
0001000100010001
0001000100010001
0001000100010001
0001000100010001
0001000100010001
0001000100010001
0001000100010001
0001000100010001
0001000100010001
0001000100010001
0001000100010001
0001000100010001
0001000100010001
0001000100010001
0001000100010001
0001000100010001
0001000100010001
0001000100010001
0001000100010001
0001000100010001
0001000100010001
0001000100010001
0001000100010001
0001000100010001
0001000100010001
0001000100010001
0001000100010001
0001000100010001
0001000100010001
0001000100010001
0001000100010001
0001000100010001
0001000100010001
0001000100010001
0001000100010001
0001000100010001
0001000100010001
0001000100010001
0001000100010001
0001000100010001
0001000100010001
0001000100010001
0001000100010001
0001000100010001
0001000100010001
0001000100010001
0001000100010001
0001000100010001
0001000100010001
0001000100010001
0001000100010001
0001000100010001
0001000100010001
0001000100010001
0001000100010001
0001000100010001
0001000100010001
0001000100010001
0001000100010001
0001000100010001
0001000100010001
0001000100010001
0001000100010001
0001000100010001
0001000100010001
0001000100010001
0001000100010001
0001000100010001
0001000100010001
0001000100010001
0001000100010001
0001000100010001
0001000100010001
0001000100010001
0001000100010001
0001000100010001
0001000100010001
0001000100010001
0001000100010001
0001000100010001
0001000100010001
0001000100010001
0001000100010001
0001000100010001
0001000100010001
0001000100010001
0001000100010001
0001000100010001
0001000100010001
0001000100010001
0001000100010001
0001000100010001
0001000100010001
0001000100010001
0001000100010001
0001000100010001
0001000100010001
0001000100010001
0001000100010001
0001000100010001
0001000100010001
0001000100010001
0001000100010001
0001000100010001
0001000100010001
0001000100010001
0001000100010001
0001000100010001
0001000100010001
0001000100010001
0001000100010001
0001000100010001
0001000100010001
0001000100010001
0001000100010001
0001000100010001
0001000100010001
0001000100010001
0001000100010001
0001000100010001
0001000100010001
0001000100010001
0001000100010001
0001000100010001
0001000100010001
0001000100010001
0001000100010001
0001000100010001
0001000100010001
0001000100010001
0001000100010001
0001000100010001
0001000100010001
0001000100010001
0001000100010001
0001000100010001
0001000100010001
0001000100010001
0001000100010001
0001000100010001
0001000100010001
0001000100010001
0001000100010001
0001000100010001
0001000100010001
0001000100010001
0001000100010001
0001000100010001
0001000100010001
0001000100010001
0001000100010001
0001000100010001
0001000100010001
0001000100010001
0001000100010001
0001000100010001
0001000100010001
0001000100010001
0001000100010001
0001000100010001
0001000100010001
0001000100010001
0001000100010001
0001000100010001
0001000100010001
0001000100010001
0001000100010001
0001000100010001
0001000100010001
0001000100010001
0001000100010001
0001000100010001
0001000100010001
0001000100010001
0001000100010001
0001000100010001
0001000100010001
0001000100010001
0001000100010001
0001000100010001
0001000100010001
0001000100010001
0001000100010001
0001000100010001
0001000100010001
0001000100010001
0001000100010001
0001000100010001
0001000100010001
0001000100010001
0001000100010001
0001000100010001
0001000100010001
0001000100010001
0001000100010001
0001000100010001
0001000100010001
0001000100010001
0001000100010001
0001000100010001
0001000100010001
0001000100010001
0001000100010001
0001000100010001
0001000100010001
0001000100010001
0001000100010001
0001000100010001
0001000100010001
0001000100010001
0001000100010001
0001000100010001
0001000100010001
0001000100010001
0001000100010001
0001000100010001
0001000100010001
0001000100010001
0001000100010001
0001000100010001
0001000100010001
0001000100010001
0001000100010001
0001000100010001
0001000100010001
0001000100010001
0001000100010001
0001000100010001
0001000100010001
0001000100010001
0001000100010001
0001000100010001
0001000100010001
0001000100010001
0001000100010001
0001000100010001
0001000100010001
0001000100010001
0001000100010001
0001000100010001
0001000100010001
0001000100010001
0001000100010001
0001000100010001
0001000100010001
0001000100010001
0001000100010001
0001000100010001
0001000100010001
0001000100010001
0001000100010001
0001000100010001
0001000100010001
0001000100010001
0001000100010001
0001000100010001
0001000100010001
0001000100010001
0001000100010001
0001000100010001
0001000100010001
0001000100010001
0001000100010001
0001000100010001
0001000100010001
0001000100010001
0001000100010001
0001000100010001
0001000100010001
0001000100010001
0001000100010001
0001000100010001
0001000100010001
0001000100010001
0001000100010001
0001000100010001
0001000100010001
0001000100010001
0001000100010001
0001000100010001
0001000100010001
0001000100010001
0001000100010001
0001000100010001
0001000100010001
0001000100010001
0001000100010001
0001000100010001
0001000100010001
0001000100010001
0001000100010001
0001000100010001
0001000100010001
0001000100010001
0001000100010001
0001000100010001
0001000100010001
0001000100010001
0001000100010001
0001000100010001
0001000100010001
0001000100010001
0001000100010001
0001000100010001
0001000100010001
0001000100010001
0001000100010001
0001000100010001
0001000100010001
0001000100010001
0001000100010001
0001000100010001
0001000100010001
0001000100010001
0001000100010001
0001000100010001
0001000100010001
0001000100010001
0001000100010001
0001000100010001
0001000100010001
0001000100010001
0001000100010001
0001000100010001
0001000100010001
0001000100010001
0001000100010001
0001000100010001
0001000100010001
0001000100010001
0001000100010001
0001000100010001
0001000100010001
0001000100010001
0001000100010001
0001000100010001
0001000100010001
0001000100010001
0001000100010001
0001000100010001
0001000100010001
0001000100010001
0001000100010001
0001000100010001
0001000100010001
0001000100010001
0001000100010001
0001000100010001
0001000100010001
0001000100010001
0001000100010001
0001000100010001
0001000100010001
0001000100010001
0001000100010001
0001000100010001
0001000100010001
0001000100010001
0001000100010001
0001000100010001
0001000100010001
0001000100010001
0001000100010001
0001000100010001
0001000100010001
0001000100010001
0001000100010001
0001000100010001
0001000100010001
0001000100010001
0001000100010001
0001000100010001
0001000100010001
0001000100010001
0001000100010001
0001000100010001
0001000100010001
0001000100010001
0001000100010001
0001000100010001
0001000100010001
0001000100010001
0001000100010001
0001000100010001
0001000100010001
0001000100010001
0001000100010001
0001000100010001
0001000100010001
0001000100010001
0001000100010001
0001000100010001
0001000100010001
0001000100010001
0001000100010001
0001000100010001
0001000100010001
0001000100010001
0001000100010001
0001000100010001
0001000100010001
0001000100010001
0001000100010001
0001000100010001
0001000100010001
0001000100010001
0001000100010001
0001000100010001
0001000100010001
0001000100010001
0001000100010001
0001000100010001
0001000100010001
0001000100010001
0001000100010001
0001000100010001
0001000100010001
0001000100010001
0001000100010001
0001000100010001
0001000100010001
0001000100010001
0001000100010001
0001000100010001
0001000100010001
0001000100010001
0001000100010001
0001000100010001
0001000100010001
0001000100010001
0001000100010001
0001000100010001
0001000100010001
0001000100010001
0001000100010001
0001000100010001
0001000100010001
0001000100010001
0001000100010001
0001000100010001
0001000100010001
0001000100010001
0001000100010001
0001000100010001
0001000100010001
0001000100010001
0001000100010001
0001000100010001
0001000100010001
0001000100010001
0001000100010001
0001000100010001
0001000100010001
0001000100010001
0001000100010001
0001000100010001
0001000100010001
0001000100010001
0001000100010001
0001000100010001
0001000100010001
0001000100010001
0001000100010001
0001000100010001
0001000100010001
0001000100010001
0001000100010001
0001000100010001
0001000100010001
0001000100010001
0001000100010001
0001000100010001
0001000100010001
0001000100010001
0001000100010001
0001000100010001
0001000100010001
0001000100010001
0001000100010001
0001000100010001
0001000100010001
0001000100010001
0001000100010001
0001000100010001
0001000100010001
0001000100010001
0001000100010001
0001000100010001
0001000100010001
0001000100010001
0001000100010001
0001000100010001
0001000100010001
0001000100010001
0001000100010001
0001000100010001
0001000100010001
0001000100010001
0001000100010001
0001000100010001
0001000100010001
0001000100010001
0001000100010001
0001000100010001
0001000100010001
0001000100010001
0001000100010001
0001000100010001
0001000100010001
0001000100010001
0001000100010001
0001000100010001
0001000100010001
0001000100010001
0001000100010001
0001000100010001
0001000100010001
0001000100010001
0001000100010001
0001000100010001
0001000100010001
0001000100010001
0001000100010001
0001000100010001
0001000100010001
0001000100010001
0001000100010001
0001000100010001
0001000100010001
0001000100010001
0001000100010001
0001000100010001
0001000100010001
0001000100010001
0001000100010001
0001000100010001
0001000100010001
0001000100010001
0001000100010001
0001000100010001
0001000100010001
0001000100010001
0001000100010001
0001000100010001
0001000100010001
0001000100010001
0001000100010001
0001000100010001
0001000100010001
0001000100010001
0001000100010001
0001000100010001
0001000100010001
0001000100010001
0001000100010001
0001000100010001
0001000100010001
0001000100010001
0001000100010001
0001000100010001
0001000100010001
0001000100010001
0001000100010001
0001000100010001
0001000100010001
0001000100010001
0001000100010001
0001000100010001
0001000100010001
0001000100010001
0001000100010001
0001000100010001
0001000100010001
0001000100010001
0001000100010001
0001000100010001
0001000100010001
0001000100010001
0001000100010001
0001000100010001
0001000100010001
0001000100010001
0001000100010001
0001000100010001
0001000100010001
0001000100010001
0001000100010001
0001000100010001
0001000100010001
0001000100010001
0001000100010001
0001000100010001
0001000100010001
0001000100010001
0001000100010001
0001000100010001
0001000100010001
0001000100010001
0001000100010001
0001000100010001
0001000100010001
0001000100010001
0001000100010001
0001000100010001
0001000100010001
0001000100010001
0001000100010001
0001000100010001
0001000100010001
0001000100010001
0001000100010001
0001000100010001
0001000100010001
0001000100010001
0001000100010001
0001000100010001
0001000100010001
0001000100010001
0001000100010001
0001000100010001
0001000100010001
0001000100010001
0001000100010001
0001000100010001
0001000100010001
0001000100010001
0001000100010001
0001000100010001
0001000100010001
0001000100010001
0001000100010001
0001000100010001
0001000100010001
0001000100010001
0001000100010001
0001000100010001
0001000100010001
0001000100010001
0001000100010001
0001000100010001
0001000100010001
0001000100010001
0001000100010001
0001000100010001
0001000100010001
0001000100010001
0001000100010001
0001000100010001
0001000100010001
0001000100010001
0001000100010001
0001000100010001
0001000100010001
0001000100010001
0001000100010001
0001000100010001
0001000100010001
0001000100010001
0001000100010001
0001000100010001
0001000100010001
0001000100010001
0001000100010001
0001000100010001
0001000100010001
0001000100010001
0001000100010001
0001000100010001
0001000100010001
0001000100010001
0001000100010001
0001000100010001
0001000100010001
0001000100010001
0001000100010001
0001000100010001
0001000100010001
0001000100010001
0001000100010001
0001000100010001
0001000100010001
0001000100010001
0001000100010001
0001000100010001
0001000100010001
0001000100010001
0001000100010001
0001000100010001
0001000100010001
0001000100010001
0001000100010001
0001000100010001
0001000100010001
0001000100010001
0001000100010001
0001000100010001
0001000100010001
0001000100010001
0001000100010001
0001000100010001
0001000100010001
0001000100010001
0001000100010001
0001000100010001
0001000100010001
0001000100010001
0001000100010001
0001000100010001
0001000100010001
0001000100010001
0001000100010001
0001000100010001
0001000100010001
0001000100010001
0001000100010001
0001000100010001
0001000100010001
0001000100010001
0001000100010001
0001000100010001
0001000100010001
0001000100010001
0001000100010001
0001000100010001
0001000100010001
0001000100010001
0001000100010001
0001000100010001
0001000100010001
0001000100010001
0001000100010001
0001000100010001
0001000100010001
0001000100010001
0001000100010001
0001000100010001
0001000100010001
0001000100010001
0001000100010001
0001000100010001
0001000100010001
0001000100010001
0001000100010001
0001000100010001
0001000100010001
0001000100010001
0001000100010001
0001000100010001
0001000100010001
0001000100010001
0001000100010001
0001000100010001
0001000100010001
0001000100010001
0001000100010001
0001000100010001
0001000100010001
0001000100010001
0001000100010001
0001000100010001
0001000100010001
0001000100010001
0001000100010001
0001000100010001
0001000100010001
0001000100010001
0001000100010001
0001000100010001
0001000100010001
0001000100010001
0001000100010001
0001000100010001
0001000100010001
0001000100010001
0001000100010001
0001000100010001
0001000100010001
0001000100010001
0001000100010001
0001000100010001
0001000100010001
0001000100010001
0001000100010001
0001000100010001
0001000100010001
0001000100010001
0001000100010001
0001000100010001
0001000100010001
0001000100010001
0001000100010001
0001000100010001
0001000100010001
0001000100010001
0001000100010001
0001000100010001
0001000100010001
0001000100010001
0001000100010001
0001000100010001
0001000100010001
0001000100010001
0001000100010001
0001000100010001
0001000100010001
0001000100010001
0001000100010001
0001000100010001
0001000100010001
0001000100010001
0001000100010001
0001000100010001
0001000100010001
0001000100010001
0001000100010001
0001000100010001
0001000100010001
0001000100010001
0001000100010001
0001000100010001
0001000100010001
0001000100010001
0001000100010001
0001000100010001
0001000100010001
0001000100010001
0001000100010001
0001000100010001
0001000100010001
0001000100010001
0001000100010001
0001000100010001
0001000100010001
0001000100010001
0001000100010001
0001000100010001
0001000100010001
0001000100010001
0001000100010001
0001000100010001
0001000100010001
0001000100010001
0001000100010001
0001000100010001
0001000100010001
0001000100010001
0001000100010001
0001000100010001
0001000100010001
0001000100010001
0001000100010001
0001000100010001
0001000100010001
0001000100010001
0001000100010001
0001000100010001
0001000100010001
0001000100010001
0001000100010001
0001000100010001
0001000100010001
0001000100010001
0001000100010001
0001000100010001
0001000100010001
0001000100010001
0001000100010001
0001000100010001
0001000100010001
0001000100010001
0001000100010001
0001000100010001
0001000100010001
0001000100010001
0001000100010001
0001000100010001
0001000100010001
0001000100010001
0001000100010001
0001000100010001
0001000100010001
0001000100010001
0001000100010001
0001000100010001
0001000100010001
0001000100010001
0001000100010001
0001000100010001
0001000100010001
0001000100010001
0001000100010001
0001000100010001
0001000100010001
0001000100010001
0001000100010001
0001000100010001
0001000100010001
0001000100010001
0001000100010001
0001000100010001
0001000100010001
0001000100010001
0001000100010001
0001000100010001
0001000100010001
0001000100010001
0001000100010001
0001000100010001
0001000100010001
0001000100010001
0001000100010001
0001000100010001
0001000100010001
0001000100010001
0001000100010001
0001000100010001
0001000100010001
0001000100010001
0001000100010001
0001000100010001
0001000100010001
0001000100010001
0001000100010001
0001000100010001
0001000100010001
0001000100010001
0001000100010001
0001000100010001
0001000100010001
0001000100010001
0001000100010001
0001000100010001
0001000100010001
0001000100010001
0001000100010001
0001000100010001
0001000100010001
0001000100010001
0001000100010001
0001000100010001
0001000100010001
0001000100010001
0001000100010001
0001000100010001
0001000100010001
0001000100010001
0001000100010001
0001000100010001
0001000100010001
0001000100010001
0001000100010001
0001000100010001
0001000100010001
0001000100010001
0001000100010001
0001000100010001
0001000100010001
0001000100010001
0001000100010001
0001000100010001
0001000100010001
0001000100010001
0001000100010001
0001000100010001
0001000100010001
0001000100010001
0001000100010001
0001000100010001
0001000100010001
0001000100010001
0001000100010001
0001000100010001
0001000100010001
0001000100010001
0001000100010001
0001000100010001
0001000100010001
0001000100010001
0001000100010001
0001000100010001
0001000100010001
0001000100010001
0001000100010001
0001000100010001
0001000100010001
0001000100010001
0001000100010001
0001000100010001
0001000100010001
0001000100010001
0001000100010001
0001000100010001
0001000100010001
0001000100010001
0001000100010001
0001000100010001
0001000100010001
0001000100010001
0001000100010001
0001000100010001
0001000100010001
0001000100010001
0001000100010001
0001000100010001
0001000100010001
0001000100010001
0001000100010001
0001000100010001
0001000100010001
0001000100010001
0001000100010001
0001000100010001
0001000100010001
0001000100010001
0001000100010001
0001000100010001
0001000100010001
0001000100010001
0001000100010001
0001000100010001
0001000100010001
0001000100010001
0001000100010001
0001000100010001
0001000100010001
0001000100010001
0001000100010001
0001000100010001
0001000100010001
0001000100010001
0001000100010001
0001000100010001
0001000100010001
0001000100010001
0001000100010001
0001000100010001
0001000100010001
0001000100010001
0001000100010001
0001000100010001
0001000100010001
0001000100010001
0001000100010001
0001000100010001
0001000100010001
0001000100010001
0001000100010001
0001000100010001
0001000100010001
0001000100010001
0001000100010001
0001000100010001
0001000100010001
0001000100010001
0001000100010001
0001000100010001
0001000100010001
0001000100010001
0001000100010001
0001000100010001
0001000100010001
0001000100010001
0001000100010001
0001000100010001
0001000100010001
0001000100010001
0001000100010001
0001000100010001
0001000100010001
0001000100010001
0001000100010001
0001000100010001
0001000100010001
0001000100010001
0001000100010001
0001000100010001
0001000100010001
0001000100010001
0001000100010001
0001000100010001
0001000100010001
0001000100010001
0001000100010001
0001000100010001
0001000100010001
0001000100010001
0001000100010001
0001000100010001
0001000100010001
0001000100010001
0001000100010001
0001000100010001
0001000100010001
0001000100010001
0001000100010001
0001000100010001
0001000100010001
0001000100010001
0001000100010001
0001000100010001
0001000100010001
0001000100010001
0001000100010001
0001000100010001
0001000100010001
0001000100010001
0001000100010001
0001000100010001
0001000100010001
0001000100010001
0001000100010001
0001000100010001
0001000100010001
0001000100010001
0001000100010001
0001000100010001
0001000100010001
0001000100010001
0001000100010001
0001000100010001
0001000100010001
0001000100010001
0001000100010001
0001000100010001
0001000100010001
0001000100010001
0001000100010001
0001000100010001
0001000100010001
0001000100010001
0001000100010001
0001000100010001
0001000100010001
0001000100010001
0001000100010001
0001000100010001
0001000100010001
0001000100010001
0001000100010001
0001000100010001
0001000100010001
0001000100010001
0001000100010001
0001000100010001
0001000100010001
0001000100010001
0001000100010001
0001000100010001
0001000100010001
0001000100010001
0001000100010001
0001000100010001
0001000100010001
0001000100010001
0001000100010001
0001000100010001
0001000100010001
0001000100010001
0001000100010001
0001000100010001
0001000100010001
0001000100010001
0001000100010001
0001000100010001
0001000100010001
0001000100010001
0001000100010001
0001000100010001
0001000100010001
0001000100010001
0001000100010001
0001000100010001
0001000100010001
0001000100010001
0001000100010001
0001000100010001
0001000100010001
0001000100010001
0001000100010001
0001000100010001
0001000100010001
0001000100010001
0001000100010001
0001000100010001
0001000100010001
0001000100010001
0001000100010001
0001000100010001
0001000100010001
0001000100010001
0001000100010001
0001000100010001
0001000100010001
0001000100010001
0001000100010001
0001000100010001
0001000100010001
0001000100010001
0001000100010001
0001000100010001
0001000100010001
0001000100010001
0001000100010001
0001000100010001
0001000100010001
0001000100010001
0001000100010001
0001000100010001
0001000100010001
0001000100010001
0001000100010001
0001000100010001
0001000100010001
0001000100010001
0001000100010001
0001000100010001
0001000100010001
0001000100010001
0001000100010001
0001000100010001
0001000100010001
0001000100010001
0001000100010001
0001000100010001
0001000100010001
0001000100010001
0001000100010001
0001000100010001
0001000100010001
0001000100010001
0001000100010001
0001000100010001
0001000100010001
0001000100010001
0001000100010001
0001000100010001
0001000100010001
0001000100010001
0001000100010001
0001000100010001
0001000100010001
0001000100010001
0001000100010001
0001000100010001
0001000100010001
0001000100010001
0001000100010001
0001000100010001
0001000100010001
0001000100010001
0001000100010001
0001000100010001
0001000100010001
0001000100010001
0001000100010001
0001000100010001
0001000100010001
0001000100010001
0001000100010001
0001000100010001
0001000100010001
0001000100010001
0001000100010001
0001000100010001
0001000100010001
0001000100010001
0001000100010001
0001000100010001
0001000100010001
0001000100010001
0001000100010001
0001000100010001
0001000100010001
0001000100010001
0001000100010001
0001000100010001
0001000100010001
0001000100010001
0001000100010001
0001000100010001
0001000100010001
0001000100010001
0001000100010001
0001000100010001
0001000100010001
0001000100010001
0001000100010001
0001000100010001
0001000100010001
0001000100010001
0001000100010001
0001000100010001
0001000100010001
0001000100010001
0001000100010001
0001000100010001
0001000100010001
0001000100010001
0001000100010001
0001000100010001
0001000100010001
0001000100010001
0001000100010001
0001000100010001
0001000100010001
0001000100010001
0001000100010001
0001000100010001
0001000100010001
0001000100010001
0001000100010001
0001000100010001
0001000100010001
0001000100010001
0001000100010001
0001000100010001
0001000100010001
0001000100010001
0001000100010001
0001000100010001
0001000100010001
0001000100010001
0001000100010001
0001000100010001
0001000100010001
0001000100010001
0001000100010001
0001000100010001
0001000100010001
0001000100010001
0001000100010001
0001000100010001
0001000100010001
0001000100010001
0001000100010001
0001000100010001
0001000100010001
0001000100010001
0001000100010001
0001000100010001
0001000100010001
0001000100010001
0001000100010001
0001000100010001
0001000100010001
0001000100010001
0001000100010001
0001000100010001
0001000100010001
0001000100010001
0001000100010001
0001000100010001
0001000100010001
0001000100010001
0001000100010001
0001000100010001
0001000100010001
0001000100010001
0001000100010001
0001000100010001
0001000100010001
0001000100010001
0001000100010001
0001000100010001
0001000100010001
0001000100010001
0001000100010001
0001000100010001
0001000100010001
0001000100010001
0001000100010001
0001000100010001
0001000100010001
0001000100010001
0001000100010001
0001000100010001
0001000100010001
0001000100010001
0001000100010001
0001000100010001
0001000100010001
0001000100010001
0001000100010001
0001000100010001
0001000100010001
0001000100010001
0001000100010001
0001000100010001
0001000100010001
0001000100010001
0001000100010001
0001000100010001
0001000100010001
0001000100010001
0001000100010001
0001000100010001
0001000100010001
0001000100010001
0001000100010001
0001000100010001
0001000100010001
0001000100010001
0001000100010001
0001000100010001
0001000100010001
0001000100010001
0001000100010001
0001000100010001
0001000100010001
0001000100010001
0001000100010001
0001000100010001
0001000100010001
0001000100010001
0001000100010001
0001000100010001
0001000100010001
0001000100010001
0001000100010001
0001000100010001
0001000100010001
0001000100010001
0001000100010001
0001000100010001
0001000100010001
0001000100010001
0001000100010001
0001000100010001
0001000100010001
0001000100010001
0001000100010001
0001000100010001
0001000100010001
0001000100010001
0001000100010001
0001000100010001
0001000100010001
0001000100010001
0001000100010001
0001000100010001
0001000100010001
0001000100010001
0001000100010001
0001000100010001
0001000100010001
0001000100010001
0001000100010001
0001000100010001
0001000100010001
0001000100010001
0001000100010001
0001000100010001
0001000100010001
0001000100010001
0001000100010001
0001000100010001
0001000100010001
0001000100010001
0001000100010001
0001000100010001
0001000100010001
0001000100010001
0001000100010001
0001000100010001
0001000100010001
0001000100010001
0001000100010001
0001000100010001
0001000100010001
0001000100010001
0001000100010001
0001000100010001
0001000100010001
0001000100010001
0001000100010001
0001000100010001
0001000100010001
0001000100010001
0001000100010001
0001000100010001
0001000100010001
0001000100010001
0001000100010001
0001000100010001
0001000100010001
0001000100010001
0001000100010001
0001000100010001
0001000100010001
0001000100010001
0001000100010001
0001000100010001
0001000100010001
0001000100010001
0001000100010001
0001000100010001
0001000100010001
0001000100010001
0001000100010001
0001000100010001
0001000100010001
0001000100010001
0001000100010001
0001000100010001
0001000100010001
0001000100010001
0001000100010001
0001000100010001
0001000100010001
0001000100010001
0001000100010001
0001000100010001
0001000100010001
0001000100010001
0001000100010001
0001000100010001
0001000100010001
0001000100010001
0001000100010001
0001000100010001
0001000100010001
0001000100010001
0001000100010001
0001000100010001
0001000100010001
0001000100010001
0001000100010001
0001000100010001
0001000100010001
0001000100010001
0001000100010001
0001000100010001
0001000100010001
0001000100010001
0001000100010001
0001000100010001
0001000100010001
0001000100010001
0001000100010001
0001000100010001
0001000100010001
0001000100010001
0001000100010001
0001000100010001
0001000100010001
0001000100010001
0001000100010001
0001000100010001
0001000100010001
0001000100010001
0001000100010001
0001000100010001
0001000100010001
0001000100010001
0001000100010001
0001000100010001
0001000100010001
0001000100010001
0001000100010001
0001000100010001
0001000100010001
0001000100010001
0001000100010001
0001000100010001
0001000100010001
0001000100010001
0001000100010001
0001000100010001
0001000100010001
0001000100010001
0001000100010001
0001000100010001
0001000100010001
0001000100010001
0001000100010001
0001000100010001
0001000100010001
0001000100010001
0001000100010001
0001000100010001
0001000100010001
0001000100010001
0001000100010001
0001000100010001
0001000100010001
0001000100010001
0001000100010001
0001000100010001
0001000100010001
0001000100010001
0001000100010001
0001000100010001
0001000100010001
0001000100010001
0001000100010001
0001000100010001
0001000100010001
0001000100010001
0001000100010001
0001000100010001
0001000100010001
0001000100010001
0001000100010001
0001000100010001
0001000100010001
0001000100010001
0001000100010001
0001000100010001
0001000100010001
0001000100010001
0001000100010001
0001000100010001
0001000100010001
0001000100010001
0001000100010001
0001000100010001
0001000100010001
0001000100010001
0001000100010001
0001000100010001
0001000100010001
0001000100010001
0001000100010001
0001000100010001
0001000100010001
0001000100010001
0001000100010001
0001000100010001
0001000100010001
0001000100010001
0001000100010001
0001000100010001
0001000100010001
0001000100010001
0001000100010001
0001000100010001
0001000100010001
0001000100010001
0001000100010001
0001000100010001
0001000100010001
0001000100010001
0001000100010001
0001000100010001
0001000100010001
0001000100010001
0001000100010001
0001000100010001
0001000100010001
0001000100010001
0001000100010001
0001000100010001
0001000100010001
0001000100010001
0001000100010001
0001000100010001
0001000100010001
0001000100010001
0001000100010001
0001000100010001
0001000100010001
0001000100010001
0001000100010001
0001000100010001
0001000100010001
0001000100010001
0001000100010001
0001000100010001
0001000100010001
0001000100010001
0001000100010001
0001000100010001
0001000100010001
0001000100010001
0001000100010001
0001000100010001
0001000100010001
0001000100010001
0001000100010001
0001000100010001
0001000100010001
0001000100010001
0001000100010001
0001000100010001
0001000100010001
0001000100010001
0001000100010001
0001000100010001
0001000100010001
0001000100010001
0001000100010001
0001000100010001
0001000100010001
0001000100010001
0001000100010001
0001000100010001
0001000100010001
0001000100010001
0001000100010001
0001000100010001
0001000100010001
0001000100010001
0001000100010001
0001000100010001
0001000100010001
0001000100010001
0001000100010001
0001000100010001
0001000100010001
0001000100010001
0001000100010001
0001000100010001
0001000100010001
0001000100010001
0001000100010001
0001000100010001
0001000100010001
0001000100010001
0001000100010001
0001000100010001
0001000100010001
0001000100010001
0001000100010001
0001000100010001
0001000100010001
0001000100010001
0001000100010001
0001000100010001
0001000100010001
0001000100010001
0001000100010001
0001000100010001
0001000100010001
0001000100010001
0001000100010001
0001000100010001
0001000100010001
0001000100010001
0001000100010001
0001000100010001
0001000100010001
0001000100010001
0001000100010001
0001000100010001
0001000100010001
0001000100010001
0001000100010001
0001000100010001
0001000100010001
0001000100010001
0001000100010001
0001000100010001
0001000100010001
0001000100010001
0001000100010001
0001000100010001
0001000100010001
0001000100010001
0001000100010001
0001000100010001
0001000100010001
0001000100010001
0001000100010001
0001000100010001
0001000100010001
0001000100010001
0001000100010001
0001000100010001
0001000100010001
0001000100010001
0001000100010001
0001000100010001
0001000100010001
0001000100010001
0001000100010001
0001000100010001
0001000100010001
0001000100010001
0001000100010001
0001000100010001
0001000100010001
0001000100010001
0001000100010001
0001000100010001
0001000100010001
0001000100010001
0001000100010001
0001000100010001
0001000100010001
0001000100010001
0001000100010001
0001000100010001
0001000100010001
0001000100010001
0001000100010001
0001000100010001
0001000100010001
0001000100010001
0001000100010001
0001000100010001
0001000100010001
0001000100010001
0001000100010001
0001000100010001
0001000100010001
0001000100010001
0001000100010001
0001000100010001
0001000100010001
0001000100010001
0001000100010001
0001000100010001
0001000100010001
0001000100010001
0001000100010001
0001000100010001
0001000100010001
0001000100010001
0001000100010001
0001000100010001
0001000100010001
0001000100010001
0001000100010001
0001000100010001
0001000100010001
0001000100010001
0001000100010001
0001000100010001
0001000100010001
0001000100010001
0001000100010001
0001000100010001
0001000100010001
0001000100010001
0001000100010001
0001000100010001
0001000100010001
0001000100010001
0001000100010001
0001000100010001
0001000100010001
0001000100010001
0001000100010001
0001000100010001
0001000100010001
0001000100010001
0001000100010001
0001000100010001
0001000100010001
0001000100010001
0001000100010001
0001000100010001
0001000100010001
0001000100010001
0001000100010001
0001000100010001
0001000100010001
0001000100010001
0001000100010001
0001000100010001
0001000100010001
0001000100010001
0001000100010001
0001000100010001
0001000100010001
0001000100010001
0001000100010001
0001000100010001
0001000100010001
0001000100010001
0001000100010001
0001000100010001
0001000100010001
0001000100010001
0001000100010001
0001000100010001
0001000100010001
0001000100010001
0001000100010001
0001000100010001
0001000100010001
0001000100010001
0001000100010001
0001000100010001
0001000100010001
0001000100010001
0001000100010001
0001000100010001
0001000100010001
0001000100010001
0001000100010001
0001000100010001
0001000100010001
0001000100010001
0001000100010001
0001000100010001
0001000100010001
0001000100010001
0001000100010001
0001000100010001
0001000100010001
0001000100010001
0001000100010001
0001000100010001
0001000100010001
0001000100010001
0001000100010001
0001000100010001
0001000100010001
0001000100010001
0001000100010001
0001000100010001
0001000100010001
0001000100010001
0001000100010001
0001000100010001
0001000100010001
0001000100010001
0001000100010001
0001000100010001
0001000100010001
0001000100010001
0001000100010001
0001000100010001
0001000100010001
0001000100010001
0001000100010001
0001000100010001
0001000100010001
0001000100010001
0001000100010001
0001000100010001
0001000100010001
0001000100010001
0001000100010001
0001000100010001
0001000100010001
0001000100010001
0001000100010001
0001000100010001
0001000100010001
0001000100010001
0001000100010001
0001000100010001
0001000100010001
0001000100010001
0001000100010001
0001000100010001
0001000100010001
0001000100010001
0001000100010001
0001000100010001
0001000100010001
0001000100010001
0001000100010001
0001000100010001
0001000100010001
0001000100010001
0001000100010001
0001000100010001
0001000100010001
0001000100010001
0001000100010001
0001000100010001
0001000100010001
0001000100010001
0001000100010001
0001000100010001
0001000100010001
0001000100010001
0001000100010001
0001000100010001
0001000100010001
0001000100010001
0001000100010001
0001000100010001
0001000100010001
0001000100010001
0001000100010001
0001000100010001
0001000100010001
0001000100010001
0001000100010001
0001000100010001
0001000100010001
0001000100010001
0001000100010001
0001000100010001
0001000100010001
0001000100010001
0001000100010001
0001000100010001
0001000100010001
0001000100010001
0001000100010001
0001000100010001
0001000100010001
0001000100010001
0001000100010001
0001000100010001
0001000100010001
0001000100010001
0001000100010001
0001000100010001
0001000100010001
0001000100010001
0001000100010001
0001000100010001
0001000100010001
0001000100010001
0001000100010001
0001000100010001
0001000100010001
0001000100010001
0001000100010001
0001000100010001
0001000100010001
0001000100010001
0001000100010001
0001000100010001
0001000100010001
0001000100010001
0001000100010001
0001000100010001
0001000100010001
0001000100010001
0001000100010001
0001000100010001
0001000100010001
0001000100010001
0001000100010001
0001000100010001
0001000100010001
0001000100010001
0001000100010001
0001000100010001
0001000100010001
0001000100010001
0001000100010001
0001000100010001
0001000100010001
0001000100010001
0001000100010001
0001000100010001
0001000100010001
0001000100010001
0001000100010001
0001000100010001
0001000100010001
0001000100010001
0001000100010001
0001000100010001
0001000100010001
0001000100010001
0001000100010001
0001000100010001
0001000100010001
0001000100010001
0001000100010001
0001000100010001
0001000100010001
0001000100010001
0001000100010001
0001000100010001
0001000100010001
0001000100010001
0001000100010001
0001000100010001
0001000100010001
0001000100010001
0001000100010001
0001000100010001
0001000100010001
0001000100010001
0001000100010001
0001000100010001
0001000100010001
0001000100010001
0001000100010001
0001000100010001
0001000100010001
0001000100010001
0001000100010001
0001000100010001
0001000100010001
0001000100010001
0001000100010001
0001000100010001
0001000100010001
0001000100010001
0001000100010001
0001000100010001
0001000100010001
0001000100010001
0001000100010001
0001000100010001
0001000100010001
0001000100010001
0001000100010001
0001000100010001
0001000100010001
0001000100010001
0001000100010001
0001000100010001
0001000100010001
0001000100010001
0001000100010001
0001000100010001
0001000100010001
0001000100010001
0001000100010001
0001000100010001
0001000100010001
0001000100010001
0001000100010001
0001000100010001
0001000100010001
0001000100010001
0001000100010001
0001000100010001
0001000100010001
0001000100010001
0001000100010001
0001000100010001
0001000100010001
0001000100010001
0001000100010001
0001000100010001
0001000100010001
0001000100010001
0001000100010001
0001000100010001
0001000100010001
0001000100010001
0001000100010001
0001000100010001
0001000100010001
0001000100010001
0001000100010001
0001000100010001
0001000100010001
0001000100010001
0001000100010001
0001000100010001
0001000100010001
0001000100010001
0001000100010001
0001000100010001
0001000100010001
0001000100010001
0001000100010001
0001000100010001
0001000100010001
0001000100010001
0001000100010001
0001000100010001
0001000100010001
0001000100010001
0001000100010001
0001000100010001
0001000100010001
0001000100010001
0001000100010001
0001000100010001
0001000100010001
0001000100010001
0001000100010001
0001000100010001
0001000100010001
0001000100010001
0001000100010001
0001000100010001
0001000100010001
0001000100010001
0001000100010001
0001000100010001
0001000100010001
0001000100010001
0001000100010001
0001000100010001
0001000100010001
0001000100010001
0001000100010001
0001000100010001
0001000100010001
0001000100010001
0001000100010001
0001000100010001
0001000100010001
0001000100010001
0001000100010001
0001000100010001
0001000100010001
0001000100010001
0001000100010001
0001000100010001
0001000100010001
0001000100010001
0001000100010001
0001000100010001
0001000100010001
0001000100010001
0001000100010001
0001000100010001
0001000100010001
0001000100010001
0001000100010001
0001000100010001
0001000100010001
0001000100010001
0001000100010001
0001000100010001
0001000100010001
0001000100010001
0001000100010001
0001000100010001
0001000100010001
0001000100010001
0001000100010001
0001000100010001
0001000100010001
0001000100010001
0001000100010001
0001000100010001
0001000100010001
0001000100010001
0001000100010001
0001000100010001
0001000100010001
0001000100010001
0001000100010001
0001000100010001
0001000100010001
0001000100010001
0001000100010001
0001000100010001
0001000100010001
0001000100010001
0001000100010001
0001000100010001
0001000100010001
0001000100010001
0001000100010001
0001000100010001
0001000100010001
0001000100010001
0001000100010001
0001000100010001
0001000100010001
0001000100010001
0001000100010001
0001000100010001
0001000100010001
0001000100010001
0001000100010001
0001000100010001
0001000100010001
0001000100010001
0001000100010001
0001000100010001
0001000100010001
0001000100010001
0001000100010001
0001000100010001
0001000100010001
0001000100010001
0001000100010001
0001000100010001
0001000100010001
0001000100010001
0001000100010001
0001000100010001
0001000100010001
0001000100010001
0001000100010001
0001000100010001
0001000100010001
0001000100010001
0001000100010001
0001000100010001
0001000100010001
0001000100010001
0001000100010001
0001000100010001
0001000100010001
0001000100010001
0001000100010001
0001000100010001
0001000100010001
0001000100010001
0001000100010001
0001000100010001
0001000100010001
0001000100010001
0001000100010001
0001000100010001
0001000100010001
0001000100010001
0001000100010001
0001000100010001
0001000100010001
0001000100010001
0001000100010001
0001000100010001
0001000100010001
0001000100010001
0001000100010001
0001000100010001
0001000100010001
0001000100010001
0001000100010001
0001000100010001
0001000100010001
0001000100010001
0001000100010001
0001000100010001
0001000100010001
0001000100010001
0001000100010001
0001000100010001
0001000100010001
0001000100010001
0001000100010001
0001000100010001
0001000100010001
0001000100010001
0001000100010001
0001000100010001
0001000100010001
0001000100010001
0001000100010001
0001000100010001
0001000100010001
0001000100010001
0001000100010001
0001000100010001
0001000100010001
0001000100010001
0001000100010001
0001000100010001
0001000100010001
0001000100010001
0001000100010001
0001000100010001
0001000100010001
0001000100010001
0001000100010001
0001000100010001
0001000100010001
0001000100010001
0001000100010001
0001000100010001
0001000100010001
0001000100010001
0001000100010001
0001000100010001
0001000100010001
0001000100010001
0001000100010001
0001000100010001
0001000100010001
0001000100010001
0001000100010001
0001000100010001
0001000100010001
0001000100010001
0001000100010001
0001000100010001
0001000100010001
0001000100010001
0001000100010001
0001000100010001
0001000100010001
0001000100010001
0001000100010001
0001000100010001
0001000100010001
0001000100010001
0001000100010001
0001000100010001
0001000100010001
0001000100010001
0001000100010001
0001000100010001
0001000100010001
0001000100010001
0001000100010001
0001000100010001
0001000100010001
0001000100010001
0001000100010001
0001000100010001
0001000100010001
0001000100010001
0001000100010001
0001000100010001
0001000100010001
0001000100010001
0001000100010001
0001000100010001
0001000100010001
0001000100010001
0001000100010001
0001000100010001
0001000100010001
0001000100010001
0001000100010001
0001000100010001
0001000100010001
0001000100010001
0001000100010001
0001000100010001
0001000100010001
0001000100010001
0001000100010001
0001000100010001
0001000100010001
0001000100010001
0001000100010001
0001000100010001
0001000100010001
0001000100010001
0001000100010001
0001000100010001
0001000100010001
0001000100010001
0001000100010001
0001000100010001
0001000100010001
0001000100010001
0001000100010001
0001000100010001
0001000100010001
0001000100010001
0001000100010001
0001000100010001
0001000100010001
0001000100010001
0001000100010001
0001000100010001
0001000100010001
0001000100010001
0001000100010001
0001000100010001
0001000100010001
0001000100010001
0001000100010001
0001000100010001
0001000100010001
0001000100010001
0001000100010001
0001000100010001
0001000100010001
0001000100010001
0001000100010001
0001000100010001
0001000100010001
0001000100010001
0001000100010001
0001000100010001
0001000100010001
0001000100010001
0001000100010001
0001000100010001
0001000100010001
0001000100010001
0001000100010001
0001000100010001
0001000100010001
0001000100010001
0001000100010001
0001000100010001
0001000100010001
0001000100010001
0001000100010001
0001000100010001
0001000100010001
0001000100010001
0001000100010001
0001000100010001
0001000100010001
0001000100010001
0001000100010001
0001000100010001
0001000100010001
0001000100010001
0001000100010001
0001000100010001
0001000100010001
0001000100010001
0001000100010001
0001000100010001
0001000100010001
0001000100010001
0001000100010001
0001000100010001
0001000100010001
0001000100010001
0001000100010001
0001000100010001
0001000100010001
0001000100010001
0001000100010001
0001000100010001
0001000100010001
0001000100010001
0001000100010001
0001000100010001
0001000100010001
0001000100010001
0001000100010001
0001000100010001
0001000100010001
0001000100010001
0001000100010001
0001000100010001
0001000100010001
0001000100010001
0001000100010001
0001000100010001
0001000100010001
0001000100010001
0001000100010001
0001000100010001
0001000100010001
0001000100010001
0001000100010001
0001000100010001
0001000100010001
0001000100010001
0001000100010001
0001000100010001
0001000100010001
0001000100010001
0001000100010001
0001000100010001
0001000100010001
0001000100010001
0001000100010001
0001000100010001
0001000100010001
0001000100010001
0001000100010001
0001000100010001
0001000100010001
0001000100010001
0001000100010001
0001000100010001
0001000100010001
0001000100010001
0001000100010001
0001000100010001
0001000100010001
0001000100010001
0001000100010001
0001000100010001
0001000100010001
0001000100010001
0001000100010001
0001000100010001
0001000100010001
0001000100010001
0001000100010001
0001000100010001
0001000100010001
0001000100010001
0001000100010001
0001000100010001
0001000100010001
0001000100010001
0001000100010001
0001000100010001
0001000100010001
0001000100010001
0001000100010001
0001000100010001
0001000100010001
0001000100010001
0001000100010001
0001000100010001
0001000100010001
0001000100010001
0001000100010001
0001000100010001
0001000100010001
0001000100010001
0001000100010001
0001000100010001
0001000100010001
0001000100010001
0001000100010001
0001000100010001
0001000100010001
0001000100010001
0001000100010001
0001000100010001
0001000100010001
0001000100010001
0001000100010001
0001000100010001
0001000100010001
0001000100010001
0001000100010001
0001000100010001
0001000100010001
0001000100010001
0001000100010001
0001000100010001
0001000100010001
0001000100010001
0001000100010001
0001000100010001
0001000100010001
0001000100010001
0001000100010001
0001000100010001
0001000100010001
0001000100010001
0001000100010001
0001000100010001
0001000100010001
0001000100010001
0001000100010001
0001000100010001
0001000100010001
0001000100010001
0001000100010001
0001000100010001
0001000100010001
0001000100010001
0001000100010001
0001000100010001
0001000100010001
0001000100010001
0001000100010001
0001000100010001
0001000100010001
0001000100010001
0001000100010001
0001000100010001
0001000100010001
0001000100010001
0001000100010001
0001000100010001
0001000100010001
0001000100010001
0001000100010001
0001000100010001
0001000100010001
0001000100010001
0001000100010001
0001000100010001
0001000100010001
0001000100010001
0001000100010001
0001000100010001
0001000100010001
0001000100010001
0001000100010001
0001000100010001
0001000100010001
0001000100010001
0001000100010001
0001000100010001
0001000100010001
0001000100010001
0001000100010001
0001000100010001
0001000100010001
0001000100010001
0001000100010001
0001000100010001
0001000100010001
0001000100010001
0001000100010001
0001000100010001
0001000100010001
0001000100010001
0001000100010001
0001000100010001
0001000100010001
0001000100010001
0001000100010001
0001000100010001
0001000100010001
0001000100010001
0001000100010001
0001000100010001
0001000100010001
0001000100010001
0001000100010001
0001000100010001
0001000100010001
0001000100010001
0001000100010001
0001000100010001
0001000100010001
0001000100010001
0001000100010001
0001000100010001
0001000100010001
0001000100010001
0001000100010001
0001000100010001
0001000100010001
0001000100010001
0001000100010001
0001000100010001
0001000100010001
0001000100010001
0001000100010001
0001000100010001
0001000100010001
0001000100010001
0001000100010001
0001000100010001
0001000100010001
0001000100010001
0001000100010001
0001000100010001
0001000100010001
0001000100010001
0001000100010001
0001000100010001
0001000100010001
0001000100010001
0001000100010001
0001000100010001
0001000100010001
0001000100010001
0001000100010001
0001000100010001
0001000100010001
0001000100010001
0001000100010001
0001000100010001
0001000100010001
0001000100010001
0001000100010001
0001000100010001
0001000100010001
0001000100010001
0001000100010001
0001000100010001
0001000100010001
0001000100010001
0001000100010001
0001000100010001
0001000100010001
0001000100010001
0001000100010001
0001000100010001
0001000100010001
0001000100010001
0001000100010001
0001000100010001
0001000100010001
0001000100010001
0001000100010001
0001000100010001
0001000100010001
0001000100010001
0001000100010001
0001000100010001
0001000100010001
0001000100010001
0001000100010001
0001000100010001
0001000100010001
0001000100010001
0001000100010001
0001000100010001
0001000100010001
0001000100010001
0001000100010001
0001000100010001
0001000100010001
0001000100010001
0001000100010001
0001000100010001
0001000100010001
0001000100010001
0001000100010001
0001000100010001
0001000100010001
0001000100010001
0001000100010001
0001000100010001
0001000100010001
0001000100010001
0001000100010001
0001000100010001
0001000100010001
0001000100010001
0001000100010001
0001000100010001
0001000100010001
0001000100010001
0001000100010001
0001000100010001
0001000100010001
0001000100010001
0001000100010001
0001000100010001
0001000100010001
0001000100010001
0001000100010001
0001000100010001
0001000100010001
0001000100010001
0001000100010001
0001000100010001
0001000100010001
0001000100010001
0001000100010001
0001000100010001
0001000100010001
0001000100010001
0001000100010001
0001000100010001
0001000100010001
0001000100010001
0001000100010001
0001000100010001
0001000100010001
0001000100010001
0001000100010001
0001000100010001
0001000100010001
0001000100010001
0001000100010001
0001000100010001
0001000100010001
0001000100010001
0001000100010001
0001000100010001
0001000100010001
0001000100010001
0001000100010001
0001000100010001
0001000100010001
0001000100010001
0001000100010001
0001000100010001
0001000100010001
0001000100010001
0001000100010001
0001000100010001
0001000100010001
0001000100010001
0001000100010001
0001000100010001
0001000100010001
0001000100010001
0001000100010001
0001000100010001
0001000100010001
0001000100010001
0001000100010001
0001000100010001
0001000100010001
0001000100010001
0001000100010001
0001000100010001
0001000100010001
0001000100010001
0001000100010001
0001000100010001
0001000100010001
0001000100010001
0001000100010001
0001000100010001
0001000100010001
0001000100010001
0001000100010001
0001000100010001
0001000100010001
0001000100010001
0001000100010001
0001000100010001
0001000100010001
0001000100010001
0001000100010001
0001000100010001
0001000100010001
0001000100010001
0001000100010001
0001000100010001
0001000100010001
0001000100010001
0001000100010001
0001000100010001
0001000100010001
0001000100010001
0001000100010001
0001000100010001
0001000100010001
0001000100010001
0001000100010001
0001000100010001
0001000100010001
0001000100010001
0001000100010001
0001000100010001
0001000100010001
0001000100010001
0001000100010001
0001000100010001
0001000100010001
0001000100010001
0001000100010001
0001000100010001
0001000100010001
0001000100010001
0001000100010001
0001000100010001
0001000100010001
0001000100010001
0001000100010001
0001000100010001
0001000100010001
0001000100010001
0001000100010001
0001000100010001
0001000100010001
0001000100010001
0001000100010001
0001000100010001
0001000100010001
0001000100010001
0001000100010001
0001000100010001
0001000100010001
0001000100010001
0001000100010001
0001000100010001
0001000100010001
0001000100010001
0001000100010001
0001000100010001
0001000100010001
0001000100010001
0001000100010001
0001000100010001
0001000100010001
0001000100010001
0001000100010001
0001000100010001
0001000100010001
0001000100010001
0001000100010001
0001000100010001
0001000100010001
0001000100010001
0001000100010001
0001000100010001
0001000100010001
0001000100010001
0001000100010001
0001000100010001
0001000100010001
0001000100010001
0001000100010001
0001000100010001
0001000100010001
0001000100010001
0001000100010001
0001000100010001
0001000100010001
0001000100010001
0001000100010001
0001000100010001
0001000100010001
0001000100010001
0001000100010001
0001000100010001
0001000100010001
0001000100010001
0001000100010001
0001000100010001
0001000100010001
0001000100010001
0001000100010001
0001000100010001
0001000100010001
0001000100010001
0001000100010001
0001000100010001
0001000100010001
0001000100010001
0001000100010001
0001000100010001
0001000100010001
0001000100010001
0001000100010001
0001000100010001
0001000100010001
0001000100010001
0001000100010001
0001000100010001
0001000100010001
0001000100010001
0001000100010001
0001000100010001
0001000100010001
0001000100010001
0001000100010001
0001000100010001
0001000100010001
0001000100010001
0001000100010001
0001000100010001
0001000100010001
0001000100010001
0001000100010001
0001000100010001
0001000100010001
0001000100010001
0001000100010001
0001000100010001
0001000100010001
0001000100010001
0001000100010001
0001000100010001
0001000100010001
0001000100010001
0001000100010001
0001000100010001
0001000100010001
0001000100010001
0001000100010001
0001000100010001
0001000100010001
0001000100010001
0001000100010001
0001000100010001
0001000100010001
0001000100010001
0001000100010001
0001000100010001
0001000100010001
0001000100010001
0001000100010001
0001000100010001
0001000100010001
0001000100010001
0001000100010001
0001000100010001
0001000100010001
0001000100010001
0001000100010001
0001000100010001
0001000100010001
0001000100010001
0001000100010001
0001000100010001
0001000100010001
0001000100010001
0001000100010001
0001000100010001
0001000100010001
0001000100010001
0001000100010001
0001000100010001
0001000100010001
0001000100010001
0001000100010001
0001000100010001
0001000100010001
0001000100010001
0001000100010001
0001000100010001
0001000100010001
0001000100010001
0001000100010001
0001000100010001
0001000100010001
0001000100010001
0001000100010001
0001000100010001
0001000100010001
0001000100010001
0001000100010001
0001000100010001
0001000100010001
0001000100010001
0001000100010001
0001000100010001
0001000100010001
0001000100010001
0001000100010001
0001000100010001
0001000100010001
0001000100010001
0001000100010001
0001000100010001
0001000100010001
0001000100010001
0001000100010001
0001000100010001
0001000100010001
0001000100010001
0001000100010001
0001000100010001
0001000100010001
0001000100010001
0001000100010001
0001000100010001
0001000100010001
0001000100010001
0001000100010001
0001000100010001
0001000100010001
0001000100010001
0001000100010001
0001000100010001
0001000100010001
0001000100010001
0001000100010001
0001000100010001
0001000100010001
0001000100010001
0001000100010001
0001000100010001
0001000100010001
0001000100010001
0001000100010001
0001000100010001
0001000100010001
0001000100010001
0001000100010001
0001000100010001
0001000100010001
0001000100010001
0001000100010001
0001000100010001
0001000100010001
0001000100010001
0001000100010001
0001000100010001
0001000100010001
0001000100010001
0001000100010001
0001000100010001
0001000100010001
0001000100010001
0001000100010001
0001000100010001
0001000100010001
0001000100010001
0001000100010001
0001000100010001
0001000100010001
0001000100010001
0001000100010001
0001000100010001
0001000100010001
0001000100010001
0001000100010001
0001000100010001
0001000100010001
0001000100010001
0001000100010001
0001000100010001
0001000100010001
0001000100010001
0001000100010001
0001000100010001
0001000100010001
0001000100010001
0001000100010001
0001000100010001
0001000100010001
0001000100010001
0001000100010001
0001000100010001
0001000100010001
0001000100010001
0001000100010001
0001000100010001
0001000100010001
0001000100010001
0001000100010001
0001000100010001
0001000100010001
0001000100010001
0001000100010001
0001000100010001
0001000100010001
0001000100010001
0001000100010001
0001000100010001
0001000100010001
0001000100010001
0001000100010001
0001000100010001
0001000100010001
0001000100010001
0001000100010001
0001000100010001
0001000100010001
0001000100010001
0001000100010001
0001000100010001
0001000100010001
0001000100010001
0001000100010001
0001000100010001
0001000100010001
0001000100010001
0001000100010001
0001000100010001
0001000100010001
0001000100010001
0001000100010001
0001000100010001
0001000100010001
0001000100010001
0001000100010001
0001000100010001
0001000100010001
0001000100010001
0001000100010001
0001000100010001
0001000100010001
0001000100010001
0001000100010001
0001000100010001
0001000100010001
0001000100010001
0001000100010001
0001000100010001
0001000100010001
0001000100010001
0001000100010001
0001000100010001
0001000100010001
0001000100010001
0001000100010001
0001000100010001
0001000100010001
0001000100010001
0001000100010001
0001000100010001
0001000100010001
0001000100010001
0001000100010001
0001000100010001
0001000100010001
0001000100010001
0001000100010001
0001000100010001
0001000100010001
0001000100010001
0001000100010001
0001000100010001
0001000100010001
0001000100010001
0001000100010001
0001000100010001
0001000100010001
0001000100010001
0001000100010001
0001000100010001
0001000100010001
0001000100010001
0001000100010001
0001000100010001
0001000100010001
0001000100010001
0001000100010001
0001000100010001
0001000100010001
0001000100010001
0001000100010001
0001000100010001
0001000100010001
0001000100010001
0001000100010001
0001000100010001
0001000100010001
0001000100010001
0001000100010001
0001000100010001
0001000100010001
0001000100010001
0001000100010001
0001000100010001
0001000100010001
0001000100010001
0001000100010001
0001000100010001
0001000100010001
0001000100010001
0001000100010001
0001000100010001
0001000100010001
0001000100010001
0001000100010001
0001000100010001
0001000100010001
0001000100010001
0001000100010001
0001000100010001
0001000100010001
0001000100010001
0001000100010001
0001000100010001
0001000100010001
0001000100010001
0001000100010001
0001000100010001
0001000100010001
0001000100010001
0001000100010001
0001000100010001
0001000100010001
0001000100010001
0001000100010001
0001000100010001
0001000100010001
0001000100010001
0001000100010001
0001000100010001
0001000100010001
0001000100010001
0001000100010001
0001000100010001
0001000100010001
0001000100010001
0001000100010001
0001000100010001
0001000100010001
0001000100010001
0001000100010001
0001000100010001
0001000100010001
0001000100010001
0001000100010001
0001000100010001
0001000100010001
0001000100010001
0001000100010001
0001000100010001
0001000100010001
0001000100010001
0001000100010001
0001000100010001
0001000100010001
0001000100010001
0001000100010001
0001000100010001
0001000100010001
0001000100010001
0001000100010001
0001000100010001
0001000100010001
0001000100010001
0001000100010001
0001000100010001
0001000100010001
0001000100010001
0001000100010001
0001000100010001
0001000100010001
0001000100010001
0001000100010001
0001000100010001
0001000100010001
0001000100010001
0001000100010001
0001000100010001
0001000100010001
0001000100010001
0001000100010001
0001000100010001
0001000100010001
0001000100010001
0001000100010001
0001000100010001
0001000100010001
0001000100010001
0001000100010001
0001000100010001
0001000100010001
0001000100010001
0001000100010001
0001000100010001
0001000100010001
0001000100010001
0001000100010001
0001000100010001
0001000100010001
0001000100010001
0001000100010001
0001000100010001
0001000100010001
0001000100010001
0001000100010001
0001000100010001
0001000100010001
0001000100010001
0001000100010001
0001000100010001
0001000100010001
0001000100010001
0001000100010001
0001000100010001
0001000100010001
0001000100010001
0001000100010001
0001000100010001
0001000100010001
0001000100010001
0001000100010001
0001000100010001
0001000100010001
0001000100010001
0001000100010001
0001000100010001
0001000100010001
0001000100010001
0001000100010001
0001000100010001
0001000100010001
0001000100010001
0001000100010001
0001000100010001
0001000100010001
0001000100010001
0001000100010001
0001000100010001
0001000100010001
0001000100010001
0001000100010001
0001000100010001
0001000100010001
0001000100010001
0001000100010001
0001000100010001
0001000100010001
0001000100010001
0001000100010001
0001000100010001
0001000100010001
0001000100010001
0001000100010001
0001000100010001
0001000100010001
0001000100010001
0001000100010001
0001000100010001
0001000100010001
0001000100010001
0001000100010001
0001000100010001
0001000100010001
0001000100010001
0001000100010001
0001000100010001
0001000100010001
0001000100010001
0001000100010001
0001000100010001
0001000100010001
0001000100010001
0001000100010001
0001000100010001
0001000100010001
0001000100010001
0001000100010001
0001000100010001
0001000100010001
0001000100010001
0001000100010001
0001000100010001
0001000100010001
0001000100010001
0001000100010001
0001000100010001
0001000100010001
0001000100010001
0001000100010001
0001000100010001
0001000100010001
0001000100010001
0001000100010001
0001000100010001
0001000100010001
0001000100010001
0001000100010001
0001000100010001
0001000100010001
0001000100010001
0001000100010001
0001000100010001
0001000100010001
0001000100010001
0001000100010001
0001000100010001
0001000100010001
0001000100010001
0001000100010001
0001000100010001
0001000100010001
0001000100010001
0001000100010001
0001000100010001
0001000100010001
0001000100010001
0001000100010001
0001000100010001
0001000100010001
0001000100010001
0001000100010001
0001000100010001
0001000100010001
0001000100010001
0001000100010001
0001000100010001
0001000100010001
0001000100010001
0001000100010001
0001000100010001
0001000100010001
0001000100010001
0001000100010001
0001000100010001
0001000100010001
0001000100010001
0001000100010001
0001000100010001
0001000100010001
0001000100010001
0001000100010001
0001000100010001
0001000100010001
0001000100010001
0001000100010001
0001000100010001
0001000100010001
0001000100010001
0001000100010001
0001000100010001
0001000100010001
0001000100010001
0001000100010001
0001000100010001
0001000100010001
0001000100010001
0001000100010001
0001000100010001
0001000100010001
0001000100010001
0001000100010001
0001000100010001
0001000100010001
0001000100010001
0001000100010001
0001000100010001
0001000100010001
0001000100010001
0001000100010001
0001000100010001
0001000100010001
0001000100010001
0001000100010001
0001000100010001
0001000100010001
0001000100010001
0001000100010001
0001000100010001
0001000100010001
0001000100010001
0001000100010001
0001000100010001
0001000100010001
0001000100010001
0001000100010001
0001000100010001
0001000100010001
0001000100010001
0001000100010001
0001000100010001
0001000100010001
0001000100010001
0001000100010001
0001000100010001
0001000100010001
0001000100010001
0001000100010001
0001000100010001
0001000100010001
0001000100010001
0001000100010001
0001000100010001
0001000100010001
0001000100010001
0001000100010001
0001000100010001
0001000100010001
0001000100010001
0001000100010001
0001000100010001
0001000100010001
0001000100010001
0001000100010001
0001000100010001
0001000100010001
0001000100010001
0001000100010001
0001000100010001
0001000100010001
0001000100010001
0001000100010001
0001000100010001
0001000100010001
0001000100010001
0001000100010001
0001000100010001
0001000100010001
0001000100010001
0001000100010001
0001000100010001
0001000100010001
0001000100010001
0001000100010001
0001000100010001
0001000100010001
0001000100010001
0001000100010001
0001000100010001
0001000100010001
0001000100010001
0001000100010001
0001000100010001
0001000100010001
0001000100010001
0001000100010001
0001000100010001
0001000100010001
0001000100010001
0001000100010001
0001000100010001
0001000100010001
0001000100010001
0001000100010001
0001000100010001
0001000100010001
0001000100010001
0001000100010001
0001000100010001
0001000100010001
0001000100010001
0001000100010001
0001000100010001
0001000100010001
0001000100010001
0001000100010001
0001000100010001
0001000100010001
0001000100010001
0001000100010001
0001000100010001
0001000100010001
0001000100010001
0001000100010001
0001000100010001
0001000100010001
0001000100010001
0001000100010001
0001000100010001
0001000100010001
0001000100010001
0001000100010001
0001000100010001
0001000100010001
0001000100010001
0001000100010001
0001000100010001
0001000100010001
0001000100010001
0001000100010001
0001000100010001
0001000100010001
0001000100010001
0001000100010001
0001000100010001
0001000100010001
0001000100010001
0001000100010001
0001000100010001
0001000100010001
0001000100010001
0001000100010001
0001000100010001
0001000100010001
0001000100010001
0001000100010001
0001000100010001
0001000100010001
0001000100010001
0001000100010001
0001000100010001
0001000100010001
0001000100010001
0001000100010001
0001000100010001
0001000100010001
0001000100010001
0001000100010001
0001000100010001
0001000100010001
0001000100010001
0001000100010001
0001000100010001
0001000100010001
0001000100010001
0001000100010001
0001000100010001
0001000100010001
0001000100010001
0001000100010001
0001000100010001
0001000100010001
0001000100010001
0001000100010001
0001000100010001
0001000100010001
0001000100010001
0001000100010001
0001000100010001
0001000100010001
0001000100010001
0001000100010001
0001000100010001
0001000100010001
0001000100010001
0001000100010001
0001000100010001
0001000100010001
0001000100010001
0001000100010001
0001000100010001
0001000100010001
0001000100010001
0001000100010001
0001000100010001
0001000100010001
0001000100010001
0001000100010001
0001000100010001
0001000100010001
0001000100010001
0001000100010001
0001000100010001
0001000100010001
0001000100010001
0001000100010001
0001000100010001
0001000100010001
0001000100010001
0001000100010001
0001000100010001
0001000100010001
0001000100010001
0001000100010001
0001000100010001
0001000100010001
0001000100010001
0001000100010001
0001000100010001
0001000100010001
0001000100010001
0001000100010001
0001000100010001
0001000100010001
0001000100010001
0001000100010001
0001000100010001
0001000100010001
0001000100010001
0001000100010001
0001000100010001
0001000100010001
0001000100010001
0001000100010001
0001000100010001
0001000100010001
0001000100010001
0001000100010001
0001000100010001
0001000100010001
0001000100010001
0001000100010001
0001000100010001
0001000100010001
0001000100010001
0001000100010001
0001000100010001
0001000100010001
0001000100010001
0001000100010001
0001000100010001
0001000100010001
0001000100010001
0001000100010001
0001000100010001
0001000100010001
0001000100010001
0001000100010001
0001000100010001
0001000100010001
0001000100010001
0001000100010001
0001000100010001
0001000100010001
0001000100010001
0001000100010001
0001000100010001
0001000100010001
0001000100010001
0001000100010001
0001000100010001
0001000100010001
0001000100010001
0001000100010001
0001000100010001
0001000100010001
0001000100010001
0001000100010001
0001000100010001
0001000100010001
0001000100010001
0001000100010001
0001000100010001
0001000100010001
0001000100010001
0001000100010001
0001000100010001
0001000100010001
0001000100010001
0001000100010001
0001000100010001
0001000100010001
0001000100010001
0001000100010001
0001000100010001
0001000100010001
0001000100010001
0001000100010001
0001000100010001
0001000100010001
0001000100010001
0001000100010001
0001000100010001
0001000100010001
0001000100010001
0001000100010001
0001000100010001
0001000100010001
0001000100010001
0001000100010001
0001000100010001
0001000100010001
0001000100010001
0001000100010001
0001000100010001
0001000100010001
0001000100010001
0001000100010001
0001000100010001
0001000100010001
0001000100010001
0001000100010001
0001000100010001
0001000100010001
0001000100010001
0001000100010001
0001000100010001
0001000100010001
0001000100010001
0001000100010001
0001000100010001
0001000100010001
0001000100010001
0001000100010001
0001000100010001
0001000100010001
0001000100010001
0001000100010001
0001000100010001
0001000100010001
0001000100010001
0001000100010001
0001000100010001
0001000100010001
0001000100010001
0001000100010001
0001000100010001
0001000100010001
0001000100010001
0001000100010001
0001000100010001
0001000100010001
0001000100010001
0001000100010001
0001000100010001
0001000100010001
0001000100010001
0001000100010001
0001000100010001
0001000100010001
0001000100010001
0001000100010001
0001000100010001
0001000100010001
0001000100010001
0001000100010001
0001000100010001
0001000100010001
0001000100010001
0001000100010001
0001000100010001
0001000100010001
0001000100010001
0001000100010001
0001000100010001
0001000100010001
0001000100010001
0001000100010001
0001000100010001
0001000100010001
0001000100010001
0001000100010001
0001000100010001
0001000100010001
0001000100010001
0001000100010001
0001000100010001
0001000100010001
0001000100010001
0001000100010001
0001000100010001
0001000100010001
0001000100010001
0001000100010001
0001000100010001
0001000100010001
0001000100010001
0001000100010001
0001000100010001
0001000100010001
0001000100010001
0001000100010001
0001000100010001
0001000100010001
0001000100010001
0001000100010001
0001000100010001
0001000100010001
0001000100010001
0001000100010001
0001000100010001
0001000100010001
0001000100010001
0001000100010001
0001000100010001
0001000100010001
0001000100010001
0001000100010001
0001000100010001
0001000100010001
0001000100010001
0001000100010001
0001000100010001
0001000100010001
0001000100010001
0001000100010001
0001000100010001
0001000100010001
0001000100010001
0001000100010001
0001000100010001
0001000100010001
0001000100010001
0001000100010001
0001000100010001
0001000100010001
0001000100010001
0001000100010001
0001000100010001
0001000100010001
0001000100010001
0001000100010001
0001000100010001
0001000100010001
0001000100010001
0001000100010001
0001000100010001
0001000100010001
0001000100010001
0001000100010001
0001000100010001
0001000100010001
0001000100010001
0001000100010001
0001000100010001
0001000100010001
0001000100010001
0001000100010001
0001000100010001
0001000100010001
0001000100010001
0001000100010001
0001000100010001
0001000100010001
0001000100010001
0001000100010001
0001000100010001
0001000100010001
0001000100010001
0001000100010001
0001000100010001
0001000100010001
0001000100010001
0001000100010001
0001000100010001
0001000100010001
0001000100010001
0001000100010001
0001000100010001
0001000100010001
0001000100010001
0001000100010001
0001000100010001
0001000100010001
0001000100010001
0001000100010001
0001000100010001
0001000100010001
0001000100010001
0001000100010001
0001000100010001
0001000100010001
0001000100010001
0001000100010001
0001000100010001
0001000100010001
0001000100010001
0001000100010001
0001000100010001
0001000100010001
0001000100010001
0001000100010001
0001000100010001
0001000100010001
0001000100010001
0001000100010001
0001000100010001
0001000100010001
0001000100010001
0001000100010001
0001000100010001
0001000100010001
0001000100010001
0001000100010001
0001000100010001
0001000100010001
0001000100010001
0001000100010001
0001000100010001
0001000100010001
0001000100010001
0001000100010001
0001000100010001
0001000100010001
0001000100010001
0001000100010001
0001000100010001
0001000100010001
0001000100010001
0001000100010001
0001000100010001
0001000100010001
0001000100010001
0001000100010001
0001000100010001
0001000100010001
0001000100010001
0001000100010001
0001000100010001
0001000100010001
0001000100010001
0001000100010001
0001000100010001
0001000100010001
0001000100010001
0001000100010001
0001000100010001
0001000100010001
0001000100010001
0001000100010001
0001000100010001
0001000100010001
0001000100010001
0001000100010001
0001000100010001
0001000100010001
0001000100010001
0001000100010001
0001000100010001
0001000100010001
0001000100010001
0001000100010001
0001000100010001
0001000100010001
0001000100010001
0001000100010001
0001000100010001
0001000100010001
0001000100010001
0001000100010001
0001000100010001
0001000100010001
0001000100010001
0001000100010001
0001000100010001
0001000100010001
0001000100010001
0001000100010001
0001000100010001
0001000100010001
0001000100010001
0001000100010001
0001000100010001
0001000100010001
0001000100010001
0001000100010001
0001000100010001
0001000100010001
0001000100010001
0001000100010001
0001000100010001
0001000100010001
0001000100010001
0001000100010001
0001000100010001
0001000100010001
0001000100010001
0001000100010001
0001000100010001
0001000100010001
0001000100010001
0001000100010001
0001000100010001
0001000100010001
0001000100010001
0001000100010001
0001000100010001
0001000100010001
0001000100010001
0001000100010001
0001000100010001
0001000100010001
0001000100010001
0001000100010001
0001000100010001
0001000100010001
0001000100010001
0001000100010001
0001000100010001
0001000100010001
0001000100010001
0001000100010001
0001000100010001
0001000100010001
0001000100010001
0001000100010001
0001000100010001
0001000100010001
0001000100010001
0001000100010001
0001000100010001
0001000100010001
0001000100010001
0001000100010001
0001000100010001
0001000100010001
0001000100010001
0001000100010001
0001000100010001
0001000100010001
0001000100010001
0001000100010001
0001000100010001
0001000100010001
0001000100010001
0001000100010001
0001000100010001
0001000100010001
0001000100010001
0001000100010001
0001000100010001
0001000100010001
0001000100010001
0001000100010001
0001000100010001
0001000100010001
0001000100010001
0001000100010001
0001000100010001
0001000100010001
0001000100010001
0001000100010001
0001000100010001
0001000100010001
0001000100010001
0001000100010001
0001000100010001
0001000100010001
0001000100010001
0001000100010001
0001000100010001
0001000100010001
0001000100010001
0001000100010001
0001000100010001
0001000100010001
0001000100010001
0001000100010001
0001000100010001
0001000100010001
0001000100010001
0001000100010001
0001000100010001
0001000100010001
0001000100010001
0001000100010001
0001000100010001
0001000100010001
0001000100010001
0001000100010001
0001000100010001
0001000100010001
0001000100010001
0001000100010001
0001000100010001
0001000100010001
0001000100010001
0001000100010001
0001000100010001
0001000100010001
0001000100010001
0001000100010001
0001000100010001
0001000100010001
0001000100010001
0001000100010001
0001000100010001
0001000100010001
0001000100010001
0001000100010001
0001000100010001
0001000100010001
0001000100010001
0001000100010001
0001000100010001
0001000100010001
0001000100010001
0001000100010001
0001000100010001
0001000100010001
0001000100010001
0001000100010001
0001000100010001
0001000100010001
0001000100010001
0001000100010001
0001000100010001
0001000100010001
0001000100010001
0001000100010001
0001000100010001
0001000100010001
0001000100010001
0001000100010001
0001000100010001
0001000100010001
0001000100010001
0001000100010001
0001000100010001
0001000100010001
0001000100010001
0001000100010001
0001000100010001
0001000100010001
0001000100010001
0001000100010001
0001000100010001
0001000100010001
0001000100010001
0001000100010001
0001000100010001
0001000100010001
0001000100010001
0001000100010001
0001000100010001
0001000100010001
0001000100010001
0001000100010001
0001000100010001
0001000100010001
0001000100010001
0001000100010001
0001000100010001
0001000100010001
0001000100010001
0001000100010001
0001000100010001
0001000100010001
0001000100010001
0001000100010001
0001000100010001
0001000100010001
0001000100010001
0001000100010001
0001000100010001
0001000100010001
0001000100010001
0001000100010001
0001000100010001
0001000100010001
0001000100010001
0001000100010001
0001000100010001
0001000100010001
0001000100010001
0001000100010001
0001000100010001
0001000100010001
0001000100010001
0001000100010001
0001000100010001
0001000100010001
0001000100010001
0001000100010001
0001000100010001
0001000100010001
0001000100010001
0001000100010001
0001000100010001
0001000100010001
0001000100010001
0001000100010001
0001000100010001
0001000100010001
0001000100010001
0001000100010001
0001000100010001
0001000100010001
0001000100010001
0001000100010001
0001000100010001
0001000100010001
0001000100010001
0001000100010001
0001000100010001
0001000100010001
0001000100010001
0001000100010001
0001000100010001
0001000100010001
0001000100010001
0001000100010001
0001000100010001
0001000100010001
0001000100010001
0001000100010001
0001000100010001
0001000100010001
0001000100010001
0001000100010001
0001000100010001
0001000100010001
0001000100010001
0001000100010001
0001000100010001
0001000100010001
0001000100010001
0001000100010001
0001000100010001
0001000100010001
0001000100010001
0001000100010001
0001000100010001
0001000100010001
0001000100010001
0001000100010001
0001000100010001
0001000100010001
0001000100010001
0001000100010001
0001000100010001
0001000100010001
0001000100010001
0001000100010001
0001000100010001
0001000100010001
0001000100010001
0001000100010001
0001000100010001
0001000100010001
0001000100010001
0001000100010001
0001000100010001
0001000100010001
0001000100010001
0001000100010001
0001000100010001
0001000100010001
0001000100010001
0001000100010001
0001000100010001
0001000100010001
0001000100010001
0001000100010001
0001000100010001
0001000100010001
0001000100010001
0001000100010001
0001000100010001
0001000100010001
0001000100010001
0001000100010001
0001000100010001
0001000100010001
0001000100010001
0001000100010001
0001000100010001
0001000100010001
0001000100010001
0001000100010001
0001000100010001
0001000100010001
0001000100010001
0001000100010001
0001000100010001
0001000100010001
0001000100010001
0001000100010001
0001000100010001
0001000100010001
0001000100010001
0001000100010001
0001000100010001
0001000100010001
0001000100010001
0001000100010001
0001000100010001
0001000100010001
0001000100010001
0001000100010001
0001000100010001
0001000100010001
0001000100010001
0001000100010001
0001000100010001
0001000100010001
0001000100010001
0001000100010001
0001000100010001
0001000100010001
0001000100010001
0001000100010001
0001000100010001
0001000100010001
0001000100010001
0001000100010001
0001000100010001
0001000100010001
0001000100010001
0001000100010001
0001000100010001
0001000100010001
0001000100010001
0001000100010001
0001000100010001
0001000100010001
0001000100010001
0001000100010001
0001000100010001
0001000100010001
0001000100010001
0001000100010001
0001000100010001
0001000100010001
0001000100010001
0001000100010001
0001000100010001
0001000100010001
0001000100010001
0001000100010001
0001000100010001
0001000100010001
0001000100010001
0001000100010001
0001000100010001
0001000100010001
0001000100010001
0001000100010001
0001000100010001
0001000100010001
0001000100010001
0001000100010001
0001000100010001
0001000100010001
0001000100010001
0001000100010001
0001000100010001
0001000100010001
0001000100010001
0001000100010001
0001000100010001
0001000100010001
0001000100010001
0001000100010001
0001000100010001
0001000100010001
0001000100010001
0001000100010001
0001000100010001
0001000100010001
0001000100010001
0001000100010001
0001000100010001
0001000100010001
0001000100010001
0001000100010001
0001000100010001
0001000100010001
0001000100010001
0001000100010001
0001000100010001
0001000100010001
0001000100010001
0001000100010001
0001000100010001
0001000100010001
0001000100010001
0001000100010001
0001000100010001
0001000100010001
0001000100010001
0001000100010001
0001000100010001
0001000100010001
0001000100010001
0001000100010001
0001000100010001
0001000100010001
0001000100010001
0001000100010001
0001000100010001
0001000100010001
0001000100010001
0001000100010001
0001000100010001
0001000100010001
0001000100010001
0001000100010001
0001000100010001
0001000100010001
0001000100010001
0001000100010001
0001000100010001
0001000100010001
0001000100010001
0001000100010001
0001000100010001
0001000100010001
0001000100010001
0001000100010001
0001000100010001
0001000100010001
0001000100010001
0001000100010001
0001000100010001
0001000100010001
0001000100010001
0001000100010001
0001000100010001
0001000100010001
0001000100010001
0001000100010001
0001000100010001
0001000100010001
0001000100010001
0001000100010001
0001000100010001
0001000100010001
0001000100010001
0001000100010001
0001000100010001
0001000100010001
0001000100010001
0001000100010001
0001000100010001
0001000100010001
0001000100010001
0001000100010001
0001000100010001
0001000100010001
0001000100010001
0001000100010001
0001000100010001
0001000100010001
0001000100010001
0001000100010001
0001000100010001
0001000100010001
0001000100010001
0001000100010001
0001000100010001
0001000100010001
0001000100010001
0001000100010001
0001000100010001
0001000100010001
0001000100010001
0001000100010001
0001000100010001
0001000100010001
0001000100010001
0001000100010001
0001000100010001
0001000100010001
0001000100010001
0001000100010001
0001000100010001
0001000100010001
0001000100010001
0001000100010001
0001000100010001
0001000100010001
0001000100010001
0001000100010001
0001000100010001
0001000100010001
0001000100010001
0001000100010001
0001000100010001
0001000100010001
0001000100010001
0001000100010001
0001000100010001
0001000100010001
0001000100010001
0001000100010001
0001000100010001
0001000100010001
0001000100010001
0001000100010001
0001000100010001
0001000100010001
0001000100010001
0001000100010001
0001000100010001
0001000100010001
0001000100010001
0001000100010001
0001000100010001
0001000100010001
0001000100010001
0001000100010001
0001000100010001
0001000100010001
0001000100010001
0001000100010001
0001000100010001
0001000100010001
0001000100010001
0001000100010001
0001000100010001
0001000100010001
0001000100010001
0001000100010001
0001000100010001
0001000100010001
0001000100010001
0001000100010001
0001000100010001
0001000100010001
0001000100010001
0001000100010001
0001000100010001
0001000100010001
0001000100010001
0001000100010001
0001000100010001
0001000100010001
0001000100010001
0001000100010001
0001000100010001
0001000100010001
0001000100010001
0001000100010001
0001000100010001
0001000100010001
0001000100010001
0001000100010001
0001000100010001
0001000100010001
0001000100010001
0001000100010001
0001000100010001
0001000100010001
0001000100010001
0001000100010001
0001000100010001
0001000100010001
0001000100010001
0001000100010001
0001000100010001
0001000100010001
0001000100010001
0001000100010001
0001000100010001
0001000100010001
0001000100010001
0001000100010001
0001000100010001
0001000100010001
0001000100010001
0001000100010001
0001000100010001
0001000100010001
0001000100010001
0001000100010001
0001000100010001
0001000100010001
0001000100010001
0001000100010001
0001000100010001
0001000100010001
0001000100010001
0001000100010001
0001000100010001
0001000100010001
0001000100010001
0001000100010001
0001000100010001
0001000100010001
0001000100010001
0001000100010001
0001000100010001
0001000100010001
0001000100010001
0001000100010001
0001000100010001
0001000100010001
0001000100010001
0001000100010001
0001000100010001
0001000100010001
0001000100010001
0001000100010001
0001000100010001
0001000100010001
0001000100010001
0001000100010001
0001000100010001
0001000100010001
0001000100010001
0001000100010001
0001000100010001
0001000100010001
0001000100010001
0001000100010001
0001000100010001
0001000100010001
0001000100010001
0001000100010001
0001000100010001
0001000100010001
0001000100010001
0001000100010001
0001000100010001
0001000100010001
0001000100010001
0001000100010001
0001000100010001
0001000100010001
0001000100010001
0001000100010001
0001000100010001
0001000100010001
0001000100010001
0001000100010001
0001000100010001
0001000100010001
0001000100010001
0001000100010001
0001000100010001
0001000100010001
0001000100010001
0001000100010001
0001000100010001
0001000100010001
0001000100010001
0001000100010001
0001000100010001
0001000100010001
0001000100010001
0001000100010001
0001000100010001
0001000100010001
0001000100010001
0001000100010001
0001000100010001
0001000100010001
0001000100010001
0001000100010001
0001000100010001
0001000100010001
0001000100010001
0001000100010001
0001000100010001
0001000100010001
0001000100010001
0001000100010001
0001000100010001
0001000100010001
0001000100010001
0001000100010001
0001000100010001
0001000100010001
0001000100010001
0001000100010001
0001000100010001
0001000100010001
0001000100010001
0001000100010001
0001000100010001
0001000100010001
0001000100010001
0001000100010001
0001000100010001
0001000100010001
0001000100010001
0001000100010001
0001000100010001
0001000100010001
0001000100010001
0001000100010001
0001000100010001
0001000100010001
0001000100010001
0001000100010001
0001000100010001
0001000100010001
0001000100010001
0001000100010001
0001000100010001
0001000100010001
0001000100010001
0001000100010001
0001000100010001
0001000100010001
0001000100010001
0001000100010001
0001000100010001
0001000100010001
0001000100010001
0001000100010001
0001000100010001
0001000100010001
0001000100010001
0001000100010001
0001000100010001
0001000100010001
0001000100010001
0001000100010001
0001000100010001
0001000100010001
0001000100010001
0001000100010001
0001000100010001
0001000100010001
0001000100010001
0001000100010001
0001000100010001
0001000100010001
0001000100010001
0001000100010001
0001000100010001
0001000100010001
0001000100010001
0001000100010001
0001000100010001
0001000100010001
0001000100010001
0001000100010001
0001000100010001
0001000100010001
0001000100010001
0001000100010001
0001000100010001
0001000100010001
0001000100010001
0001000100010001
0001000100010001
0001000100010001
0001000100010001
0001000100010001
0001000100010001
0001000100010001
0001000100010001
0001000100010001
0001000100010001
0001000100010001
0001000100010001
0001000100010001
0001000100010001
0001000100010001
0001000100010001
0001000100010001
0001000100010001
0001000100010001
0001000100010001
0001000100010001
0001000100010001
0001000100010001
0001000100010001
0001000100010001
0001000100010001
0001000100010001
0001000100010001
0001000100010001
0001000100010001
0001000100010001
0001000100010001
0001000100010001
0001000100010001
0001000100010001
0001000100010001
0001000100010001
0001000100010001
0001000100010001
0001000100010001
0001000100010001
0001000100010001
0001000100010001
0001000100010001
0001000100010001
0001000100010001
0001000100010001
0001000100010001
0001000100010001
0001000100010001
0001000100010001
0001000100010001
0001000100010001
0001000100010001
0001000100010001
0001000100010001
0001000100010001
0001000100010001
0001000100010001
0001000100010001
0001000100010001
0001000100010001
0001000100010001
0001000100010001
0001000100010001
0001000100010001
0001000100010001
0001000100010001
0001000100010001
0001000100010001
0001000100010001
0001000100010001
0001000100010001
0001000100010001
0001000100010001
0001000100010001
0001000100010001
0001000100010001
0001000100010001
0001000100010001
0001000100010001
0001000100010001
0001000100010001
0001000100010001
0001000100010001
0001000100010001
0001000100010001
0001000100010001
0001000100010001
0001000100010001
0001000100010001
0001000100010001
0001000100010001
0001000100010001
0001000100010001
0001000100010001
0001000100010001
0001000100010001
0001000100010001
0001000100010001
0001000100010001
0001000100010001
0001000100010001
0001000100010001
0001000100010001
0001000100010001
0001000100010001
0001000100010001
0001000100010001
0001000100010001
0001000100010001
0001000100010001
0001000100010001
0001000100010001
0001000100010001
0001000100010001
0001000100010001
0001000100010001
0001000100010001
0001000100010001
0001000100010001
0001000100010001
0001000100010001
0001000100010001
0001000100010001
0001000100010001
0001000100010001
0001000100010001
0001000100010001
0001000100010001
0001000100010001
0001000100010001
0001000100010001
0001000100010001
0001000100010001
0001000100010001
0001000100010001
0001000100010001
0001000100010001
0001000100010001
0001000100010001
0001000100010001
0001000100010001
0001000100010001
0001000100010001
0001000100010001
0001000100010001
0001000100010001
0001000100010001
0001000100010001
0001000100010001
0001000100010001
0001000100010001
0001000100010001
0001000100010001
0001000100010001
0001000100010001
0001000100010001
0001000100010001
0001000100010001
0001000100010001
0001000100010001
0001000100010001
0001000100010001
0001000100010001
0001000100010001
0001000100010001
0001000100010001
0001000100010001
0001000100010001
0001000100010001
0001000100010001
0001000100010001
0001000100010001
0001000100010001
0001000100010001
0001000100010001
0001000100010001
0001000100010001
0001000100010001
0001000100010001
0001000100010001
0001000100010001
0001000100010001
0001000100010001
0001000100010001
0001000100010001
0001000100010001
0001000100010001
0001000100010001
0001000100010001
0001000100010001
0001000100010001
0001000100010001
0001000100010001
0001000100010001
0001000100010001
0001000100010001
0001000100010001
0001000100010001
0001000100010001
0001000100010001
0001000100010001
0001000100010001
0001000100010001
0001000100010001
0001000100010001
0001000100010001
0001000100010001
0001000100010001
0001000100010001
0001000100010001
0001000100010001
0001000100010001
0001000100010001
0001000100010001
0001000100010001
0001000100010001
0001000100010001
0001000100010001
0001000100010001
0001000100010001
0001000100010001
0001000100010001
0001000100010001
0001000100010001
0001000100010001
0001000100010001
0001000100010001
0001000100010001
0001000100010001
0001000100010001
0001000100010001
0001000100010001
0001000100010001
0001000100010001
0001000100010001
0001000100010001
0001000100010001
0001000100010001
0001000100010001
0001000100010001
0001000100010001
0001000100010001
0001000100010001
0001000100010001
0001000100010001
0001000100010001
0001000100010001
0001000100010001
0001000100010001
0001000100010001
0001000100010001
0001000100010001
0001000100010001
0001000100010001
0001000100010001
0001000100010001
0001000100010001
0001000100010001
0001000100010001
0001000100010001
0001000100010001
0001000100010001
0001000100010001
0001000100010001
0001000100010001
0001000100010001
0001000100010001
0001000100010001
0001000100010001
0001000100010001
0001000100010001
0001000100010001
0001000100010001
0001000100010001
0001000100010001
0001000100010001
0001000100010001
0001000100010001
0001000100010001
0001000100010001
0001000100010001
0001000100010001
0001000100010001
0001000100010001
0001000100010001
0001000100010001
0001000100010001
0001000100010001
0001000100010001
0001000100010001
0001000100010001
0001000100010001
0001000100010001
0001000100010001
0001000100010001
0001000100010001
0001000100010001
0001000100010001
0001000100010001
0001000100010001
0001000100010001
0001000100010001
0001000100010001
0001000100010001
0001000100010001
0001000100010001
0001000100010001
0001000100010001
0001000100010001
0001000100010001
0001000100010001
0001000100010001
0001000100010001
0001000100010001
0001000100010001
0001000100010001
0001000100010001
0001000100010001
0001000100010001
0001000100010001
0001000100010001
0001000100010001
0001000100010001
0001000100010001
0001000100010001
0001000100010001
0001000100010001
0001000100010001
0001000100010001
0001000100010001
0001000100010001
0001000100010001
0001000100010001
0001000100010001
0001000100010001
0001000100010001
0001000100010001
0001000100010001
0001000100010001
0001000100010001
0001000100010001
0001000100010001
0001000100010001
0001000100010001
0001000100010001
0001000100010001
0001000100010001
0001000100010001
0001000100010001
0001000100010001
0001000100010001
0001000100010001
0001000100010001
0001000100010001
0001000100010001
0001000100010001
0001000100010001
0001000100010001
0001000100010001
0001000100010001
0001000100010001
0001000100010001
0001000100010001
0001000100010001
0001000100010001
0001000100010001
0001000100010001
0001000100010001
0001000100010001
0001000100010001
0001000100010001
0001000100010001
0001000100010001
0001000100010001
0001000100010001
0001000100010001
0001000100010001
0001000100010001
0001000100010001
0001000100010001
0001000100010001
0001000100010001
0001000100010001
0001000100010001
0001000100010001
0001000100010001
0001000100010001
0001000100010001
0001000100010001
0001000100010001
0001000100010001
0001000100010001
0001000100010001
0001000100010001
0001000100010001
0001000100010001
0001000100010001
0001000100010001
0001000100010001
0001000100010001
0001000100010001
0001000100010001
0001000100010001
0001000100010001
0001000100010001
0001000100010001
0001000100010001
0001000100010001
0001000100010001
0001000100010001
0001000100010001
0001000100010001
0001000100010001
0001000100010001
0001000100010001
0001000100010001
0001000100010001
0001000100010001
0001000100010001
0001000100010001
0001000100010001
0001000100010001
0001000100010001
0001000100010001
0001000100010001
0001000100010001
0001000100010001
0001000100010001
0001000100010001
0001000100010001
0001000100010001
0001000100010001
0001000100010001
0001000100010001
0001000100010001
0001000100010001
0001000100010001
0001000100010001
0001000100010001
0001000100010001
0001000100010001
0001000100010001
0001000100010001
0001000100010001
0001000100010001
0001000100010001
0001000100010001
0001000100010001
0001000100010001
0001000100010001
0001000100010001
0001000100010001
0001000100010001
0001000100010001
0001000100010001
0001000100010001
0001000100010001
0001000100010001
0001000100010001
0001000100010001
0001000100010001
0001000100010001
0001000100010001
0001000100010001
0001000100010001
0001000100010001
0001000100010001
0001000100010001
0001000100010001
0001000100010001
0001000100010001
0001000100010001
0001000100010001
0001000100010001
0001000100010001
0001000100010001
0001000100010001
0001000100010001
0001000100010001
0001000100010001
0001000100010001
0001000100010001
0001000100010001
0001000100010001
0001000100010001
0001000100010001
0001000100010001
0001000100010001
0001000100010001
0001000100010001
0001000100010001
0001000100010001
0001000100010001
0001000100010001
0001000100010001
0001000100010001
0001000100010001
0001000100010001
0001000100010001
0001000100010001
0001000100010001
0001000100010001
0001000100010001
0001000100010001
0001000100010001
0001000100010001
0001000100010001
0001000100010001
0001000100010001
0001000100010001
0001000100010001
0001000100010001
0001000100010001
0001000100010001
0001000100010001
0001000100010001
0001000100010001
0001000100010001
0001000100010001
0001000100010001
0001000100010001
0001000100010001
0001000100010001
0001000100010001
0001000100010001
0001000100010001
0001000100010001
0001000100010001
0001000100010001
0001000100010001
0001000100010001
0001000100010001
0001000100010001
0001000100010001
0001000100010001
0001000100010001
0001000100010001
0001000100010001
0001000100010001
0001000100010001
0001000100010001
0001000100010001
0001000100010001
0001000100010001
0001000100010001
0001000100010001
0001000100010001
0001000100010001
0001000100010001
0001000100010001
0001000100010001
0001000100010001
0001000100010001
0001000100010001
0001000100010001
0001000100010001
0001000100010001
0001000100010001
0001000100010001
0001000100010001
0001000100010001
0001000100010001
0001000100010001
0001000100010001
0001000100010001
0001000100010001
0001000100010001
0001000100010001
0001000100010001
0001000100010001
0001000100010001
0001000100010001
0001000100010001
0001000100010001
0001000100010001
0001000100010001
0001000100010001
0001000100010001
0001000100010001
0001000100010001
0001000100010001
0001000100010001
0001000100010001
0001000100010001
0001000100010001
0001000100010001
0001000100010001
0001000100010001
0001000100010001
0001000100010001
0001000100010001
0001000100010001
0001000100010001
0001000100010001
0001000100010001
0001000100010001
0001000100010001
0001000100010001
0001000100010001
0001000100010001
0001000100010001
0001000100010001
0001000100010001
0001000100010001
0001000100010001
0001000100010001
0001000100010001
0001000100010001
0001000100010001
0001000100010001
0001000100010001
0001000100010001
0001000100010001
0001000100010001
0001000100010001
0001000100010001
0001000100010001
0001000100010001
0001000100010001
0001000100010001
0001000100010001
0001000100010001
0001000100010001
0001000100010001
0001000100010001
0001000100010001
0001000100010001
0001000100010001
0001000100010001
0001000100010001
0001000100010001
0001000100010001
0001000100010001
0001000100010001
0001000100010001
0001000100010001
0001000100010001
0001000100010001
0001000100010001
0001000100010001
0001000100010001
0001000100010001
0001000100010001
0001000100010001
0001000100010001
0001000100010001
0001000100010001
0001000100010001
0001000100010001
0001000100010001
0001000100010001
0001000100010001
0001000100010001
0001000100010001
0001000100010001
0001000100010001
0001000100010001
0001000100010001
0001000100010001
0001000100010001
0001000100010001
0001000100010001
0001000100010001
0001000100010001
0001000100010001
0001000100010001
0001000100010001
0001000100010001
0001000100010001
0001000100010001
0001000100010001
0001000100010001
0001000100010001
0001000100010001
0001000100010001
0001000100010001
0001000100010001
0001000100010001
0001000100010001
0001000100010001
0001000100010001
0001000100010001
0001000100010001
0001000100010001
0001000100010001
0001000100010001
0001000100010001
0001000100010001
0001000100010001
0001000100010001
0001000100010001
0001000100010001
0001000100010001
0001000100010001
0001000100010001
0001000100010001
0001000100010001
0001000100010001
0001000100010001
0001000100010001
0001000100010001
0001000100010001
0001000100010001
0001000100010001
0001000100010001
0001000100010001
0001000100010001
0001000100010001
0001000100010001
0001000100010001
0001000100010001
0001000100010001
0001000100010001
0001000100010001
0001000100010001
0001000100010001
0001000100010001
0001000100010001
0001000100010001
0001000100010001
0001000100010001
0001000100010001
0001000100010001
0001000100010001
0001000100010001
0001000100010001
0001000100010001
0001000100010001
0001000100010001
0001000100010001
0001000100010001
0001000100010001
0001000100010001
0001000100010001
0001000100010001
0001000100010001
0001000100010001
0001000100010001
0001000100010001
0001000100010001
0001000100010001
0001000100010001
0001000100010001
0001000100010001
0001000100010001
0001000100010001
0001000100010001
0001000100010001
0001000100010001
0001000100010001
0001000100010001
0001000100010001
0001000100010001
0001000100010001
0001000100010001
0001000100010001
0001000100010001
0001000100010001
0001000100010001
0001000100010001
0001000100010001
0001000100010001
0001000100010001
0001000100010001
0001000100010001
0001000100010001
0001000100010001
0001000100010001
0001000100010001
0001000100010001
0001000100010001
0001000100010001
0001000100010001
0001000100010001
0001000100010001
0001000100010001
0001000100010001
0001000100010001
0001000100010001
0001000100010001
0001000100010001
0001000100010001
0001000100010001
0001000100010001
0001000100010001
0001000100010001
0001000100010001
0001000100010001
0001000100010001
0001000100010001
0001000100010001
0001000100010001
0001000100010001
0001000100010001
0001000100010001
0001000100010001
0001000100010001
0001000100010001
0001000100010001
0001000100010001
0001000100010001
0001000100010001
0001000100010001
0001000100010001
0001000100010001
0001000100010001
0001000100010001
0001000100010001
0001000100010001
0001000100010001
0001000100010001
0001000100010001
0001000100010001
0001000100010001
0001000100010001
0001000100010001
0001000100010001
0001000100010001
0001000100010001
0001000100010001
0001000100010001
0001000100010001
0001000100010001
0001000100010001
0001000100010001
0001000100010001
0001000100010001
0001000100010001
0001000100010001
0001000100010001
0001000100010001
0001000100010001
0001000100010001
0001000100010001
0001000100010001
0001000100010001
0001000100010001
0001000100010001
0001000100010001
0001000100010001
0001000100010001
0001000100010001
0001000100010001
0001000100010001
0001000100010001
0001000100010001
0001000100010001
0001000100010001
0001000100010001
0001000100010001
0001000100010001
0001000100010001
0001000100010001
0001000100010001
0001000100010001
0001000100010001
0001000100010001
0001000100010001
0001000100010001
0001000100010001
0001000100010001
0001000100010001
0001000100010001
0001000100010001
0001000100010001
0001000100010001
0001000100010001
0001000100010001
0001000100010001
0001000100010001
0001000100010001
0001000100010001
0001000100010001
0001000100010001
0001000100010001
0001000100010001
0001000100010001
0001000100010001
0001000100010001
0001000100010001
0001000100010001
0001000100010001
0001000100010001
0001000100010001
0001000100010001
0001000100010001
0001000100010001
0001000100010001
0001000100010001
0001000100010001
0001000100010001
0001000100010001
0001000100010001
0001000100010001
0001000100010001
0001000100010001
0001000100010001
0001000100010001
0001000100010001
0001000100010001
0001000100010001
0001000100010001
0001000100010001
0001000100010001
0001000100010001
0001000100010001
0001000100010001
0001000100010001
0001000100010001
0001000100010001
0001000100010001
0001000100010001
0001000100010001
0001000100010001
0001000100010001
0001000100010001
0001000100010001
0001000100010001
0001000100010001
0001000100010001
0001000100010001
0001000100010001
0001000100010001
0001000100010001
0001000100010001
0001000100010001
0001000100010001
0001000100010001
0001000100010001
0001000100010001
0001000100010001
0001000100010001
0001000100010001
0001000100010001
0001000100010001
0001000100010001
0001000100010001
0001000100010001
0001000100010001
0001000100010001
0001000100010001
0001000100010001
0001000100010001
0001000100010001
0001000100010001
0001000100010001
0001000100010001
0001000100010001
0001000100010001
0001000100010001
0001000100010001
0001000100010001
0001000100010001
0001000100010001
0001000100010001
0001000100010001
0001000100010001
0001000100010001
0001000100010001
0001000100010001
0001000100010001
0001000100010001
0001000100010001
0001000100010001
0001000100010001
0001000100010001
0001000100010001
0001000100010001
0001000100010001
0001000100010001
0001000100010001
0001000100010001
0001000100010001
0001000100010001
0001000100010001
0001000100010001
0001000100010001
0001000100010001
0001000100010001
0001000100010001
0001000100010001
0001000100010001
0001000100010001
0001000100010001
0001000100010001
0001000100010001
0001000100010001
0001000100010001
0001000100010001
0001000100010001
0001000100010001
0001000100010001
0001000100010001
0001000100010001
0001000100010001
0001000100010001
0001000100010001
0001000100010001
0001000100010001
0001000100010001
0001000100010001
0001000100010001
0001000100010001
0001000100010001
0001000100010001
0001000100010001
0001000100010001
0001000100010001
0001000100010001
0001000100010001
0001000100010001
0001000100010001
0001000100010001
0001000100010001
0001000100010001
0001000100010001
0001000100010001
0001000100010001
0001000100010001
0001000100010001
0001000100010001
0001000100010001
0001000100010001
0001000100010001
0001000100010001
0001000100010001
0001000100010001
0001000100010001
0001000100010001
0001000100010001
0001000100010001
0001000100010001
0001000100010001
0001000100010001
0001000100010001
0001000100010001
0001000100010001
0001000100010001
0001000100010001
0001000100010001
0001000100010001
0001000100010001
0001000100010001
0001000100010001
0001000100010001
0001000100010001
0001000100010001
0001000100010001
0001000100010001
0001000100010001
0001000100010001
0001000100010001
0001000100010001
0001000100010001
0001000100010001
0001000100010001
0001000100010001
0001000100010001
0001000100010001
0001000100010001
0001000100010001
0001000100010001
0001000100010001
0001000100010001
0001000100010001
0001000100010001
0001000100010001
0001000100010001
0001000100010001
0001000100010001
0001000100010001
0001000100010001
0001000100010001
0001000100010001
0001000100010001
0001000100010001
0001000100010001
0001000100010001
0001000100010001
0001000100010001
0001000100010001
0001000100010001
0001000100010001
0001000100010001
0001000100010001
0001000100010001
0001000100010001
0001000100010001
0001000100010001
0001000100010001
0001000100010001
0001000100010001
0001000100010001
0001000100010001
0001000100010001
0001000100010001
0001000100010001
0001000100010001
0001000100010001
0001000100010001
0001000100010001
0001000100010001
0001000100010001
0001000100010001
0001000100010001
0001000100010001
0001000100010001
0001000100010001
0001000100010001
0001000100010001
0001000100010001
0001000100010001
0001000100010001
0001000100010001
0001000100010001
0001000100010001
0001000100010001
0001000100010001
0001000100010001
0001000100010001
0001000100010001
0001000100010001
0001000100010001
0001000100010001
0001000100010001
0001000100010001
0001000100010001
0001000100010001
0001000100010001
0001000100010001
0001000100010001
0001000100010001
0001000100010001
0001000100010001
0001000100010001
0001000100010001
0001000100010001
0001000100010001
0001000100010001
0001000100010001
0001000100010001
0001000100010001
0001000100010001
0001000100010001
0001000100010001
0001000100010001
0001000100010001
0001000100010001
0001000100010001
0001000100010001
0001000100010001
0001000100010001
0001000100010001
0001000100010001
0001000100010001
0001000100010001
0001000100010001
0001000100010001
0001000100010001
0001000100010001
0001000100010001
0001000100010001
0001000100010001
0001000100010001
0001000100010001
0001000100010001
0001000100010001
0001000100010001
0001000100010001
0001000100010001
0001000100010001
0001000100010001
0001000100010001
0001000100010001
0001000100010001
0001000100010001
0001000100010001
0001000100010001
0001000100010001
0001000100010001
0001000100010001
0001000100010001
0001000100010001
0001000100010001
0001000100010001
0001000100010001
0001000100010001
0001000100010001
0001000100010001
0001000100010001
0001000100010001
0001000100010001
0001000100010001
0001000100010001
0001000100010001
0001000100010001
0001000100010001
0001000100010001
0001000100010001
0001000100010001
0001000100010001
0001000100010001
0001000100010001
0001000100010001
0001000100010001
0001000100010001
0001000100010001
0001000100010001
0001000100010001
0001000100010001
0001000100010001
0001000100010001
0001000100010001
0001000100010001
0001000100010001
0001000100010001
0001000100010001
0001000100010001
0001000100010001
0001000100010001
0001000100010001
0001000100010001
0001000100010001
0001000100010001
0001000100010001
0001000100010001
0001000100010001
0001000100010001
0001000100010001
0001000100010001
0001000100010001
0001000100010001
0001000100010001
0001000100010001
0001000100010001
0001000100010001
0001000100010001
0001000100010001
0001000100010001
0001000100010001
0001000100010001
0001000100010001
0001000100010001
0001000100010001
0001000100010001
0001000100010001
0001000100010001
0001000100010001
0001000100010001
0001000100010001
0001000100010001
0001000100010001
0001000100010001
0001000100010001
0001000100010001
0001000100010001
0001000100010001
0001000100010001
0001000100010001
0001000100010001
0001000100010001
0001000100010001
0001000100010001
0001000100010001
0001000100010001
0001000100010001
0001000100010001
0001000100010001
0001000100010001
0001000100010001
0001000100010001
0001000100010001
0001000100010001
0001000100010001
0001000100010001
0001000100010001
0001000100010001
0001000100010001
0001000100010001
0001000100010001
0001000100010001
0001000100010001
0001000100010001
0001000100010001
0001000100010001
0001000100010001
0001000100010001
0001000100010001
0001000100010001
0001000100010001
0001000100010001
0001000100010001
0001000100010001
0001000100010001
0001000100010001
0001000100010001
0001000100010001
0001000100010001
0001000100010001
0001000100010001
0001000100010001
0001000100010001
0001000100010001
0001000100010001
0001000100010001
0001000100010001
0001000100010001
0001000100010001
0001000100010001
0001000100010001
0001000100010001
0001000100010001
0001000100010001
0001000100010001
0001000100010001
0001000100010001
0001000100010001
0001000100010001
0001000100010001
0001000100010001
0001000100010001
0001000100010001
0001000100010001
0001000100010001
0001000100010001
0001000100010001
0001000100010001
0001000100010001
0001000100010001
0001000100010001
0001000100010001
0001000100010001
0001000100010001
0001000100010001
0001000100010001
0001000100010001
0001000100010001
0001000100010001
0001000100010001
0001000100010001
0001000100010001
0001000100010001
0001000100010001
0001000100010001
0001000100010001
0001000100010001
0001000100010001
0001000100010001
0001000100010001
0001000100010001
0001000100010001
0001000100010001
0001000100010001
0001000100010001
0001000100010001
0001000100010001
0001000100010001
0001000100010001
0001000100010001
0001000100010001
0001000100010001
0001000100010001
0001000100010001
0001000100010001
0001000100010001
0001000100010001
0001000100010001
0001000100010001
0001000100010001
0001000100010001
0001000100010001
0001000100010001
0001000100010001
0001000100010001
0001000100010001
0001000100010001
0001000100010001
0001000100010001
0001000100010001
0001000100010001
0001000100010001
0001000100010001
0001000100010001
0001000100010001
0001000100010001
0001000100010001
0001000100010001
0001000100010001
0001000100010001
0001000100010001
0001000100010001
0001000100010001
0001000100010001
0001000100010001
0001000100010001
0001000100010001
0001000100010001
0001000100010001
0001000100010001
0001000100010001
0001000100010001
0001000100010001
0001000100010001
0001000100010001
0001000100010001
0001000100010001
0001000100010001
0001000100010001
0001000100010001
0001000100010001
0001000100010001
0001000100010001
0001000100010001
0001000100010001
0001000100010001
0001000100010001
0001000100010001
0001000100010001
0001000100010001
0001000100010001
0001000100010001
0001000100010001
0001000100010001
0001000100010001
0001000100010001
0001000100010001
0001000100010001
0001000100010001
0001000100010001
0001000100010001
0001000100010001
0001000100010001
0001000100010001
0001000100010001
0001000100010001
0001000100010001
0001000100010001
0001000100010001
0001000100010001
0001000100010001
0001000100010001
0001000100010001
0001000100010001
0001000100010001
0001000100010001
0001000100010001
0001000100010001
0001000100010001
0001000100010001
0001000100010001
0001000100010001
0001000100010001
0001000100010001
0001000100010001
0001000100010001
0001000100010001
0001000100010001
0001000100010001
0001000100010001
0001000100010001
0001000100010001
0001000100010001
0001000100010001
0001000100010001
0001000100010001
0001000100010001
0001000100010001
0001000100010001
0001000100010001
0001000100010001
0001000100010001
0001000100010001
0001000100010001
0001000100010001
0001000100010001
0001000100010001
0001000100010001
0001000100010001
0001000100010001
0001000100010001
0001000100010001
0001000100010001
0001000100010001
0001000100010001
0001000100010001
0001000100010001
0001000100010001
0001000100010001
0001000100010001
0001000100010001
0001000100010001
0001000100010001
0001000100010001
0001000100010001
0001000100010001
0001000100010001
0001000100010001
0001000100010001
0001000100010001
0001000100010001
0001000100010001
0001000100010001
0001000100010001
0001000100010001
0001000100010001
0001000100010001
0001000100010001
0001000100010001
0001000100010001
0001000100010001
0001000100010001
0001000100010001
0001000100010001
0001000100010001
0001000100010001
0001000100010001
0001000100010001
0001000100010001
0001000100010001
0001000100010001
0001000100010001
0001000100010001
0001000100010001
0001000100010001
0001000100010001
0001000100010001
0001000100010001
0001000100010001
0001000100010001
0001000100010001
0001000100010001
0001000100010001
0001000100010001
0001000100010001
0001000100010001
0001000100010001
0001000100010001
0001000100010001
0001000100010001
0001000100010001
0001000100010001
0001000100010001
0001000100010001
0001000100010001
0001000100010001
0001000100010001
0001000100010001
0001000100010001
0001000100010001
0001000100010001
0001000100010001
0001000100010001
0001000100010001
0001000100010001
0001000100010001
0001000100010001
0001000100010001
0001000100010001
0001000100010001
0001000100010001
0001000100010001
0001000100010001
0001000100010001
0001000100010001
0001000100010001
0001000100010001
0001000100010001
0001000100010001
0001000100010001
0001000100010001
0001000100010001
0001000100010001
0001000100010001
0001000100010001
0001000100010001
0001000100010001
0001000100010001
0001000100010001
0001000100010001
0001000100010001
0001000100010001
0001000100010001
0001000100010001
0001000100010001
0001000100010001
0001000100010001
0001000100010001
0001000100010001
0001000100010001
0001000100010001
0001000100010001
0001000100010001
0001000100010001
0001000100010001
0001000100010001
0001000100010001
0001000100010001
0001000100010001
0001000100010001
0001000100010001
0001000100010001
0001000100010001
0001000100010001
0001000100010001
0001000100010001
0001000100010001
0001000100010001
0001000100010001
0001000100010001
0001000100010001
0001000100010001
0001000100010001
0001000100010001
0001000100010001
0001000100010001
0001000100010001
0001000100010001
0001000100010001
0001000100010001
0001000100010001
0001000100010001
0001000100010001
0001000100010001
0001000100010001
0001000100010001
0001000100010001
0001000100010001
0001000100010001
0001000100010001
0001000100010001
0001000100010001
0001000100010001
0001000100010001
0001000100010001
0001000100010001
0001000100010001
0001000100010001
0001000100010001
0001000100010001
0001000100010001
0001000100010001
0001000100010001
0001000100010001
0001000100010001
0001000100010001
0001000100010001
0001000100010001
0001000100010001
0001000100010001
0001000100010001
0001000100010001
0001000100010001
0001000100010001
0001000100010001
0001000100010001
0001000100010001
0001000100010001
0001000100010001
0001000100010001
0001000100010001
0001000100010001
0001000100010001
0001000100010001
0001000100010001
0001000100010001
0001000100010001
0001000100010001
0001000100010001
0001000100010001
0001000100010001
0001000100010001
0001000100010001
0001000100010001
0001000100010001
0001000100010001
0001000100010001
0001000100010001
0001000100010001
0001000100010001
0001000100010001
0001000100010001
0001000100010001
0001000100010001
0001000100010001
0001000100010001
0001000100010001
0001000100010001
0001000100010001
0001000100010001
0001000100010001
0001000100010001
0001000100010001
0001000100010001
0001000100010001
0001000100010001
0001000100010001
0001000100010001
0001000100010001
0001000100010001
0001000100010001
0001000100010001
0001000100010001
0001000100010001
0001000100010001
0001000100010001
0001000100010001
0001000100010001
0001000100010001
0001000100010001
0001000100010001
0001000100010001
0001000100010001
0001000100010001
0001000100010001
0001000100010001
0001000100010001
0001000100010001
0001000100010001
0001000100010001
0001000100010001
0001000100010001
0001000100010001
0001000100010001
0001000100010001
0001000100010001
0001000100010001
0001000100010001
0001000100010001
0001000100010001
0001000100010001
0001000100010001
0001000100010001
0001000100010001
0001000100010001
0001000100010001
0001000100010001
0001000100010001
0001000100010001
0001000100010001
0001000100010001
0001000100010001
0001000100010001
0001000100010001
0001000100010001
0001000100010001
0001000100010001
0001000100010001
0001000100010001
0001000100010001
0001000100010001
0001000100010001
0001000100010001
0001000100010001
0001000100010001
0001000100010001
0001000100010001
0001000100010001
0001000100010001
0001000100010001
0001000100010001
0001000100010001
0001000100010001
0001000100010001
0001000100010001
0001000100010001
0001000100010001
0001000100010001
0001000100010001
0001000100010001
0001000100010001
0001000100010001
0001000100010001
0001000100010001
0001000100010001
0001000100010001
0001000100010001
0001000100010001
0001000100010001
0001000100010001
0001000100010001
0001000100010001
0001000100010001
0001000100010001
0001000100010001
0001000100010001
0001000100010001
0001000100010001
0001000100010001
0001000100010001
0001000100010001
0001000100010001
0001000100010001
0001000100010001
0001000100010001
0001000100010001
0001000100010001
0001000100010001
0001000100010001
0001000100010001
0001000100010001
0001000100010001
0001000100010001
0001000100010001
0001000100010001
0001000100010001
0001000100010001
0001000100010001
0001000100010001
0001000100010001
0001000100010001
0001000100010001
0001000100010001
0001000100010001
0001000100010001
0001000100010001
0001000100010001
0001000100010001
0001000100010001
0001000100010001
0001000100010001
0001000100010001
0001000100010001
0001000100010001
0555066600010001
0666066606660666
0767066706670667
0777077707770777
0777077707770777
0001000108880888
0001000100010001
0001000100010001
0001000100010001
0001000100010001
0001000100010001
0001000100010001
0001000100010001
0001000100010001
0001000100010001
0001000100010001
0001000100010001
0001000100010001
0001000100010001
0001000100010001
0001000100010001
0001000100010001
0001000100010001
0001000100010001
0001000100010001
0001000100010001
0001000100010001
0001000100010001
0001000100010001
0001000100010001
0001000100010001
0001000100010001
0001000100010001
0001000100010001
0001000100010001
0001000100010001
0001000100010001
0001000100010001
0001000100010001
0001000100010001
0001000100010001
0001000100010001
0001000100010001
0001000100010001
0001000100010001
0001000100010001
0001000100010001
0001000100010001
0001000100010001
0001000100010001
0001000100010001
0001000100010001
0001000100010001
0001000100010001
0001000100010001
0001000100010001
0001000100010001
0001000100010001
0001000100010001
0001000100010001
0001000100010001
0001000100010001
0001000100010001
0001000100010001
0001000100010001
0001000100010001
0001000100010001
0001000100010001
0001000100010001
0001000100010001
0001000100010001
0001000100010001
0001000100010001
0001000100010001
0001000100010001
0001000100010001
0001000100010001
0001000100010001
0001000100010001
0001000100010001
0001000100010001
0001000100010001
0001000100010001
0001000100010001
0001000100010001
0001000100010001
0001000100010001
0001000100010001
0001000100010001
0001000100010001
0001000100010001
0001000100010001
0001000100010001
0001000100010001
0001000100010001
0001000100010001
0001000100010001
0001000100010001
0001000100010001
0001000100010001
0001000100010001
0001000100010001
0001000100010001
0001000100010001
0001000100010001
0001000100010001
0001000100010001
0001000100010001
0001000100010001
0001000100010001
0001000100010001
0001000100010001
0001000100010001
0001000100010001
0001000100010001
0001000100010001
0001000100010001
0001000100010001
0001000100010001
0001000100010001
0001000100010001
0001000100010001
0001000100010001
0001000100010001
0001000100010001
0001000100010001
0001000100010001
0001000100010001
0001000100010001
0001000100010001
0001000100010001
0001000100010001
0001000100010001
0001000100010001
0001000100010001
0001000100010001
0001000100010001
0001000100010001
0001000100010001
0001000100010001
0001000100010001
0001000100010001
0001000100010001
0001000100010001
0001000100010001
0001000100010001
0001000100010001
0001000100010001
0001000100010001
0001000100010001
0001000100010001
0001000100010001
0777088800010001
0555055505550666
0555055505550555
0555055505550555
0444044505550555
00010CCC04440444
0001000100010001
0001000100010001
0777066605550001
0666066607770777
0666066606660666
0777077707770777
0555044408880777
0777044403330555
0001000100010001
0001000100010001
0001000100010001
0001000100010001
0001000100010001
0001000100010001
0001000100010001
0001000100010001
0001000100010001
0001000100010001
0001000100010001
0001000100010001
0001000100010001
0001000100010001
0001000100010001
0001000100010001
0001000100010001
0001000100010001
0001000100010001
0001000100010001
0001000100010001
0001000100010001
0001000100010001
0001000100010001
0001000100010001
0001000100010001
0001000100010001
0001000100010001
0001000100010001
0001000100010001
0001000100010001
0001000100010001
0001000100010001
0001000100010001
0001000100010001
0001000100010001
0001000100010001
0001000100010001
0001000100010001
0001000100010001
0001000100010001
0001000100010001
0001000100010001
0001000100010001
0001000100010001
0001000100010001
0001000100010001
0001000100010001
0001000100010001
0001000100010001
0001000100010001
0001000100010001
0001000100010001
0001000100010001
0001000100010001
0001000100010001
0001000100010001
0001000100010001
0001000100010001
0001000100010001
0001000100010001
0001000100010001
0001000100010001
0001000100010001
0001000100010001
0001000100010001
0001000100010001
0001000100010001
0001000100010001
0001000100010001
0001000100010001
0001000100010001
0001000100010001
0001000100010001
0001000100010001
0001000100010001
0001000100010001
0001000100010001
0001000100010001
0001000100010001
0001000100010001
0001000100010001
0001000100010001
0001000100010001
0001000100010001
0001000100010001
0001000100010001
0001000100010001
0001000100010001
0001000100010001
0001000100010001
0001000100010001
0001000100010001
0001000100010001
0001000100010001
0001000100010001
0001000100010001
0001000100010001
0001000100010001
0001000100010001
0001000100010001
0001000100010001
0001000100010001
0001000100010001
0001000100010001
0001000100010001
0001000100010001
0001000100010001
0001000100010001
0001000100010001
0001000100010001
0001000100010001
0001000100010001
0001000100010001
0001000100010001
0001000100010001
0001000100010001
0001000100010001
0001000100010001
0001000100010001
0001000100010001
0001000100010001
0001000100010001
0001000100010001
0001000100010001
0001000100010001
0001000100010001
0001000100010001
0001000100010001
0001000100010001
0001000100010001
0001000100010001
0001000100010001
0001000100010001
0001000100010001
0001000100010001
0001000100010001
0001000100010001
0001000100010001
0001000100010001
0001000100010001
0001000100010001
0001000100010001
0001000100010001
0001000100010001
0001000100010001
0555033303330666
0555066604440334
0555055505550555
0555055505550555
0444044405550555
0001044404440444
0001000100010001
0001000100010001
0333055505550001
0444044406660666
0555044504450444
0444055504440555
0555022205450555
0444044403330555
0001000100010555
0001000100010001
0001000100010001
0001000100010001
0001000100010001
0001000100010001
0001000100010001
0001000100010001
0001000100010001
0001000100010001
0001000100010001
0001000100010001
0001000100010001
0001000100010001
0001000100010001
0001000100010001
0001000100010001
0001000100010001
0001000100010001
0001000100010001
0001000100010001
0001000100010001
0001000100010001
0001000100010001
0001000100010001
0001000100010001
0001000100010001
0001000100010001
0001000100010001
0001000100010001
0001000100010001
0001000100010001
0001000100010001
0001000100010001
0001000100010001
0001000100010001
0001000100010001
0001000100010001
0001000100010001
0001000100010001
0001000100010001
0001000100010001
0001000100010001
0001000100010001
0001000100010001
0001000100010001
0001000100010001
0001000100010001
0001000100010001
0001000100010001
0001000100010001
0001000100010001
0001000100010001
0001000100010001
0001000100010001
0001000100010001
0001000100010001
0001000100010001
0001000100010001
0001000100010001
0001000100010001
0001000100010001
0001000100010001
0001000100010001
0001000100010001
0001000100010001
0001000100010001
0001000100010001
0001000100010001
0001000100010001
0001000100010001
0001000100010001
0001000100010001
0001000100010001
0001000100010001
0001000100010001
0001000100010001
0001000100010001
0001000100010001
0001000100010001
0001000100010001
0001000100010001
0001000100010001
0001000100010001
0001000100010001
0001000100010001
0001000100010001
0001000100010001
0001000100010001
0001000100010001
0001000100010001
0001000100010001
0001000100010001
0001000100010001
0001000100010001
0001000100010001
0001000100010001
0001000100010001
0001000100010001
0001000100010001
0001000100010001
0001000100010001
0001000100010001
0001000100010001
0001000100010001
0001000100010001
0001000100010001
0001000100010001
0001000100010001
0001000100010001
0001000100010001
0001000100010001
0001000100010001
0001000100010001
0001000100010001
0001000100010001
0001000100010001
0001000100010001
0001000100010001
0001000100010001
0001000100010001
0001000100010001
0001000100010001
0001000100010001
0001000100010001
0001000100010001
0001000100010001
0001000100010001
0001000100010001
0001000100010001
0001000100010001
0001000100010001
0001000100010001
0001000100010001
0001000100010001
0001000100010001
0001000100010001
0001000100010001
0001000100010001
0001000100010001
0001000100010001
0001000100010001
0001000100010001
0001000100010001
0001000100010001
0333000100010001
0555033303330333
0444044402220334
0444044404440444
0444044404440444
0676043304440444
0001044404440444
0001000100010001
0001000100010001
0999066605550001
0444044406660555
0445054504450444
099909990AAA0555
0444011104440434
0444044403330555
0001000100010444
0001000100010001
0001000100010001
0001000100010001
0001000100010001
0001000100010001
0001000100010001
0001000100010001
0001000100010001
0001000100010001
0001000100010001
0001000100010001
0001000100010001
0001000100010001
0001000100010001
0001000100010001
0001000100010001
0001000100010001
0001000100010001
0001000100010001
0001000100010001
0001000100010001
0001000100010001
0001000100010001
0001000100010001
0001000100010001
0001000100010001
0001000100010001
0001000100010001
0001000100010001
0001000100010001
0001000100010001
0001000100010001
0001000100010001
0888088808880888
0888088808880888
0888088808880888
0888088808880888
0777088808880888
0001000100010001
0001000100010001
0001000100010001
0001000100010001
0001000100010001
0001000100010001
0001000100010001
0001000100010001
0001000100010001
0001000100010001
0001000100010001
0001000100010001
0001000100010001
0001000100010001
0001000100010001
0001000100010001
0001000100010001
0001000100010001
0001000100010001
0001000100010001
0001000100010001
0001000100010001
0001000100010001
0001000100010001
0001000100010001
0001000100010001
0001000100010001
0001000100010001
0001000100010001
0001000100010001
0001000100010001
0001000100010001
0001000100010001
0001000100010001
0001000100010001
0001000100010001
0001000100010001
0001000100010001
0001000100010001
0001000100010001
0001000100010001
0001000100010001
0001000100010001
0001000100010001
0001000100010001
0001000100010001
0001000100010001
0001000100010001
0001000100010001
0001000100010001
0001000100010001
0001000100010001
0001000100010001
0001000100010001
0001000100010001
0001000100010001
0001000100010001
0001000100010001
0001000100010001
0001000100010001
0001000100010001
0001000100010001
0001000100010001
0001000100010001
0001000100010001
0001000100010001
0001000100010001
0888088800010001
0888088808880888
0888088808880888
0999099908880888
0898099909990999
00010BBB09980999
0001000100010001
0001000100010001
0001000100010001
0001000100010001
0001000100010001
0001000100010001
0001000100010001
0001000100010001
0001000100010001
0001000100010001
0001000100010001
0001000100010001
0001000100010001
0001000100010001
0001000100010001
0001000100010001
0001000100010001
0001000100010001
0001000100010001
0001000100010001
0001000100010001
0001000100010001
0001000100010001
0001000100010001
0001000100010001
0001000100010001
0001000100010001
0001000100010001
0001000100010001
0001000100010001
0001000100010001
0001000100010001
0001000100010001
0333000100010001
0555033303330333
0334044402220444
0444077708880666
0444044404440444
0888066604440444
0001044404440444
0001000100010001
0001000100010001
0887066605550001
03330111033309A9
0445044505450444
0888044406660444
0444011104440222
0333033303330555
0001000100010444
0001000100010001
0001000100010001
0001000100010001
0001000100010001
0001000100010001
0001000100010001
0001000100010001
0001000100010001
0001000100010001
0001000100010001
0001000100010001
0001000100010001
0001000100010001
0001000100010001
0001000100010001
0001000100010001
0001000100010001
0001000100010001
0001000100010001
0001000100010001
0001000100010001
0001000100010001
0001000100010001
0001000100010001
0001000100010001
0001000100010001
0001000100010001
0001000100010001
0001000100010001
0001000100010001
0001000100010001
0001000100010001
0001000100010001
0000000000000000
0000000000000000
0000000000000000
0000000000000000
0111000000000000
0001000100010222
0001000100010001
0001000100010001
0001000100010001
0001000100010001
0001000100010001
0001000100010001
0001000100010001
0001000100010001
0001000100010001
0001000100010001
0001000100010001
0001000100010001
0001000100010001
0001000100010001
0001000100010001
0001000100010001
0001000100010001
0001000100010001
0001000100010001
0001000100010001
0001000100010001
0001000100010001
0001000100010001
0001000100010001
0001000100010001
0001000100010001
0001000100010001
0001000100010001
0001000100010001
0001000100010001
0001000100010001
0001000100010001
0001000100010001
0001000100010001
0001000100010001
0001000100010001
0001000100010001
0001000100010001
0001000100010001
0001000100010001
0001000100010001
0001000100010001
0001000100010001
0001000100010001
0001000100010001
0001000100010001
0001000100010001
0001000100010001
0001000100010001
0001000100010001
0001000100010001
0001000100010001
0001000100010001
0001000100010001
0001000100010001
0001000100010001
0001000100010001
0001000100010001
0001000100010001
0001000100010001
0001000100010001
0001000100010001
0001000100010001
0001000100010001
0001000100010001
0001000100010001
0000011100000001
0000000000000000
0000000000000000
0000000000000000
0000000000000000
0001077700000000
0001000100010001
0001000100010001
0001000100010001
0001000100010001
0001000100010001
0001000100010001
0001000100010001
0001000100010001
0001000100010001
0001000100010001
0001000100010001
0001000100010001
0001000100010001
0001000100010001
0001000100010001
0001000100010001
0001000100010001
0001000100010001
0001000100010001
0001000100010001
0001000100010001
0001000100010001
0001000100010001
0001000100010001
0001000100010001
0001000100010001
0001000100010001
0001000100010001
0001000100010001
0001000100010001
0001000100010001
0001000100010001
0001000100010001
0333000100010001
0555022303330333
0777033302220334
0444088803330001
0444044404440444
0888077701110333
0001033304440BBB
0001000100010001
0001000100010001
0444055605550001
0222011101110444
0445044404440444
0101088803340444
0444011104440111
0222022202220555
0001000108880334
0001000100010001
0001000100010001
0001000100010001
0001000100010001
0001000100010001
0001000100010001
0001000100010001
0001000100010001
0001000100010001
0001000100010001
0BBB0BBB0BBB0CCC
0001000100010BBB
0BBB0CCC00010001
0CCC0BBB0BBB0BBB
0001000100010001
00010CCC00010001
0001000100010001
0BBB0BBB0BBB0CCC
00010CCC0CCC0BBB
0001000100010001
0CCC0CCC0CCC0CCC
0BBB0BBB0CCC0CCC
0CCC0BBB0BBB0BBB
0CCC0CCC0CCC0CCC
0AAA0AAA0AAA0BBB
0BBB0BBB0BBB0BBB
0BBB0CCC0CCC0BBB
0BBB0BBB0BBB0BBB
0CCC0CCC0CCC0BBB
0BBB0BBB0CCC0CCC
0BBB0BBB0BBB0BBB
0BBB0CCC0CCC0BBB
044409990BBB0BBB
0000000000000000
0000000000000000
0000000000000000
0000000000000000
0222000000000000
0AAA0AAA05550222
0AAA0AAA0AAA0AAA
0BBB0AAA0AAA0AAA
0BBB0BBB0BBB0BBB
0999099909990AAA
0AAA0AAA0AAA0999
09990AAA0ABA0AAA
0999099909990999
0AAA0AAA0AAA0AAA
0999099909990AAA
0AAA0AAA09990999
0AAA0AAA0ABA0AAA
0999099909990999
0AAA0AAA0AAA0999
099909990AAA0AAA
0AAA099909990999
0AAA0AAA0AAA0AAA
0999099909990AAA
0BBB0BBB09990999
09A90BBB0BBB0BBB
0999099909990999
0BBB0BBB0BBB0999
089809990AAA0AAA
0AAA099909990899
0AAA0AAA0AAA0AAA
0999099909990AAA
0AAA0AAA09990999
0AAA0AAA0AAA0AAA
0999088808980999
0AAA099909990999
09A909AA0AAA0AAA
0888088808880999
0AAA099908880888
0AAA0AAA0AAA0AAA
0888088808880888
0AAA0AAA09990999
09990AAA0AAA0AAA
0999099909990999
0BBB0BBB0BBB0AAA
0999099909990AAA
0AAA099909990999
0BBB0BBB0BBB0AAA
0999099909990AAA
0BBB0AAA0AAA099A
0AAA0BBB0BBB0BBB
0999099909990999
0AAA0AAA0AAA0999
09990AAA0AAA0AAA
0999099909990999
0BBB0ABB0AAA0AAA
0999088809990ABB
0AAA099909990999
0BBB0AAA0AAA0AAA
0AAA099909990999
0BBB0BBB0BBB0AAA
0AAA0BBB0BBB0BBB
0AAA0AAA0AAA0AAA
0BBB0BBB0BBB0BBB
0AAA0AAA0AAA0BBB
0BBB0BBB0AAA0AAA
0BBB0BBB0BBB0BBB
0AAA0AAA0AAA0AAA
0001000100010BBB
0BBB0BBB00010001
0BBC0BBB0BBB0BBB
0CCC0CCC0CCC0CBC
0AAA0AAA0BBA0BBB
0000044402220BBB
0000000000000000
0111011101100000
0111011101110111
0111011101110111
0AAA011101110111
0AAA0AAA0AAA0AAA
0CCC0CCC0BBB0BBB
0CCC0BBB00010001
0CCC0BBB0BBB0BBB
0001000100010001
0BBB0BBB0BBB0BBB
000100010BBB0BBB
0BBB000100010001
0BBB0BBB0BBB0BBB
0001000100010001
0BBB0BBB0BBB0CCC
000100010BBB0BBB
0001000100010001
0CCC0CCC0CCC0BBB
0001000100010CCC
0BBB0BBB00010001
00010BBB0BBC0CCC
0001000100010001
0BBB0BBB0BBB0CCC
0001000100010CCC
0BBB000100010001
0BBB0BBB0BBB0BBB
0001000100010001
0BBB0BBB0BBB0001
000100010CBC0BBB
0BBB000100010001
0BBB0BBB0BBB0BBB
0CCC0CCC0CCC0001
0BBB0BBB0BBB0001
000100010BBB0BBB
0CCC000100010001
00010CCC00010CCC
0001000100010001
044402220CCC0001
0545022202220444
0111033302220333
0333022205550111
0334044404440444
0555011100000222
0001033304440222
0001000100010001
0001000100010001
0444066605560001
0444022200000333
0444044404440444
0000022204440444
0444022204440333
0333011101110555
0555044404440444
0555055505550445
0444055505550555
0444044404440444
0444044404440444
0555055505550444
0444044404440545
0444044404440444
0444044404440444
0444044404440444
0444044404440444
0444044404440444
0333033304440444
0333033303330333
0333033303330333
0333033303330333
0333033303330333
0333033303330333
0333033303330333
0333033303330333
0333033303330333
0222022202220323
0222022202220222
0222022202220222
0222022202220222
0222022202220222
0222022202220223
0222022302220222
0222022202220222
0222022202220222
0222022202220222
0222022202220222
0222022202220222
0444011102220222
0222022202220222
0222022202220222
0222022202220222
0222022202220222
0112023202220222
0222022201110111
0222022202220222
0222022202220222
0222022202220222
0222022202220222
0222022202220222
0222022202220222
0222022202220222
0222022202220222
0222022202220222
0222022202220222
0222022202220222
0222022202220222
0222022202220222
0222022202220222
0222022202220222
0222022202220222
0222022202220222
0222022202220222
0222022202220222
0222022202220222
0222022202220222
0222022202220222
0222022202220222
0222022202220222
0222022202220222
0222022202220222
0222022202220222
0222022202220222
0222022202220222
0222022202220222
0222022202220222
0222022202220222
0222022202220222
0222022202220222
0222022202220222
0222022202220222
0222022202220222
0222022202220222
0222022202220222
0222022202220222
0222022202220222
0222022202220222
0222022202220222
0222022202220222
0222022202220222
0222022202220222
0222022202220222
0222022202220222
0222022202220222
0222022202220222
0222032303330333
0333033303330333
0333033303330333
0333033303330333
0333033303330333
0333033303330333
0333033303330333
0333033303330333
0333033303330333
0333033303330333
0333033303330333
0333033303330333
0333033303330333
0334033303330333
0444044403340334
0333033303330434
0222066602220333
0333033303330333
0333033303330333
0333033303330333
0333033303330333
0111044404440333
0333033303330223
0333033303330333
0333033303330333
0333033303330333
0333033303330333
0333033303330333
0333033303330333
0333033303330333
0333033303330333
0333033303330333
0333033303330333
0333033303330333
0333033303330333
0333033303330333
0333033303330333
0333033303330333
0333033303330333
0444044403340333
0333033303330333
0333033303330333
0333043404440333
0333033303330333
0444033403340333
0444044404440444
0444044404440444
0444044404440444
0334044404440444
0444044404340444
0444044404440444
0444044404440444
0434044404440444
0444033303330333
0444044404440444
0334044404440444
0444012202220333
0222033302220333
0444022202220111
0444044404440444
0111000002220333
0001033305550222
0001000100010001
0001000100010001
0444066606560001
0444044403440444
0444044404440444
0444044404440444
0444022204440444
0777055501110555
0777077707770777
0878087807770878
0777077707770778
0777077707770777
0777077707770777
0778077807770777
0777077707770777
0777077707770777
0777077707770777
0777077707770777
0777077707770777
0777077707770777
0667066706670777
0666066606660666
0666066606660666
0666066606660666
0666066606670666
0666066606660666
0666066606660666
0666066606660666
0666066606660666
0555055505560666
0555055505550555
0555055505550555
0555055505550555
0555055505550555
0555055505550555
0555055505550555
0555055505550555
0555055505550555
0555055505550555
0555055505550555
0555055505550555
0666044404440555
0555055505550555
0555055505550555
0555055505550555
0555055505550555
0222055505550555
0666066605550555
0666066606660666
0666066606660666
0656065606560656
0555055606560656
0656055605560555
0656055606660666
0666066606660666
0666066606660666
0666066606660666
0666066606660666
0666066606660666
0666066606660666
0666066606660666
0556065606660666
0555055505550556
0556055605550555
0555055605550555
0656055605550556
0555055505560656
0656065605550556
0556055505560556
0555055505550555
0555055505550555
0555055505550555
0555055605550555
0666066605560556
0666066606660666
0666066606660666
0656065606560656
0555055506560656
0555055505550555
0555055505550555
0555055505550555
0555055505550555
0555055505550555
0555055505550555
0555055505550555
0656065605560555
0555055605560666
0556055505550555
0556065605560656
0656055605550555
0666066606660666
0666066606660666
0666066606660666
0666066606660666
0666066606660666
0666066606660666
0666066606660666
0666066606660666
0666066606660666
0667066706660666
0777077707770777
0666066706670777
0667066606660666
0666066606660666
0666066606660666
0666066606660666
0666066606660666
0666066606660666
0777066706670667
0777077707770777
0666066707770777
0666066606660666
0666066606660666
0555055506560556
0555055504440555
0666066606660666
0666066606660666
0666066606660666
0666066606660666
0222077707770666
0666066606660666
0656066606660666
0555055505550556
0666055505550555
0666066606660666
0666066606660666
0666066606660666
0666066606660666
0666066606660666
0666066606660666
0666066606660666
0555055505550666
0555055505550555
0444055505550555
0555055505550444
0555055505550555
0555055505550555
0555055505550555
0555055505550555
0555055505550555
0555055505550555
0555055505550555
0555055505550555
0555055505550555
0555055505550555
0555055505550555
0444044405450555
0545044504440444
0444044404440545
0444044404440444
0434044404440444
0434033303330434
0444044404330333
0333033404440444
0444011102230333
0333033302220444
0444033303330333
0444044404440444
0333033303330333
0001033305550333
0001000100010001
0001000100010001
0444066606660001
0444044404440444
0444044404440444
0444044404440444
0444022204440445
0666066601110555
0666066606660666
0777077706670767
0777077707770777
0777077707770777
0777077707770777
0777077807770777
0777077707770777
0777077807780778
0777077707770777
0777077707770777
0777077707770777
0777077707770777
0777077707770777
0777076707770777
0777077707770777
0777077707770777
0777077707770777
0777077707770777
0777077707770777
0777077707770777
0666066707670777
0666066606660666
0666066606660666
0666066606660666
0666066606660666
0666066606660666
0666066606660666
0666066606660666
0666066606660666
0666066606660666
0666066606660666
0666066606660666
0656066606660666
0999044405550555
0888088808880888
0888088808780888
0777087808880888
0888099908880878
0111087808880888
0666066606660555
0666066606660666
0666066606660666
0666066606660666
0767066606660666
0777077707770767
0777077707770777
0777077707770777
0777077707770777
0777077707770777
0777077707770777
0777077707770777
0777077707770777
0777077707770777
0777077707770777
0777077707770777
0777077707770777
0777076707770777
0666076706670777
0666066606660666
0666066606660666
0767066706660666
0777077707770767
0777077707770777
0667066707670777
0767077707770777
0777077707770767
0777077707770777
0767066707670666
0666066707670767
0666066707670666
0666066606660666
0666066706660666
0666066606660666
0666066606660666
0666066606660666
0667076706670666
0666076706670666
0777077706770767
0777077707770777
0777077707770777
0777077707770777
0777077707770777
0777077707770777
0777077707770777
0777077707770777
0777077707770777
0667066707770777
0666066606660666
0666066606660666
0666066606670667
0767066606660666
0777077707770777
0777077707770777
0777077707770777
0777077707770777
0777077707770777
0666066607670777
0667066606660666
0777077707770777
0777077707770777
0777077707770777
0777077707770777
0777077707770777
0777077707770777
0777077707770777
0777077707770777
0989033306660666
0888099908880888
0899088908890888
0999099908880999
0999088809990999
02220AAA09990999
0777077707770666
0777077707770777
0777077707770777
0777077707770777
0777077707770777
0777077707770777
0777077707770777
0777077707770777
0777077707770777
0777077707770777
0777077707770777
0667077707770777
0777077706670666
0777077707770777
0777077707770667
0666066607770777
0666066606660666
0666066606660666
0666066606660666
0666066606660666
0666066606660666
0666066606660666
0666066606660666
0666066606660666
0666066606660666
0666066606660666
0666066606660666
0666066606660666
0666066606660666
0666066606660666
0555055506560666
0555055505550555
0555055505550555
0444055505550555
0444022204440444
0334033302220444
0444033403340334
0333033303340334
0333033303330333
0001033305560333
0001000100010001
0001000100010001
0444066606660001
0444044404440444
0444044404440444
0444044404440444
0444022204440445
0666066603330555
0666066606660666
0666066606660666
0777077707770667
0777077707770777
0777077707770777
0777077707770777
0777077707770777
0777077707770777
0777077707770777
0777077707770777
0777077707770777
0777077707770777
0777077707770777
0777077707770777
0777077707770777
0777077707770777
0777077707770777
0777077707770777
0777077707770777
0777077707770777
0777077707770777
0667077707670777
0667076707670767
0767066707670767
0666066606670767
0777066606660666
0767076707770777
0777077707670777
0777076707670767
0667076707670767
0666066706670667
0666066606660667
0666066606660666
0AAA044406660666
0111044409990999
099909990AAA0222
0999099909990999
0333011102220AAA
0111088808880777
0666066606660666
0666066606660666
0666066606660666
0666066606660666
0666066606660666
0666066606660666
0666066606660666
0667066706660666
0666066606660666
0666066606660666
0666066606660666
0666066606660666
0666066606660666
0666066606660666
0666066606660666
0666066606660666
0666066606660666
0666066606660666
0667066606660666
0666066606660667
0667066707670667
0767076706670667
0777077707770767
0767076707770777
0667066706660767
0767077707770777
0777077707770767
0667076707670777
0777066706670666
0667066706660667
0666066606660767
0666066606660666
0666066606660666
0667066606660666
0767076706770767
0777077706670667
0777077707770777
0777077707770777
0777077707770777
0777077707770777
0777077707770777
0777077707770777
0777077707770777
0777077707770777
0777077707770777
0777077707770777
0777077707770777
0777077707770777
0777077707770777
0777077707770777
0888088808880777
0888077807780778
0888088808880888
0888088808880888
0888088808880888
0888088808880888
0888088808880888
0888088808880888
0888088808880888
0888088808880888
0888088808880888
0999088808880888
0999088908890889
0999099909990999
0999099909990999
0999099909990999
0999099909990999
0AAA022208880999
011102220999099A
0AAA0AAA0AAA0111
0AAA0AAA0AAA0AAA
0333023203330BBB
02220AAA0AAA0777
0989088808880888
0889099909990999
0888088808880888
0888088808880888
0888088808890889
0888088808880888
0889088808880889
0889088908880888
0989098909890999
0889098908890989
0888088808880889
0888088808880888
0888088808880888
0989088908890888
0888088808890889
0888088808880888
0888088808880888
0888088808880888
0888088808880888
0888088808880888
0888088808880888
0888088808880888
0888088808880888
0888088808880888
0778087808880888
0778087807770777
0777077707770777
0777077707770777
0777077707770777
0777077707770777
0667077707770777
0666076706670667
0666066606660666
0666066606660666
0555044506660666
0334033303330444
0333033303340333
0333033303330333
0333033303330333
0001033405550333
0001000100010001
0001000100010001
0444066606660001
0444044404440444
0444044404440444
0444044404440444
0444022204440444
0666066605550444
0666066606660666
0667066706670666
0777077707770767
0777077707770777
0777077707770777
0777077707770777
0777077707770777
0777077707770777
0777077707770777
0777077707770777
0777077707770777
0777077707770777
0777077707770777
0777077707770777
0777077707770777
0777077707770777
0777077707770777
0777077707770777
0777077707770777
0777077707770777
0777077707770777
0777077707770777
0777077707770777
0777077707770777
0777077707770777
0777077707770777
0777077707770777
0777077707770777
0777077707770777
0777077707770777
0777077707770777
0777077707770777
0777077707770777
0888044407770777
0000000008880888
0888088802220110
0888088808880888
0000011100000777
0111088808880000
0777077706670777
0777077707770777
0666066706670777
0666066606660666
0666066606660666
0667066606660666
0666066606660666
0666066606660666
0666066606670667
0666066606660666
0666066606660666
0666066606660666
0667076707770666
0666066606670667
0666066606660666
0666066606660666
0666066606660666
0777077707770667
0777077707770777
0777077707770777
0777077707770777
0777077707770777
0777077707770777
0777077707770777
0777077707770777
0777077707770777
0777077707770777
0777077707770777
0777077707770777
0777077707770777
0777077707770777
0777077707770777
0767077707770777
0777077707770767
0777077707770777
0777077707770777
0777077707770777
0777077707770777
0777077707770777
0777077707770777
0777077707770777
0777077707770777
0777077707770777
0777077707770777
0777077707770777
0778077807770777
0777077807780778
0777077707780778
0878078807780778
0888077807780888
0888088808880888
0888088808880888
0888088808880888
0888088808880888
0888088808880888
0888088808880888
0888088808880888
0888088808880888
0888088808880888
0888088808880888
0888088808880888
0888088808880888
0889088908880888
0999099908890888
0889098909990999
0999099909990889
0989088809990999
0999022208880889
0000000001110888
0889088808880111
0888099909990999
0000000000000333
0222099908880000
0888088808880888
0888088808880888
0888088808880888
0888088808880888
0888088808880888
0888088808880888
0888088808880888
0888088808880888
0888088808880888
0888088808880888
0888088808880888
0888088808880888
0888088808880888
0889088808880888
0888088808880889
0888088808880888
0888088808880888
0888088808880888
0888088808880888
0888088808880888
0888088808880888
0888088808880888
0888088808880888
0777077808880888
0777077707770777
0777077707770777
0777077707770777
0777077707770777
0777077707770777
0767076707770777
0767066606660767
0666066607670667
0666066606660666
0666066606660666
0666055506660666
0333033303330444
0333033303330333
0333033303330333
0333033303330333
0001033305550333
0001000100010001
0001000100010001
0444066606660001
0444044404440444
0444044404440444
0444044404440444
0444022204440444
0555055604550444
0556055605560556
0555055505550555
0555055505550555
0555055505550555
0555055605550555
0555055505550555
0666066606660656
0666066606660666
0666066606660666
0666066606660666
0666066606660666
0666066606660666
0666066606660666
0666066606660666
0666066606660666
0666066606660666
0666066606660666
0666066606660666
0666066606660666
0666066606660666
0666066606660666
0666066606660666
0666066606660666
0666066606660666
0666066606660666
0666066606660666
0666066606660666
0666066606660666
0666066606660666
0666066606660666
0666066606660666
0666066606660666
0666066606660666
0556033306660666
0000033305550555
0666066601110333
0656055606660666
0111011102220555
0111066606660000
0666066605550555
0666066606660666
0666066606660666
0566056606660666
0556055605560656
0666066605560556
0556055606660556
0556065605560556
0556066606660666
0666055605550656
0666065606660656
0666066606660666
0666066606660666
0555066606560666
0666065605560556
0656066606560656
0666066606560666
0666066606660666
0666066606660666
0656066606660666
0666065606660656
0666066606660666
0666066606660666
0666066606660666
0666066606660666
0666066606660666
0666066606660666
0666066606660666
0556055506560666
0656055505560656
0555055505550556
0555055505550555
0555055505550555
0666055505550555
0666066606660666
0666066606660666
0666066606660666
0666066606660666
0666066606660666
0666066606660666
0666066606660666
0666066606660666
0666066606660666
0666066606660666
0666066606660666
0666066606660666
0666066606660666
0666066606660666
0666066606660666
0666066606660666
0666066606660666
0666066606660666
0666066606660666
0666066606660666
0666066606660666
0666066606660666
0666066606660666
0666066606660666
0666066606660666
0666066606660666
0666066606660666
0666066606660666
0666066606660666
0666066606660666
0666066606660666
0666066606660666
0666066606660666
0666011106660666
0000033301110555
0666066606660222
0666066606660666
0333000001110333
0111066605550111
0666066606660556
0666066606660666
0666066606660666
0666066606660666
0666066606660666
0666066606660666
0666066606660666
0666066606660666
0666066606660666
0666066606660666
0666066606660666
0666066606660666
0666066606660666
0666066606660666
0666066606660666
0666066606660666
0666066606660666
0666066606660666
0666066606660666
0666066606660666
0666066606660666
0666066606660666
0666066606660666
0555055506560666
0555055505550555
0555055505550555
0555055505550555
0555055505550555
0555055505550555
0555055505550555
0555055505550555
0555055505550555
0555055505550555
0555055505550555
0444044405550555
0333033303330444
0333033303330333
0333022202220333
0333033303330333
0001044406660333
0001000100010001
0001000100010001
0444066606660001
0444044404440444
0444000000000444
0444044404440444
0334022204440444
0444044402220444
0334043404440334
0333033303330333
0333033303330333
0333033303330333
0333033303330333
0333033303330333
0334033403340333
0444044404440444
0434043404340344
0444033403340334
0444044404340444
0444044404440334
0444044404440444
0334044404440334
0333033403340434
0444044404440334
0444044404440444
0444044404440444
0444033403440444
0444044404440444
0444044404440444
0444044404440444
0444044404440444
0444044404440444
0434033404440444
0444044404440444
0444044404440444
0444044404440444
0444044404440444
0444044404440444
0444044404440444
0444044404440444
0444044404440444
0434022203330334
0111011103330333
0333033303330000
0333033303330333
0000000002220333
0000033303330333
0334033303330333
0444044403340333
0444044404440444
0444044404440444
0444044404440444
0444044404440444
0444044404440444
0444044404440444
0444044404440444
0444044404440444
0444044404440444
0444044404440444
0444044404440444
0444044404440444
0444044404440444
0444044404440444
0444044404440444
0444044404440444
0444044404440444
0444044404440444
0444044404440444
0444044404440444
0444044404440444
0444044404440444
0444044404440444
0444044404440444
0444044404440444
0444044404440444
0333033304340444
0434033403330333
0333033303330333
0333033303330333
0333033303330333
0333033303330333
0444044404440434
0444044404440444
0444044404440444
0434034404440444
0444044404440444
0444044404440444
0434043404440444
0444044404340333
0444044404440444
0444044404440444
0444044404440444
0444044404440444
0444044404440444
0444044404440444
0444044404440444
0444044404440444
0444044404440444
0444044404440444
0444044404440444
0444044404440444
0444044404440444
0444044404440444
0444044404440444
0444044404440444
0444044404440444
0444044404440444
0444044404440444
0444044404440444
0444044404440444
0444044404440444
0444044404440444
0444044404440444
0334043403340444
0333011103330333
0111000004440333
0444044403330111
0444044404440444
0000011102220444
0000033303330444
0333033303330333
0334033303330333
0334033303330333
0444033403340333
0333033303330434
0444044404440334
0334044404440444
0334033403330333
0444044403340333
0444044404440444
0333033303330334
0333033303330333
0334033303330333
0444044404440444
0334043404340444
0444044403340334
0434044404440444
0333033303330334
0333033303330333
0333033303330333
0333033303330333
0333033303330333
0333033303330333
0333033303330333
0333033303330333
0333033303330333
0333033303330333
0333033303330333
0333033303330333
0333033303330333
0333033303330333
0333033303330333
0333033303330333
0333033303330333
0333022303330333
0333033302220333
0333033303330333
0333000000000333
0333033303330333
0001033305550333
0001000100010001
0001000100010001
0444066606660001
0444044404440444
0444000001110444
0444044404440444
0333011104440444
0222022201010444
0222022202220222
0222022202220222
0222022202220222
0222022202220222
0222022202220222
0222022202220222
0222022202220222
0222022202220222
0222022202220222
0222022202220222
0222022202220222
0222022202220222
0222022202220222
0222022202220222
0222022202220222
0222022202220222
0222022202220222
0222022202220222
0222022202220222
0222022202220222
0222022202220222
0222022202220222
0222022202220222
0222022202220222
0222022202220222
0222022202220222
0222022202220222
0223022202220222
0222022202220222
0222022202220222
0222022202220222
0222022202220222
0222022202220222
0222011102220222
0222022202220222
0222022202220222
0222022202220222
0222022202220222
0000022202220222
0222022202220111
0222022202220222
0222022202220222
0222022202220222
0222022203230223
0222022202220222
0222022202220222
0223022202230223
0222022302230223
0222022202220222
0223022302230222
0323022302220222
0222022202220222
0222022202220222
0222022202220222
0222022202220222
0222022202220222
0222022202220222
0222022203230222
0222022203220322
0222022202220222
0222022202220222
0322022202220222
0222032202220323
0222022203220222
0222022202220222
0222022202220222
0222022202220222
0222022202220222
0222022202220222
0222022202220222
0222022202220222
0222022202220222
0222022202220222
0222022202220222
0322022202220222
0222022202220222
0222022202220222
0222022202220222
0222022202220222
0222022202220222
0222022202220222
0222022202220222
0222022202220222
0222022202220222
0222022202220222
0222022202220222
0222022202220222
0222022202220222
0222022202220222
0222022202220222
0222022202220222
0222022202220222
0222022202220222
0222022202220222
0222022202220222
0222022202220222
0222022202220222
0222022202220222
0222022202220222
0222022202220222
0222022202220222
0222022202220222
0222022202220222
0222022202220222
0222022202220222
0222022202220222
0222000002220222
0333022202220222
0222022202220222
0223022202220222
0222033302230333
0000022202220222
0222022202220222
0222022202220222
0222022202220222
0222022202220222
0222022202220222
0222022202220222
0222022202220222
0222022202220222
0222022202220222
0222022202220222
0222022202220222
0222022202220222
0222022202220222
0222022202220222
0222022202220222
0222022202220222
0222022202220222
0222022202220222
0222022202220222
0222022202220222
0222022202220222
0222022202220222
0222022202220222
0222022202220222
0222022202220222
0222022202220222
0222022202220222
0222022202220222
0222022202220222
0222022202220222
0222022202220222
0222022202220222
0222022202220222
0222022202220222
0333011102220222
0333033302220333
0333033303330333
0333011101110333
0333033303330333
0001033305550333
0001000100010001
0001000100010001
0444055506660001
0444044404440444
0444044404440444
0444044404440444
0333011104440444
0111011100000444
0112011101110111
0111011101110111
0111011101110111
0111011101110111
0111011101110111
0111011101110111
0111011101110111
0111011101110111
0222011101110111
0222022201220222
0111012202220222
0111011201110111
0111011101110111
0111011101110111
0111011101110111
0111011101110111
0111011101110111
0111011101110111
0111011101110111
0112011101110111
0111011101110111
0111011101110111
0111011101110111
0111011101110111
0111011101110111
0111011101110111
0222022202120112
0222022202220222
0222022202220222
0222022202220212
0222022202220222
0222022202220222
0212021202220222
0222011101110111
0222022202220222
0111011101110112
0111011101110111
0111011101110111
0000011101110111
0111011101110111
0111011101110111
0111011101110212
0111011101110111
0111011101110111
0111011101110111
0111011101110111
0111011101110111
0111011101110111
0111011101110111
0111011101110111
0111011101110111
0111011101110111
0111011101110111
0111011101110111
0111011101110111
0111011101110111
0111011101110111
0111011101110111
0111011101110111
0111011101110111
0111011101110111
0111011101110111
0111011101110111
0111011101110111
0111011101110111
0111011101110111
0111011101110111
0111011101110111
0111011101110111
0111011101110111
0111011101110111
0111011101110111
0111011101110111
0111011101110111
0111011101110111
0111011101110111
0111011101110111
0111011101110111
0111011101110111
0111011101110111
0111011101110111
0111011101110111
0111011101110111
0111011101110111
0111011101110111
0111011101110111
0111011101110111
0111011101110111
0111011101110111
0111011101110111
0111011101110111
0111011101110111
0111011101110111
0111011101110111
0111011101110111
0111011101110111
0111011101110111
0111011101110111
0111011101110111
0111011101110111
0111011101110111
0111011101110111
0111011101110111
0112011101110111
0111011201110112
0111011101110111
0222000001110111
0222022202220222
0222022202220222
0222022202220222
0222022202220222
0000022201120222
0111011101110111
0111011101120111
0111011101110111
0111011101110111
0111011101110111
0111011101110111
0111011101110111
0112011202120111
0222022202220212
0111011101120212
0111011101110111
0111011101110111
0111011101110111
0111011101110111
0111011101110111
0111011201110111
0111011101110111
0111011101110111
0111011101110111
0111011101110111
0111011101110111
0111011101110111
0111011101110111
0111011101110111
0111011101110111
0112021102210111
0111011101110111
0111011101110111
0111011101110111
0111011101110111
0112011101110111
0112022202220112
0111011101110111
0111011101110111
0333000001110111
0333033301110333
0333033303330333
0333033303330333
0333033303330333
0001033305550333
0001000100010001
0001000100010001
0444055505550001
0444044404440444
0444044404440444
0444044404440444
0333011104440444
0111011100000444
0111011101110111
0111011101110111
0111011101110111
0111011101110111
0111011101110111
0111011101110111
0111011101110111
0111011101110111
0111011101110111
0111011101110111
0111011101110111
0111011101110111
0111011101110111
0111011101110111
0111011101110111
0111011101110111
0111011101110111
0111011101110111
0111011101110111
0111011101110111
0111011101110111
0111011101110111
0111011101110111
0111011101110111
0111011101110111
0111011101110111
0111011101110111
0111011101110111
0111011101110111
0111011101110111
0111011101110111
0111011101110111
0111011101110111
0111011101110111
0111011101110111
0111011101110111
0111011101110111
0111011101110111
0000011101110111
0111011101110000
0111011101110111
0111011101110111
0111011101110111
0110011101110111
0100010001000111
0100011101000100
0100010001000000
0010010001000100
0000000000000000
0100000000000000
0000000000000010
0000000000000000
0000000001000000
0100010000000100
0000000000000100
0100010001110110
0000000000000100
0000000000000000
0100000000000000
0100010001000100
0000010001000100
0000000000000000
0000000000000000
0000000001000000
0000010000000000
0000010000000000
0000000000000000
0000000000000000
0000000000000000
0000000000000000
0000000000000000
0000000000000000
0000000000000000
0000000000000000
0000000000000000
0000000000000000
0000000000000000
0000000000000000
0000000000000000
0000000000000000
0000000000000000
0000000000000000
0000000000000000
0000000000000000
0000000000000000
0000000000000000
0000000000000000
0000000000000000
0000000000000000
0000000000000000
0000000000000000
0000000000000000
0000000000000000
0000000000000000
0000000000000000
0000000000000000
0000000000000000
0000000000000000
0100011000000000
0000000001000000
0000000000000000
0100010001000100
0111011101110101
0111011101110111
0111011101110111
0111011101110111
0111000001110111
0111011101110111
0111011101110111
0111011101110111
0111011101110111
0000011101110111
0111011101110111
0111011101110111
0111011101110111
0111011101110111
0111011101110111
0111011101110111
0111011101110111
0111011101110111
0111011101110111
0111011101110111
0111011101110111
0111011101110111
0111011101110111
0111011101110111
0111011101110111
0111011101110111
0111011101110111
0111011101110111
0111011101110111
0111011101110111
0111011101110111
0111011101110111
0111011101110111
0111011101110111
0111011101110111
0111011101110111
0111011101110111
0111011101110111
0111011101110111
0111011101110111
0111011101110111
0111011101110111
0111011101110111
0111011101110111
0222000001110111
0333033301110333
0333033303330333
0333033303330333
0333033303330333
0001033305550333
0001000100010001
0001000100010001
0444055505550001
0444044404440444
0444044404440444
0444044404440444
0333011104440444
0000000000000444
0111011101110111
0111011101110111
0111011101110111
0111011101110111
0111011101110111
0111011101110111
0111011101110111
0111011101110111
0111011101110111
0111011101110111
0111011101110111
0111011101110111
0111011101110111
0111011101110111
0111011101110111
0111011101110111
0111011101110111
0111011101110111
0111011101110111
0111011101110111
0111011101110111
0111011101110111
0111011101110111
0111011101110111
0111011101110111
0111011101110111
0111011101110111
0111011101110111
0111011101110111
0111011101110111
0111011101110111
0111011101110111
0111011101110111
0111000001110111
0111011101110111
0111011101110111
0111000000000000
0111011101110111
0000011101110111
0111011100000000
0111011101110111
0111011101110111
0111011101110111
0000000000000110
0000000000000000
0000000000000000
0000000000000000
0000000000000000
0000000000000000
0000000000000000
0000000000000000
0000000000000000
0000000000000000
0000000000000000
0000000000000000
0000000000000000
0000000000000000
0000000000000000
0000000000000000
0000000000000000
0000000000000000
0000000000000000
0000000000000000
0000000000000000
0000000000000000
0000000000000000
0000000000000000
0000000000000000
0000000000000000
0000000000000000
0000000000000000
0000000000000000
0000000000000000
0000000000000000
0000000000000000
0000000000000000
0000000000000000
0000000000000000
0000000000000000
0000000000000000
0000000000000000
0000000000000000
0000000000000000
0000000000000000
0000000000000000
0000000000000000
0000000000000000
0000000000000000
0000000000000000
0000000000000000
0000000000000000
0000000000000000
0000000000000000
0000000000000000
0000000000000000
0000000000000000
0000000000000000
0000000000000000
0000000000000000
0000000000000000
0000000000000000
0000000000000000
0000000000000000
0111011101110100
0111011101110111
0111011101110111
0111011100000111
0111011101110111
0111011101110111
0111011100000000
0111011101110111
0000011101110111
0111011101110111
0111011101110111
0111011101110111
0111011101110111
0111011101110111
0111011101110111
0111011101110111
0111011101110111
0111011101110111
0111011101110111
0111011101110111
0111011101110111
0111011101110111
0111011101110111
0111011101110111
0111011101110111
0111011101110111
0111011101110111
0111011101110111
0111011101110111
0111011101110111
0111011101110111
0111011101110111
0111011101110111
0111011101110111
0111011101110111
0111011101110111
0111011101110111
0111011101110111
0111011101110111
0111011101110111
0111011101110111
0111011101110111
0111011101110111
0222000000000000
0333033301110333
0333033303330333
0333033303330333
0333033303330333
0001033305550333
0001000100010001
0001000100010001
0334055505550001
0444044404440444
0444044404440444
0444044404440444
0333011104440444
0000000000000444
0222022202220111
0222022202220222
0222022202220222
0222022202220222
0222022202220222
0222022202220222
0222022202220222
0222022202220222
0222022202220222
0222022202220222
0222022202220222
0333033202220222
0333033303330333
0232022203330233
0222033303330333
0222022202220222
0333033302220222
0222033303330333
0222022202220222
0333023302220222
0222022202220232
0222022202220222
0222022202220222
0222022202220222
0222022202220222
0222022202220222
0222022202220222
0222022202220222
0222022202220222
0222022202220222
0222022202220222
0222022202220222
0222022202220222
0111011102220222
0111011101110111
0111000000000000
0111044406660666
0111000000000000
0111011101110111
0222022201110000
0222022202220222
0222022202220222
0222022202220222
0222022202220222
0111011101110221
0111011101110111
0100011001100111
0000000000000000
0111011100100000
0111011101110111
0000001001100110
0110011001100110
0000000001100000
0000000000000000
0000000000000000
0000000000000000
0000000000000000
0000000000000000
0000000000000000
0000000001000100
0000000000000000
0000000000000000
0000000000000000
0000000000000000
0000000000000000
0000000000000000
0000000000000000
0000000000000000
0000000000000000
0000000000000000
0000000000000000
0000000000000000
0000000000000000
0000000000000000
0000000000000000
0000000000000000
0000000000000000
0000000000000000
0000000000000000
0000000000000000
0000000000000000
0000000000000000
0000000000000000
0000000000000000
0000000000000000
0000000000000000
0000000000000000
0000000000000000
0000000000000000
0000000000000000
0000000000000000
0000000000000000
0111011101110111
0111011101110111
0111011101110111
0111011101110111
0111011101110111
0111011101110111
0111011101110111
0111011101110111
0111011101110111
0222022202220111
0222022202220222
0222022202220222
0222022202220222
0222022202220222
0000011100000222
0000000000000000
0555011100000000
0000022206660777
0111011101110111
0000011101110111
0222022202220111
0222022202220222
0222022202220222
0222022202220222
0222022202220222
0222022202220222
0222022202220222
0222022202220222
0333033303330233
0222022202220222
0222022202220222
0222022202220222
0222022202220222
0222022202220222
0222022202220222
0222022202220222
0222022202220222
0222022202220222
0222022202220222
0222022202220222
0222022202220222
0222022202220222
0222022202220222
0222022202220222
0333033302220222
0222033303330333
0222022202220222
0222022202220222
0222022202220222
0222022202220222
0222022202220222
0222022202220222
0222022202220222
0111022102220222
0222000000000000
0333033301110333
0333033303330333
0333033303330333
0333033303330333
0001033305550333
0001000100010001
0001000100010001
0333055505550001
0444044404340444
0444044404440444
0444044403330444
0333011104440444
0000000001110444
0777088801110111
0777077707670767
0777077707770777
0666066607770777
0777077706660666
0777077707770777
0666066606660666
0666077707770777
0666055506660666
0666066606660666
0666055605550555
0666066606660666
0767066607670666
0666066607770767
0555055505550555
0777077707770888
0555055507770777
0666055505550555
0666066606660666
0666066606660666
0777077706660666
0777077707770777
0666066606660666
0666066606660666
0666066606660666
0777077707770666
0666066606660777
0666066606660666
0777077707670666
0888088808880888
0777077708880888
0888077707770777
0777077707780888
0111055506660666
0111011101110111
0222011100000000
0222044406660666
0000000000000000
0444011101110111
0666066602220111
0666066606660666
0888066606660666
0777077707770777
0666066606660666
0888088807770666
0888088809890988
0888088808880888
0999099909990988
0999099909990999
0999099909990999
0999099909990999
0999099909990999
0999099909990999
0888088809990999
0888088808880888
0888088808880988
0888088808880998
0888098908880888
0888098808880888
0888088808880888
0777077708770888
0888088807770777
0777088808880888
0777077707770777
0888088808880888
0888088808880888
0777088808880888
0888077707770777
0888088808880888
0888088808880888
0888088808880888
0888088808880888
0888088808880888
0888088808770888
0999099909880888
0888099909990999
0888088808880888
0999099909990999
0888088808880999
0999088808880888
0999099909990999
0888088808880888
0999099908880888
0999099909990999
0999099909880888
0777077708770888
0999088807770777
0999099909880988
0888088808880888
0999088809880888
0888099909990999
0989098808880888
0999099909990999
0999099909990999
0999099909990999
0AAA0AAA09990999
0999099909990999
0999099909990999
0888088809990999
0777077707770777
0888088808880888
0666066606560777
0666066606660666
0777066606660666
0777077707770777
0666065606660666
0000033301110555
0000000000000000
0666022201110000
0111022206660767
0000011100000000
0555011101110000
0666076706660666
0555055506660666
0777066605560556
0888088808880878
0777077707770777
0777077707770777
0878077707770777
0666077708780878
0556055506660666
0777077707770777
0666066607770777
0888077706660666
0888077707770878
0666077707770777
0777077707770667
0666066607770777
0777066606660666
0777077707770777
0666066606660666
0777066707770666
0666066607670777
0666066606660666
0777077707770777
0666066606660777
0666076606660666
0777076607670666
0666066607670777
0555055505550555
0666066606660556
0666066606660666
0666066606660666
0666066606670666
0666066606660667
0111022207770666
0333011100000000
0333033301110333
0333022204440222
0333033303330333
0444022203330333
0001033305550333
0001000100010001
0001000100010001
0001055605550001
0444022208880888
0444044404440444
077708880BBB0333
0333011104440333
0222022202220444
0001000104440222
0001000100010001
0001000100010001
0001000100010001
0001000100010001
0001000100010001
0001000100010001
0001000100010001
0001000100010001
0001000100010001
0001000100010001
0001000100010001
0001000100010001
0001000100010001
0001000100010001
0001000100010001
0001000100010001
0001000100010001
0001000100010001
0001000100010001
0001000100010001
0001000100010001
0001000100010001
0001000100010001
0001000100010001
0001000100010001
0001000100010001
0001000100010001
0001000100010001
0001000100010001
0001000100010001
0001000100010001
0001000100010001
0444000100010001
0000011101110000
0222010000000000
0222055506660666
0000000000000000
0111000000000000
0001000100010111
0001000100010001
0001000100010001
0001000100010001
0001000100010001
0001000100010001
0001000100010001
0001000100010001
0001000100010001
0001000100010001
0001000100010001
0001000100010001
0001000100010001
0001000100010001
0001000100010001
0001000100010001
0001000100010001
0001000100010001
0001000100010001
0001000100010001
0001000100010001
0001000100010001
0001000100010001
0001000100010001
0001000100010001
0001000100010001
0001000100010001
0001000100010001
0001000100010001
0001000100010001
0001000100010001
0001000100010001
0001000100010001
0001000100010001
0001000100010001
0001000100010001
0001000100010001
0001000100010001
0001000100010001
0001000100010001
0001000100010001
0001000100010001
0001000100010001
0001000100010001
0001000100010001
0001000100010001
0001000100010001
0001000100010001
0001000100010001
0001000100010001
0001000100010001
0001000100010001
0001000100010001
0001000100010001
0001000100010001
0001000100010001
0001000100010001
0001000100010001
0001000100010001
0001000100010001
0001000100010001
0001000100010001
0001000100010001
0001000100010001
0001000100010001
0001000100010001
0001000100010001
0000033300000001
0000000000000000
0666022200000000
0111022206660777
0110000000000000
0001011100000111
0001000100010001
0001000100010001
0001000100010001
0001000100010001
0001000100010001
0001000100010001
0001000100010001
0001000100010001
0001000100010001
0001000100010001
0001000100010001
0001000100010001
0001000100010001
0001000100010001
0001000100010001
0001000100010001
0001000100010001
0001000100010001
0001000100010001
0001000100010001
0001000100010001
0001000100010001
0001000100010001
0001000100010001
0001000100010001
0001000100010001
0001000100010001
0001000100010001
0001000100010001
0001000100010001
0001000100010001
0001000100010001
0001000100010001
0222022200010001
0333022201110222
0666022201110333
0333088808880888
0333033303330333
09A9066602220333
0001033305550BBB
0001000100010001
0001000100010001
0777055505550001
0222011104440888
0444044404440444
0555066606550444
0333011103330111
0333033304440444
0001000100010222
0001000100010001
0001000100010001
0001000100010001
0001000100010001
0001000100010001
0001000100010001
0001000100010001
0001000100010001
0001000100010001
0001000100010001
0001000100010001
0001000100010001
0001000100010001
0001000100010001
0001000100010001
0001000100010001
0001000100010001
0001000100010001
0001000100010001
0001000100010001
0001000100010001
0001000100010001
0001000100010001
0001000100010001
0001000100010001
0001000100010001
0001000100010001
0001000100010001
0001000100010001
0001000100010001
0001000100010001
0001000100010001
0BBB000100010001
0222022202220222
0333011100000211
0222055506660666
0222000000000000
0222022202220111
0001000100010444
0001000100010001
0001000100010001
0001000100010001
0001000100010001
0001000100010001
0001000100010001
0001000100010001
0001000100010001
0001000100010001
0001000100010001
0001000100010001
0001000100010001
0001000100010001
0001000100010001
0001000100010001
0001000100010001
0001000100010001
0001000100010001
0001000100010001
0001000100010001
0001000100010001
0001000100010001
0001000100010001
0001000100010001
0001000100010001
0001000100010001
0001000100010001
0001000100010001
0001000100010001
0001000100010001
0001000100010001
0001000100010001
0001000100010001
0001000100010001
0001000100010001
0001000100010001
0001000100010001
0001000100010001
0001000100010001
0001000100010001
0001000100010001
0001000100010001
0001000100010001
0001000100010001
0001000100010001
0001000100010001
0001000100010001
0001000100010001
0001000100010001
0001000100010001
0001000100010001
0001000100010001
0001000100010001
0001000100010001
0001000100010001
0001000100010001
0001000100010001
0001000100010001
0001000100010001
0001000100010001
0001000100010001
0001000100010001
0001000100010001
0001000100010001
0001000100010001
0001000100010001
022202220BBB0001
0000011101110222
0666022200000000
0111032306660777
0222022200000000
0001044403330222
0001000100010001
0001000100010001
0001000100010001
0001000100010001
0001000100010001
0001000100010001
0001000100010001
0001000100010001
0001000100010001
0001000100010001
0001000100010001
0001000100010001
0001000100010001
0001000100010001
0001000100010001
0001000100010001
0001000100010001
0001000100010001
0001000100010001
0001000100010001
0001000100010001
0001000100010001
0001000100010001
0001000100010001
0001000100010001
0001000100010001
0001000100010001
0001000100010001
0001000100010001
0001000100010001
0001000100010001
0001000100010001
0001000100010001
0222000100010001
0334033303330333
0555022201110333
0222077708980777
0333033303330333
09A9033300000222
0001033304440888
0001000100010001
0001000100010001
0555055504440001
0222001000000666
0444044404440444
0000044404440444
0333011103330111
0444044404440444
0001000100010222
0001000100010001
0001000100010001
0001000100010001
0001000100010001
0001000100010001
0001000100010001
0001000100010001
0001000100010001
0001000100010001
0001000100010001
0001000100010001
0001000100010001
0001000100010001
0001000100010001
0001000100010001
0001000100010001
0001000100010001
0001000100010001
0001000100010001
0001000100010001
0001000100010001
0001000100010001
0001000100010001
0001000100010001
0001000100010001
0001000100010001
0001000100010001
0001000100010001
0001000100010001
0001000100010001
0001000100010001
0001000100010001
0001000100010001
0001000100010001
0333011100000001
0222055506660666
0001011100000110
0001000100010001
0001000100010001
0001000100010001
0001000100010001
0001000100010001
0001000100010001
0001000100010001
0001000100010001
0001000100010001
0001000100010001
0001000100010001
0001000100010001
0001000100010001
0001000100010001
0001000100010001
0001000100010001
0001000100010001
0001000100010001
0001000100010001
0001000100010001
0001000100010001
0001000100010001
0001000100010001
0001000100010001
0001000100010001
0001000100010001
0001000100010001
0001000100010001
0001000100010001
0001000100010001
0001000100010001
0001000100010001
0001000100010001
0001000100010001
0001000100010001
0001000100010001
0001000100010001
0001000100010001
0001000100010001
0001000100010001
0001000100010001
0001000100010001
0001000100010001
0001000100010001
0001000100010001
0001000100010001
0001000100010001
0001000100010001
0001000100010001
0001000100010001
0001000100010001
0001000100010001
0001000100010001
0001000100010001
0001000100010001
0001000100010001
0001000100010001
0001000100010001
0001000100010001
0001000100010001
0001000100010001
0001000100010001
0001000100010001
0001000100010001
0001000100010001
0001000100010001
0001000100010001
0001000100010001
0001000100010001
0001000100010001
0666033301110000
0111032306660777
0001000100000000
0001000100010001
0001000100010001
0001000100010001
0001000100010001
0001000100010001
0001000100010001
0001000100010001
0001000100010001
0001000100010001
0001000100010001
0001000100010001
0001000100010001
0001000100010001
0001000100010001
0001000100010001
0001000100010001
0001000100010001
0001000100010001
0001000100010001
0001000100010001
0001000100010001
0001000100010001
0001000100010001
0001000100010001
0001000100010001
0001000100010001
0001000100010001
0001000100010001
0001000100010001
0001000100010001
0001000100010001
0001000100010001
0001000100010001
0001000100010001
0333000100010001
0444033303330333
0111022201110333
0222043305550111
0333033303330333
0343000000000222
0001033303330444
0001000100010001
0001000100010001
0333055504440001
0333022200000222
0444044404440444
0111022203330444
0333011103330222
0444044404440444
0001000100010333
0001000100010001
0001000100010001
0001000100010001
0001000100010001
0001000100010001
0001000100010001
0001000100010001
0001000100010001
0001000100010001
0001000100010001
0001000100010001
0001000100010001
0001000100010001
0001000100010001
0001000100010001
0001000100010001
0001000100010001
0001000100010001
0001000100010001
0001000100010001
0001000100010001
0001000100010001
0001000100010001
0001000100010001
0001000100010001
0001000100010001
0001000100010001
0001000100010001
0001000100010001
0001000100010001
0001000100010001
0001000100010001
0001000100010001
0001000100010001
0111000001110001
0000011102220111
0001011100000000
0001000100010001
0001000100010001
0001000100010001
0001000100010001
0001000100010001
0000000100010001
0000000000000000
0000000000000000
0000000000000000
0000000000000000
0000000000000000
0000000000000000
0000000000000000
0000000000000000
0000000000000000
0000000000000000
0000000000000000
0000000000000000
0000000000000000
0000000000000000
0000000000000000
0000000000000000
0000000000000000
0000000000000000
0000000000000000
0000000000000000
0000000000000000
0000000000000000
0000000000000000
0000000000000000
0000000000000000
0000000000000000
0000000000000000
0000000000000000
0000000000000000
0000000000000000
0000000000000000
0000000000000000
0000000000000000
0000000000000000
0000000000000000
0000000000000000
0000000000000000
0000000000000000
0000000000000000
0000000000000000
0000000000000000
0000000000000000
0000000000000000
0000000000000000
0000000000000000
0000000000000000
0000000000000000
0000000000000000
0000000000000000
0000000000000000
0000000000000000
0000000000000000
0000000000000000
0000000000000000
0000000000000000
0000000000000000
0000000000000000
0001000000000000
0001000100010001
0001000100010001
0001000100010001
0001000100010001
0001000100010001
0001000100010001
0112000000000111
0000000002220222
0001000101110111
0001000100010001
0001000100010001
0001000100010001
0001000100010001
0001000100010001
0001000100010001
0001000100010001
0001000100010001
0001000100010001
0001000100010001
0001000100010001
0001000100010001
0001000100010001
0001000100010001
0001000100010001
0001000100010001
0001000100010001
0001000100010001
0001000100010001
0001000100010001
0001000100010001
0001000100010001
0001000100010001
0001000100010001
0001000100010001
0001000100010001
0001000100010001
0001000100010001
0001000100010001
0001000100010001
0001000100010001
0001000100010001
0001000100010001
0001000100010001
0444000100010001
0444033303330333
0222022201110333
0222022202120111
0333033303330333
0111000002220222
0001033303230222
0001000100010001
0001000100010001
0111055504440001
0111011101110111
0111011101110111
0111011101110111
0333011101110111
0444044404440444
0001000100010333
0001000100010001
0001000100010001
0001000100010001
0001000100010001
0001000100010001
0001000100010001
0001000100010001
0001000100010001
0001000100010001
0001000100010001
0001000100010001
0001000100010001
0001000100010001
0001000100010001
0001000100010001
0001000100010001
0001000100010001
0001000100010001
0001000100010001
0001000100010001
0001000100010001
0001000100010001
0001000100010001
0001000100010001
0001000100010001
0001000100010001
0001000100010001
0001000100010001
0001000100010001
0001000100010001
0001000100010001
0001000100010001
0001000100010001
0001000100010001
0333022205550001
0222044406660555
0001066601110111
0001000100010001
0001000100010001
0001000100010001
0001000100010001
0001000100010001
0C56011100010001
0B570B560B570C57
0A560B560B570B56
0A560A560A560A46
0A560A560A560A56
0A560A560A560A56
0A560A560A560A56
0A460A460A560A56
0A460A460A460A46
0A460A460A560A56
0A560A460A460A46
0A560A560A560B56
0A560A460A560A56
0A460A460A560B56
0A460A460A460A46
0A460A460A460A56
0A460A450A460A46
0A460A460A460A46
0A460A450A460A46
0A560A460A460A46
0A560A460A460A56
0A460A460A560B56
0A450A450A450A46
0945094509450945
0A4509450A450945
0945094509450A45
09450A450A450945
0A460A460A450A45
0834094509450A45
0935093409340834
0A450A450A450945
0A450A450A450A45
094509450A450A45
0935093509450945
0945094509450945
09450A4509450945
09450A450A450A45
0A450A460A450A45
0A450A550A560A45
0A450A450A450A45
0A450A450A450A45
0A560A560A560A46
0A560A560A560A46
0A460A560A560A46
0A460B560A460A46
0A450A550A450A45
0A560A560A450A46
0A450A460A460A46
0A450A450A460A46
0A560A460A450945
0A560A460A560A56
0A560A560A460A46
0A560A560A560A56
0A560A560A560A57
0A460A560A560A56
0B570B560A460A56
0A560A560B560B56
0B560B560B570A56
021209450B560B57
0001000100010666
0001000100010001
0001000100010001
0001000100010001
0001000100010001
0001000100010001
0555033301110444
0111022206660666
0001000100010111
0001000100010001
0001000100010001
0001000100010001
0001000100010001
0001000100010001
0001000100010001
0001000100010001
0001000100010001
0001000100010001
0001000100010001
0001000100010001
0001000100010001
0001000100010001
0001000100010001
0001000100010001
0001000100010001
0001000100010001
0001000100010001
0001000100010001
0001000100010001
0001000100010001
0001000100010001
0001000100010001
0001000100010001
0001000100010001
0001000100010001
0001000100010001
0001000100010001
0001000100010001
0001000100010001
0001000100010001
0001000100010001
0001000100010001
0001000100010001
0444000100010001
0444033303330333
0111000001110333
0111000000000110
0111011101110111
0000011101110111
0001033302220001
0001000100010001
0001000100010001
0222044404440001
0222011101110222
0222022202220222
0111022202220222
0333022201110111
0444044404440444
0001000100010333
0001000100010001
0001000100010001
0001000100010001
0001000100010001
0001000100010001
0001000100010001
0001000100010001
0001000100010001
0001000100010001
0001000100010001
0001000100010001
0001000100010001
0001000100010001
0001000100010001
0001000100010001
0001000100010001
0001000100010001
0001000100010001
0001000100010001
0001000100010001
0001000100010001
0001000100010001
0001000100010001
0001000100010001
0001000100010001
0001000100010001
0001000100010001
0001000100010001
0001000100010001
0001000100010001
0001000100010001
0001000100010001
0001000100010001
0001000100010001
0333022206660001
0222044406560555
0001099901110111
0001000100010001
0001000100010001
0001000100010001
0001000100010001
0001000100010001
00000C5701220001
0101000001110011
0101000001110001
0000000000000000
0000000100000000
0101000000000101
0111000001110000
0111000001010000
0100000000000000
0000000000000000
0000011100000000
0000000100000000
0000000000000111
0000000000000000
0111000000000000
0111000001000000
0000000000000000
0110001000000000
0000011100000010
0000000000000000
0000000000000000
0111000000000000
0000000000000000
0000000000000000
0000000000000000
0000000000000000
0000000000000000
0000000000010000
0000000000000000
0101000000000000
0101000000000000
0000000100000111
0000011100000111
0000000000000111
0101000000000000
0001000000000000
0111000001110111
0000000100010001
0000000000000000
0000000000000000
0000000000000000
0000000100000001
0000000000000000
0000011100000111
0000000000000000
0000000000000000
0000000000000000
0000000000000000
0000000000000001
0000011100000101
0000011100000111
0000000000000111
0011010100000000
0000000000000000
0000000000000100
0111000001110000
0001000000000000
0000000000000000
0D67000000000001
0001000100010000
0001000100010001
0001000100010001
0001000100010001
0001000100010001
0001000100010001
0555033302220444
0111022206660666
0001000100010111
0001000100010001
0001000100010001
0001000100010001
0001000100010001
0001000100010001
0001000100010001
0001000100010001
0001000100010001
0001000100010001
0001000100010001
0001000100010001
0001000100010001
0001000100010001
0001000100010001
0001000100010001
0001000100010001
0001000100010001
0001000100010001
0001000100010001
0001000100010001
0001000100010001
0001000100010001
0001000100010001
0001000100010001
0001000100010001
0001000100010001
0001000100010001
0001000100010001
0001000100010001
0001000100010001
0001000100010001
0001000100010001
0001000100010001
0001000100010001
0444000100010001
0444033303330333
0111011102220333
0222011101110111
0222022202220222
0111011101110111
0001033302220222
0001000100010001
0001000100010001
0444033304440001
0333033303330333
0333033303330333
0333033303330333
0444033303330333
0444044404440333
0001000100010333
0001000100010001
0001000100010001
0001000100010001
0001000100010001
0001000100010001
0001000100010001
0001000100010001
0001000100010001
0001000100010001
0001000100010001
0001000100010001
0001000100010001
0001000100010001
0001000100010001
0001000100010001
0001000100010001
0001000100010001
0001000100010001
0001000100010001
0001000100010001
0001000100010001
0001000100010001
0001000100010001
0001000100010001
0001000100010001
0001000100010001
0001000100010001
0001000100010001
0001000100010001
0001000100010001
0001000100010001
0001000100010001
0001000100010001
0001000100010001
0444033306660001
0222044406660555
00010AAA01110111
0001000100010001
0001000100010001
0001000100010001
0001000100010001
0001000100010001
0111084405230777
0322011103330111
0222011103220222
0000022202220211
0000033300000333
0222022100000333
0222011102220111
0332000003220111
0322000003220000
0222011102220111
0111022202220222
0000032200000322
0111032200000333
0222022201110222
0322000002220222
0322000003330000
0222011102220000
0211022102220211
0000022200000222
0000022200000222
0222021102220222
0222021102220212
0222000002220000
0222000103220000
0111022202220222
0000022201110222
0111022200000222
0222011102220222
0222011103220111
0322011102220000
0222011102220111
0111022201110222
0000022201110222
0111022200000222
0222011102110222
0222011102220111
0222000002220111
0322000002220000
0322011102220000
0322010103220111
0111022202110222
0101022202110222
0000022200000222
0111022200000322
0111022201110222
0322011102120222
0322000003220000
0222021103220000
0222022202220222
0000022201110222
0000033300000333
0111032201110322
0332033302220332
0111032202220222
0322011101110333
0333000003330100
0222022203220000
0211022202220222
0745022200000322
0001000102220723
0001000100010001
0001000100010001
0001000100010001
0001000100010001
0001000100010001
0555033302220444
0111022206660666
0001000100010222
0001000100010001
0001000100010001
0001000100010001
0001000100010001
0001000100010001
0001000100010001
0001000100010001
0001000100010001
0001000100010001
0001000100010001
0001000100010001
0001000100010001
0001000100010001
0001000100010001
0001000100010001
0001000100010001
0001000100010001
0001000100010001
0001000100010001
0001000100010001
0001000100010001
0001000100010001
0001000100010001
0001000100010001
0001000100010001
0001000100010001
0001000100010001
0001000100010001
0001000100010001
0001000100010001
0001000100010001
0001000100010001
0001000100010001
0001000100010001
0555000100010001
0333033303330333
0333044403330333
0333033303330333
0333033303330333
0333033303330333
0001033303330333
0001000100010001
0001000100010001
0CCC000100010001
0111011101110000
0222022202220111
0222022202220222
0222022202220222
0333032303330222
0001000100010333
0001000100010001
0001000100010001
0001000100010001
0001000100010001
0001000100010001
0001000100010001
0001000100010001
0001000100010001
0001000100010001
0001000100010001
0001000100010001
0001000100010001
0001000100010001
0001000100010001
0001000100010001
0001000100010001
0001000100010001
0001000100010001
0001000100010001
0001000100010001
0001000100010001
0001000100010001
0001000100010001
0001000100010001
0001000100010001
0001000100010001
0001000100010001
0001000100010001
0001000100010001
0001000100010001
0001000100010001
0001000100010001
0001000100010001
0001000100010001
0555033307770001
0222044406660555
00010AAA02220111
0001000100010001
0001000100010001
0001000100010001
0001000100010001
0CCC000100010001
000000000A460000
0000000000000000
0000000000000000
0000000000000000
0000000000000000
0000000000000000
0000000000000000
0000000000000000
0000000000000000
0000000000000000
0000000000000000
0000000000000000
0000000000000000
0000000000000000
0000000000000000
0000000000000000
0000000000000000
0000000000000000
0000000000000000
0000000000000000
0000000000000000
0000000000000000
0000000000000000
0000000000000000
0000000000000000
0000000000000000
0000000000000000
0000000000000000
0000000000000000
0000000000000000
0000000000000000
0000000000000000
0000000000000000
0000000000000000
0000000000000000
0000000000000000
0000000000000000
0000000000000000
0000000000000000
0000000000000000
0000000000000000
0000000000000000
0000000000000000
0000000000000000
0000000000000000
0000000000000000
0000000000000000
0000000000000000
0000000000000000
0000000000000000
0000000000000000
0000000000000000
0000000000000000
0000000000000000
0000000000000000
0000000000000000
0000000000000000
0000000000000000
0000000000000000
0001000100000623
0001000100010001
0001000100010001
0001000100010001
0001000100010001
0001000100010001
0555044403330555
0111022206660666
0001000100010222
0001000100010001
0001000100010001
0001000100010001
0001000100010001
0001000100010001
0001000100010001
0001000100010001
0001000100010001
0001000100010001
0001000100010001
0001000100010001
0001000100010001
0001000100010001
0001000100010001
0001000100010001
0001000100010001
0001000100010001
0001000100010001
0001000100010001
0001000100010001
0001000100010001
0001000100010001
0001000100010001
0001000100010001
0001000100010001
0001000100010001
0001000100010001
0001000100010001
0001000100010001
0001000100010001
0001000100010001
0001000100010001
0001000100010001
0001000100010001
0777000100010001
0222022202220222
0222033302220222
0222022202220222
0333033303330323
0222022202220333
0001000100010001
0001000100010001
0001000100010001
0001000100010001
0001000100010001
0001000100010001
0001000100010001
0001000100010001
0001000100010001
0001000100010001
0001000100010001
0001000100010001
0001000100010001
0001000100010001
0001000100010001
0001000100010001
0001000100010001
0001000100010001
0001000100010001
0001000100010001
0001000100010001
0001000100010001
0001000100010001
0001000100010001
0001000100010001
0001000100010001
0001000100010001
0001000100010001
0001000100010001
0001000100010001
0001000100010001
0001000100010001
0001000100010001
0001000100010001
0001000100010001
0001000100010001
0001000100010001
0001000100010001
0001000100010001
0001000100010001
0001000100010001
0001000100010001
0001000100010001
0001000100010001
0555043407770001
0222044406660555
00010BBB02220111
0001000100010001
0001000100010001
0001000100010001
0001000100010001
0001000100010001
032200000A460000
0322000003330000
0222011102220111
0000021102220111
0000032200000322
0222011100000322
0322000002220111
0322000002220111
0322000003320000
0111022202220111
0111022202110222
0000022200000222
0001033300000222
0111022201110333
0222000002220222
0333000002220000
0211011102220000
0211011102220111
0000022200000111
0000022200000222
0222022202220222
0322022202110111
0322000003220000
0111000003220000
0000022201110111
0000022200000222
0000032200000322
0222000002220222
0322000002220000
0222000002220000
0222000002220000
0000022201110222
0000022200000222
0000022200000322
0222011100000222
0322011102220111
0322000003220000
0432000003320000
0222000003220000
0322000003220111
0111022200000211
0000032201110222
0000032200000332
0111022200000222
0111021101110222
0322000002220222
0322000003220000
0111022202220000
0111022202210222
0000022200000322
0000033200000222
0111022201110222
0222022201110222
0111022201110111
0333000001110222
0333000003330000
0222011102220000
0111022201110222
0000022200000222
0001000100000834
0001000100010001
0001000100010001
0001000100010001
0001000100010001
0001000100010001
0555055503330666
0111022206660666
0001000100010222
0001000100010001
0001000100010001
0001000100010001
0001000100010001
0001000100010001
0001000100010001
0001000100010001
0001000100010001
0001000100010001
0001000100010001
0001000100010001
0001000100010001
0001000100010001
0001000100010001
0001000100010001
0001000100010001
0001000100010001
0001000100010001
0001000100010001
0001000100010001
0001000100010001
0001000100010001
0001000100010001
0001000100010001
0001000100010001
0001000100010001
0001000100010001
0001000100010001
0001000100010001
0001000100010001
0001000100010001
0001000100010001
0001000100010001
0001000100010001
0001000100010001
0001000100010001
0001000100010001
0001000100010001
0001000100010001
0001000100010001
0001000100010001
0001000100010001
0001000100010001
0001000100010001
0001000100010001
0001000100010001
0001000100010001
0001000100010001
0001000100010001
0001000100010001
0001000100010001
0001000100010001
0001000100010001
0001000100010001
0001000100010001
0001000100010001
0001000100010001
0001000100010001
0001000100010001
0001000100010001
0001000100010001
0001000100010001
0001000100010001
0001000100010001
0001000100010001
0001000100010001
0001000100010001
0001000100010001
0001000100010001
0001000100010001
0001000100010001
0001000100010001
0001000100010001
0001000100010001
0001000100010001
0001000100010001
0001000100010001
0001000100010001
0001000100010001
0001000100010001
0001000100010001
0001000100010001
0001000100010001
0001000100010001
0555044407780001
0222044406660555
00010BBB03330111
0001000100010001
0001000100010001
0001000100010001
0001000100010001
0001000100010001
0000000009450000
0000000000000000
0000000000000000
0000000000000000
0000000000000000
0000000000000000
0000000000000000
0000000000000000
0000000000000000
0000000000000000
0000000000000000
0000000000000000
0000000000000000
0000000000000000
0000000000000000
0000000000000000
0000000000000000
0000000000000000
0000000000000000
0000000000000000
0000000000000000
0300010002000100
0300000002000000
0100000004010000
0100010001000200
0000030001000100
0000020001000300
0200010002000200
0200000002000100
0200000002000000
0301000003010000
0100010001000200
0000020001000100
0000020000000200
0200010000000200
0200010002000100
0300010002000100
0300010002000000
0300000002000000
0200000003000000
0100010001000100
0000020001000200
0000000000000301
0000000000000000
0100020001000100
0200000001000200
0200000003000000
0300010003000000
0200010001000100
0000000000000200
0000000000000000
0000000000000000
0000000000000000
0000000000000000
0000000000000000
0000000000000000
0000000000000000
0000000000000000
0000000000000000
0001000100000834
0001000100010001
0001000100010001
0001000100010001
0001000100010001
0001000100010001
0555055504440666
0111022206660666
0001000100010222
0001000100010001
0001000100010001
0001000100010001
0001000100010001
0001000100010001
0001000100010001
0001000100010001
0001000100010001
0001000100010001
0001000100010001
0001000100010001
0001000100010001
0001000100010001
0001000100010001
0001000100010001
0001000100010001
0001000100010001
0001000100010001
0001000100010001
0001000100010001
0001000100010001
0001000100010001
0001000100010001
0001000100010001
0001000100010001
0001000100010001
0001000100010001
0001000100010001
0001000100010001
0001000100010001
0001000100010001
0001000100010001
0001000100010001
0001000100010001
0001000100010001
0001000100010001
0001000100010001
0001000100010001
0001000100010001
0001000100010001
0001000100010001
0001000100010001
0001000100010001
0001000100010001
0001000100010001
0001000100010001
0001000100010001
0001000100010001
0001000100010001
0001000100010001
0001000100010001
0001000100010001
0001000100010001
0001000100010001
0001000100010001
0001000100010001
0001000100010001
0001000100010001
0001000100010001
0001000100010001
0001000100010001
0001000100010001
0001000100010001
0001000100010001
0001000100010001
0001000100010001
0001000100010001
0001000100010001
0001000100010001
0001000100010001
0001000100010001
0001000100010001
0001000100010001
0001000100010001
0001000100010001
0001000100010001
0001000100010001
0001000100010001
0001000100010001
0001000100010001
0001000100010001
0001000100010001
0001000100010001
0001000100010001
0556054508880001
0222044406660555
00010BBB03330111
0001000100010001
0001000100010001
0001000100010001
0001000100010001
0001000100010001
0322000009450000
0222000003330000
0222011103330111
0000011102220111
0000033200000333
0222022200000333
0222011102220111
0333000003330111
0332000003330000
0222022202220111
0111022202220222
0000033300000333
0111032200000333
0211022201110323
0222000002220222
0322000003220000
0222011102220000
0211021102220211
0000022200000222
0100022200000222
0C020C2301110222
0F240F240F130F24
0F2408000F240B00
0F240B010F240900
0D120F140F130F14
0A010F130C120F25
08000F240A000F14
0F240E130F240F25
0F240B010F240D12
0F240B020F140A01
0F240C020F240C01
0C120F240E130F24
0A010F130D120F24
0A010F240A000F24
0F140E130B010F24
0F350D230F140D13
0F2408000F350C13
0F350A000F240A00
0F240B010F240900
0F240A010F140B01
0D130F250E130F24
07000F240C120F14
0000022201000F24
0100021200000221
0E230F250E020F24
0F2408000F240F24
0F2408000F240A00
0F240E130F250900
0F240F240F140E13
0000022203000F13
0000022200000222
0111022201110322
0322022202110222
0111022201110111
0332011101110333
0333000003220110
0222022202220000
0222022202220222
0000022200000222
0001000100000834
0001000100010001
0001000100010001
0001000100010001
0001000100010001
0001000100010001
0555055504440666
0111022206660666
0001000100010333
0001000100010001
0001000100010001
0001000100010001
0001000100010001
0001000100010001
0001000100010001
0001000100010001
0001000100010001
0001000100010001
0001000100010001
0001000100010001
0001000100010001
0001000100010001
0001000100010001
0001000100010001
0001000100010001
0001000100010001
0001000100010001
0001000100010001
0001000100010001
0001000100010001
0001000100010001
0001000100010001
0001000100010001
0001000100010001
0001000100010001
0001000100010001
0001000100010001
0001000100010001
0001000100010001
0001000100010001
0001000100010001
0001000100010001
0001000100010001
0001000100010001
0001000100010001
0001000100010001
0001000100010001
0001000100010001
0001000100010001
0001000100010001
0001000100010001
0001000100010001
0001000100010001
0001000100010001
0001000100010001
0001000100010001
0001000100010001
0001000100010001
0001000100010001
0001000100010001
0001000100010001
0001000100010001
0001000100010001
0001000100010001
0001000100010001
0001000100010001
0001000100010001
0001000100010001
0001000100010001
0001000100010001
0001000100010001
0001000100010001
0001000100010001
0001000100010001
0001000100010001
0001000100010001
0001000100010001
0001000100010001
0001000100010001
0001000100010001
0001000100010001
0001000100010001
0001000100010001
0001000100010001
0001000100010001
0001000100010001
0001000100010001
0001000100010001
0001000100010001
0001000100010001
0001000100010001
0001000100010001
0001000100010001
0666055508880001
0222044406660555
00010BBB03330111
0001000100010001
0001000100010001
0001000100010001
0001000100010001
0001000100010001
0100000009450000
0000000000000000
0000000000000000
0000000000000000
0000000000000000
0000000000000000
0000000000000000
0000000000000000
0000000000000000
0000000000000000
0000000000000000
0000000000000000
0000000000000000
0000000000000000
0000000000000000
0000000000000000
0000000000000000
0000000000000000
0000000000000000
0000061200000000
0601091202000812
0E14060006000701
0B0203000D030300
060003000E130300
0500080107000901
02000D0205000901
0400090103000B02
0901050008010A01
0B0203000B010300
0B0203000B020300
0B0203000C130300
0500070106000801
03000A0104000901
04000A0103000C03
0801070004000A02
0901060008010500
0B0104000C120600
0D0204000B020400
0C0204000A010400
0B0104000B020400
0500080106000801
0200090105000700
0000000000000300
04000C1301000000
0500080107000901
0C02030006000800
0C0205000C020300
090106000A010400
07010A010B020400
0000000000000601
0000000000000000
0000000000000000
0000000000000000
0000000000000000
0000000000000000
0000000000000000
0000000000000000
0000000000000000
0000000000000000
0001000100000724
0001000100010001
0001000100010001
0001000100010001
0001000100010001
0001000100010001
0555044404340666
0111022206660666
0001000100010333
0001000100010001
0001000100010001
0001000100010001
0001000100010001
0001000100010001
0001000100010001
0001000100010001
0001000100010001
0001000100010001
0001000100010001
0001000100010001
0001000100010001
0001000100010001
0001000100010001
0001000100010001
0001000100010001
0001000100010001
0001000100010001
0001000100010001
0001000100010001
0001000100010001
0001000100010001
0001000100010001
0001000100010001
0001000100010001
0001000100010001
0001000100010001
0001000100010001
0001000100010001
0001000100010001
0001000100010001
0001000100010001
0001000100010001
0001000100010001
0001000100010001
0001000100010001
0001000100010001
0001000100010001
0001000100010001
0001000100010001
0001000100010001
0001000100010001
0001000100010001
0001000100010001
0001000100010001
0001000100010001
0001000100010001
0001000100010001
0001000100010001
0001000100010001
0001000100010001
0001000100010001
0001000100010001
0001000100010001
0001000100010001
0001000100010001
0001000100010001
0001000100010001
0001000100010001
0001000100010001
0001000100010001
0001000100010001
0001000100010001
0001000100010001
0001000100010001
0001000100010001
0001000100010001
0001000100010001
0001000100010001
0001000100010001
0001000100010001
0001000100010001
0001000100010001
0001000100010001
0001000100010001
0001000100010001
0001000100010001
0001000100010001
0001000100010001
0001000100010001
0001000100010001
0001000100010001
0001000100010001
0001000100010001
0666066609990001
0222044406660555
00010BBB02220111
0001000100010001
0001000100010001
0001000100010001
0001000100010001
0001000100010001
0332000009450000
0222000003330000
0222001002220111
0000011102220010
0000033300000333
0222011100000322
0222000002220111
0333000002220111
0222000003220000
0111011102210111
0111011102220111
0000022200000333
0110033300000333
0111022201110222
0322000001110222
0222000002220000
0222011102220000
0111011102220111
0000022200000211
0C020F1306110211
0F130F140F130F24
0F250F240F130F24
0F240B010F240C01
0F240C020F240C01
0E130F250F240F24
0C020F350E240F35
0D020F350B020F24
0F250E130F250F35
0F240C020F240E13
0F240B010F240B01
0F240C020F240D02
0E130F240E240F24
0B010F240D130F35
0C020F240B020F24
0F240E240D120F25
0F240E240F240E24
0F350B000F360D13
0F350B010F240B01
0F350D120F250C01
0F250D020F240D13
0D230F360E240F35
03000F250E140F35
0000022200000111
0E120F130D240311
0E240F360E130F24
0F250C010F240F35
0F350B000F360B01
0F360E240F250B01
03000F350F350F34
0000022200000222
0000022200000222
0111022200000222
0222011102220221
0000022200000111
0222011000000222
0333000002220000
0222012102220000
0111022201110111
0000022200000222
0001000100000734
0001000100010001
0001000100010001
0001000100010001
0001000100010001
0001000100010001
0555033302220666
0111022206660666
0001000100010333
0001000100010001
0001000100010001
0001000100010001
0001000100010001
0001000100010001
0001000100010001
0001000100010001
0001000100010001
0001000100010001
0001000100010001
0001000100010001
0001000100010001
0001000100010001
0001000100010001
0001000100010001
0001000100010001
0001000100010001
0001000100010001
0001000100010001
0001000100010001
0001000100010001
0001000100010001
0001000100010001
0001000100010001
0001000100010001
0001000100010001
0001000100010001
0001000100010001
0001000100010001
0001000100010001
0001000100010001
0001000100010001
0001000100010001
0001000100010001
0001000100010001
0001000100010001
0001000100010001
0001000100010001
0001000100010001
0001000100010001
0001000100010001
0001000100010001
0001000100010001
0001000100010001
0001000100010001
0001000100010001
0001000100010001
0001000100010001
0001000100010001
0001000100010001
0001000100010001
0001000100010001
0001000100010001
0001000100010001
0001000100010001
0001000100010001
0001000100010001
0001000100010001
0001000100010001
0001000100010001
0001000100010001
0001000100010001
0001000100010001
0001000100010001
0001000100010001
0001000100010001
0001000100010001
0001000100010001
0001000100010001
0001000100010001
0001000100010001
0001000100010001
0001000100010001
0001000100010001
0001000100010001
0001000100010001
0001000100010001
0001000100010001
0001000100010001
0001000100010001
0001000100010001
0001000100010001
0001000100010001
0001000100010001
0666066609990001
0222044406660555
00010BBB02220111
0001000100010001
0001000100010001
0001000100010001
0001000100010001
0001000100010001
0000000009450000
0000000000000000
0000000000000000
0000000000000000
0000011000000111
0000000000000000
0111000001110000
0000000001110000
0110000001110000
0000000000000000
0000000000000000
0000011100000000
0000000000000000
0000000000000000
0000000000000000
0000000000000000
0000000000000000
0000000000000000
0200071200000000
04000E0302000E13
09010C1206000801
0E1308010A010901
0E1403000E140300
070004000E130300
0500090106000901
04000F1405000B02
04000D0304000D03
0C0206000A010B02
0D0304000C020500
0D0304000D030300
0C0205000D020400
0600090106000901
04000D1205000A01
04000D0303000D03
0B02070004000C12
080106000A010600
0E1304000E140500
0D0303000D130300
0D0204000B020400
0D0205000C020600
08010A0107000A01
0000000004000D12
0100010100000111
06000E1305000F24
07000B0107000C02
0D0304000A010B01
0D0304000D030400
0C1205000D020400
000001000A020700
0000011100000000
0000000000000000
0000000000000000
0000000000000000
0000000000000000
0000000000000000
0111000001110000
0000000000000000
0000000000000000
0000011100000000
0001000100000834
0001000100010001
0001000100010001
0001000100010001
0001000100010001
0001000100010001
0555022202220666
0111022206660666
0001000100010333
0001000100010001
0001000100010001
0001000100010001
0001000100010001
0001000100010001
0001000100010001
0001000100010001
0001000100010001
0001000100010001
0001000100010001
0001000100010001
0001000100010001
0001000100010001
0001000100010001
0001000100010001
0001000100010001
0001000100010001
0001000100010001
0001000100010001
0001000100010001
0001000100010001
0001000100010001
0001000100010001
0001000100010001
0001000100010001
0001000100010001
0001000100010001
0001000100010001
0001000100010001
0001000100010001
0001000100010001
0001000100010001
0001000100010001
0001000100010001
0001000100010001
0001000100010001
0001000100010001
0001000100010001
0001000100010001
0001000100010001
0001000100010001
0001000100010001
0001000100010001
0001000100010001
0001000100010001
0001000100010001
0001000100010001
0001000100010001
0001000100010001
0001000100010001
0001000100010001
0001000100010001
0001000100010001
0001000100010001
0001000100010001
0001000100010001
0001000100010001
0001000100010001
0001000100010001
0001000100010001
0001000100010001
0001000100010001
0001000100010001
0001000100010001
0001000100010001
0001000100010001
0001000100010001
0001000100010001
0001000100010001
0001000100010001
0001000100010001
0001000100010001
0001000100010001
0001000100010001
0001000100010001
0001000100010001
0001000100010001
0001000100010001
0001000100010001
0001000100010001
0001000100010001
0001000100010001
0001000100010001
0001000100010001
0777066609990001
0222044406660555
00010BBB02220101
0001000100010001
0001000100010001
0001000100010001
0001000100010001
0001000100010001
0222000009450000
0222000003330000
0322011102220111
0000011102220111
0000033300000333
0222022200000333
0222011102220111
0222000003330111
0333000003330000
0222011102220111
0111011102220111
0000032200000322
0111033300000322
0111022201110222
0333000002220222
0222000003330000
0222011102220000
0111011102220222
0D130F130B230000
0C020F140E130F13
0F140F140F240F25
0F240F240F130F14
0F140E120F240C12
0F240E120F140E13
0F240F240F240F24
0C020F240F240F35
0E130F250C020F24
0F140F130F240F25
0F240F230F140E13
0F140E130F240D13
0F140E020F130E13
0F140F240F240F14
0C020F130E130F24
0D130F240D120F14
0F140F240F130F24
0F140F240F240F24
0F140F130F250F24
0F240E120F140E12
0F130E130F150E02
0F240F130F140F02
0F130F250E240F24
0000022201000F24
0D13031100000222
0F140F240E130F13
0F240F360E130F24
0F140D020F140F14
0F240D020F240C01
0F130F130F240D02
012202110A020F13
0000022200000222
0000033300000222
0111032201110222
0222011102220222
0000022201110111
0222011100000322
0332000003320000
0222011102220000
0222022202220222
0000022200000222
0001000100000824
0001000100010001
0001000100010001
0001000100010001
0001000100010001
0001000100010001
0555021102110666
0111022206660666
0001000100010333
0001000100010001
0001000100010001
0001000100010001
0001000100010001
0001000100010001
0001000100010001
0001000100010001
0001000100010001
0001000100010001
0001000100010001
0001000100010001
0001000100010001
0001000100010001
0001000100010001
0001000100010001
0001000100010001
0001000100010001
0001000100010001
0001000100010001
0001000100010001
0001000100010001
0001000100010001
0001000100010001
0001000100010001
0001000100010001
0001000100010001
0001000100010001
0001000100010001
0001000100010001
0001000100010001
0001000100010001
0001000100010001
0001000100010001
0001000100010001
0001000100010001
0001000100010001
0001000100010001
0001000100010001
0001000100010001
0001000100010001
0001000100010001
0001000100010001
0001000100010001
0001000100010001
0001000100010001
0001000100010001
0001000100010001
0001000100010001
0001000100010001
0001000100010001
0001000100010001
0001000100010001
0001000100010001
0001000100010001
0001000100010001
0001000100010001
0001000100010001
0001000100010001
0001000100010001
0001000100010001
0001000100010001
0001000100010001
0001000100010001
0001000100010001
0001000100010001
0001000100010001
0001000100010001
0001000100010001
0001000100010001
0001000100010001
0001000100010001
0001000100010001
0001000100010001
0001000100010001
0001000100010001
0001000100010001
0001000100010001
0001000100010001
0001000100010001
0001000100010001
0001000100010001
0001000100010001
0001000100010001
0001000100010001
0777076709990001
0111044406660555
00010BBB02220100
0001000100010001
0001000100010001
0001000100010001
0001000100010001
0CCC000100010001
0000000009450000
0000000000000000
0000000000000000
0000000000000000
0000000000000000
0000000000000000
0000000000000000
0000000000000000
0000000000000000
0000000000000000
0000000000000000
0000000000000000
0000000000000000
0000000000000000
0000000000000000
0000000000000000
0000000000000000
0401000000000000
03000C0204000300
03000E0303000E03
06000A0105000901
0D03060007000901
0E0304000E030400
060003000E030300
0400080005000800
03000D0204000901
04000B0103000D02
0A01050008000A01
0D0304000C020400
0B0203000C020400
0B0203000C020300
0400080005000800
03000B0104000800
04000C0203000D03
0801060003000B02
0801050008010600
0E0303000D030400
0D0204000E030300
0C0103000A010400
0C0203000C020400
0701090105000901
0000000000000200
03000E1400000000
04000E0303000E03
0500080005000901
0B01040008000800
0D0304000D020400
0D1204000A010300
0000000000000300
0000000000000000
0000000000000000
0000000000000000
0000000000000000
0000000000000000
0000000000000000
0000000000000000
0000000000000000
0000000000000000
0000000000000000
0001000100000824
0001000100010001
0001000100010001
0001000100010001
0001000100010001
0001000100010001
0555011101110666
0111022206660666
0001000100010333
0001000100010001
0001000100010001
0001000100010001
0001000100010001
0001000100010001
0001000100010001
0001000100010001
0001000100010001
0001000100010001
0001000100010001
0001000100010001
0001000100010001
0001000100010001
0001000100010001
0001000100010001
0001000100010001
0001000100010001
0001000100010001
0001000100010001
0001000100010001
0001000100010001
0001000100010001
0001000100010001
0001000100010001
0001000100010001
0001000100010001
0001000100010001
0001000100010001
0001000100010001
0001000100010001
0001000100010001
0001000100010001
0001000100010001
0001000100010001
0001000100010001
0001000100010001
0001000100010001
0001000100010001
0001000100010001
0001000100010001
0001000100010001
0001000100010001
0001000100010001
0001000100010001
0001000100010001
0001000100010001
0001000100010001
0001000100010001
0001000100010001
0001000100010001
0001000100010001
0001000100010001
0001000100010001
0001000100010001
0001000100010001
0001000100010001
0001000100010001
0001000100010001
0001000100010001
0001000100010001
0001000100010001
0001000100010001
0001000100010001
0001000100010001
0001000100010001
0001000100010001
0001000100010001
0001000100010001
0001000100010001
0001000100010001
0001000100010001
0001000100010001
0001000100010001
0001000100010001
0001000100010001
0001000100010001
0001000100010001
0001000100010001
0001000100010001
0001000100010001
0001000100010001
0001000100010001
0001000100010001
0001000100010001
0777077709990001
0111044406660555
00010BBB02220100
0001000100010001
0001000100010001
0001000100010001
0001000100010001
0CCC000100010001
0222000009450000
0222000002220000
0322011103330111
0000022202220111
0000033200000222
0222022200000333
0222011102220111
0322000002220111
0332000002220000
0222011102220111
0111021102220222
0000022200000222
0111022200000222
0111022201110222
0222000002220222
0222000002220000
0211011102220000
0F24020002220111
0E130F240F130F13
0E020F240E120F14
0F140F140F130F24
0F240F140F140F14
0F140E020F140C01
0F250E030F240E13
0F140F350F250F25
0E030F140E130F25
0E130F240D020F24
0F140F140F240F25
0F250E130F240F24
0F140E030F240C02
0F140D020F140E13
0F140F250F240F14
0D020F240F140F24
0E130F240D020F14
0F240F140E130F14
0F240F240F240F24
0F140D020F140F14
0F240D020F140E03
0F140F130F140E02
0F240E030F240F13
01000F140F140F24
0111021100000222
0F130F240E140201
0F130F240F130F14
0F140F240F140F24
0F140C020F140F25
0F140C010F240C01
09010F140F140D01
0222022202220211
0000022200000222
0000022200000222
0111022200000222
0222011102220222
0000022200000111
0222011100000222
0222000002220000
0222022102220000
0222022202220111
0000022200000222
0001000100000723
0001000100010001
0001000100010001
0001000100010001
0001000100010001
0001000100010001
0555011101110767
0111022306660666
0001000100010333
0001000100010001
0001000100010001
0001000100010001
0001000100010001
0001000100010001
0001000100010001
0001000100010001
0001000100010001
0001000100010001
0001000100010001
0001000100010001
0001000100010001
0001000100010001
0001000100010001
0001000100010001
0001000100010001
0001000100010001
0001000100010001
0001000100010001
0001000100010001
0001000100010001
0001000100010001
0001000100010001
0001000100010001
0001000100010001
0001000100010001
0001000100010001
0001000100010001
0001000100010001
0001000100010001
0001000100010001
0001000100010001
0001000100010001
0001000100010001
0001000100010001
0001000100010001
0001000100010001
0001000100010001
0001000100010001
0001000100010001
0001000100010001
0001000100010001
0001000100010001
0001000100010001
0001000100010001
0001000100010001
0001000100010001
0001000100010001
0001000100010001
0001000100010001
0001000100010001
0001000100010001
0001000100010001
0001000100010001
0001000100010001
0001000100010001
0001000100010001
0001000100010001
0001000100010001
0001000100010001
0001000100010001
0001000100010001
0001000100010001
0001000100010001
0001000100010001
0001000100010001
0001000100010001
0001000100010001
0001000100010001
0001000100010001
0001000100010001
0001000100010001
0001000100010001
0001000100010001
0001000100010001
0001000100010001
0001000100010001
0001000100010001
0001000100010001
0001000100010001
0001000100010001
0001000100010001
0001000100010001
0001000100010001
0777077709990001
0111044406660555
00010BBB02220100
0001000100010001
0001000100010001
0001000100010001
0001000100010001
0001000100010001
0000000009450000
0000000000000000
0000000000000000
0000000000000000
0000000000000000
0000000000000000
0000000000000000
0000000000000000
0000000000000000
0000000000000000
0000000000000000
0000000000000000
0000000000000000
0000000000000000
0000000000000000
0000000000000000
0000000000000000
0B02050008010000
03000D0206000600
03000F0304000D02
06000A0105000A01
0D03070007000700
0F0303000E030300
070002000E030200
0400090107000801
02000D0203000A01
03000D0202000D03
0B0104000A010B01
0C0203000C020300
0D0203000C020300
0C0202000D020200
0400090005000700
03000B0103000A01
03000D0203000D03
0801060003000C02
0800050008010500
0D0203000E030500
0D0203000D030300
0C0204000A010400
0C0204000B020400
0000010006000A01
0100000000000000
03000F1403000E14
05000F1403000F03
06000A0105000C02
0D02040007000800
0D0204000D020400
000002000B010400
0000000000000000
0000000000000000
0000000000000000
0000000000000000
0000000000000000
0000000000000000
0000000000000000
0000000000000000
0000000000000000
0000000000000000
0000000000000000
0001000100000824
0001000100010001
0001000100010001
0001000100010001
0001000100010001
0001000100010001
0555011101110766
0111033306660666
0001000100010333
0001000100010001
0001000100010001
0001000100010001
0001000100010001
0001000100010001
0001000100010001
0001000100010001
0001000100010001
0001000100010001
0001000100010001
0001000100010001
0001000100010001
0001000100010001
0001000100010001
0001000100010001
0001000100010001
0001000100010001
0001000100010001
0001000100010001
0001000100010001
0001000100010001
0001000100010001
0001000100010001
0001000100010001
0001000100010001
0001000100010001
0001000100010001
0001000100010001
0001000100010001
0001000100010001
0001000100010001
0001000100010001
0001000100010001
0001000100010001
0001000100010001
0001000100010001
0001000100010001
0001000100010001
0001000100010001
0001000100010001
0001000100010001
0001000100010001
0001000100010001
0001000100010001
0001000100010001
0001000100010001
0001000100010001
0001000100010001
0001000100010001
0001000100010001
0001000100010001
0001000100010001
0001000100010001
0001000100010001
0001000100010001
0001000100010001
0001000100010001
0001000100010001
0001000100010001
0001000100010001
0001000100010001
0001000100010001
0001000100010001
0001000100010001
0001000100010001
0001000100010001
0001000100010001
0001000100010001
0001000100010001
0001000100010001
0001000100010001
0001000100010001
0001000100010001
0001000100010001
0001000100010001
0001000100010001
0001000100010001
0001000100010001
0001000100010001
0001000100010001
0001000100010001
0001000100010001
0001000100010001
0001000100010001
0777077709990001
0111044406660555
00010BBB02220100
0001000100010001
0001000100010001
0001000100010001
0001000100010001
0001000100010001
0222000009450000
0333000002220000
0333011103330111
0000011102220111
0000022200000222
0222011100000333
0222011102220111
0222000002220111
0222000002220000
0222011102220111
0111011102220221
0000022200000333
0111022200000222
0221022201110222
0222000002220222
0222000002220000
0211011102220000
0F240E130F140411
0D130F240E130F23
0D020F250C020F14
0F140F240F240F25
0F140F140F240F24
0F240D010F240C01
0F240D130F240E12
0F240F250F240F24
0D130F240E130F35
0F130F240D120F14
0F240F140F240F25
0F250F140F240F24
0F240E130F250E13
0F140E130F140F13
0F140F240F240F14
0D120F240F130F24
0D020F240D020F14
0F140F240E130F25
0F250F240F240F24
0F240D020F240F24
0F240D120F240E13
0F240F130F250D02
0F240F130F240F13
0111021102000F25
0D23040001110111
0E130F250D120F13
0F130F240D120F24
0F240F250E140F25
0F140D120F240F25
0F250D020F240C02
022201110B020C01
0111021101110222
0000022200000222
0000022200000222
0111022200000222
0222011102220222
0000022201110111
0222011100000222
0333000002220000
0222011102220000
0111011102110111
0000022200000222
0001000100000824
0001000100010001
0001000100010001
0001000100010001
0001000100010001
0001000100010001
0555011101110766
0111022206660666
0001000100010333
0001000100010001
0001000100010001
0001000100010001
0001000100010001
0001000100010001
0001000100010001
0001000100010001
0001000100010001
0001000100010001
0001000100010001
0001000100010001
0001000100010001
0001000100010001
0001000100010001
0001000100010001
0001000100010001
0001000100010001
0001000100010001
0001000100010001
0001000100010001
0001000100010001
0001000100010001
0001000100010001
0001000100010001
0001000100010001
0001000100010001
0001000100010001
0001000100010001
0001000100010001
0001000100010001
0001000100010001
0001000100010001
0001000100010001
0001000100010001
0001000100010001
0001000100010001
0001000100010001
0001000100010001
0001000100010001
0001000100010001
0001000100010001
0001000100010001
0001000100010001
0001000100010001
0001000100010001
0001000100010001
0001000100010001
0001000100010001
0001000100010001
0001000100010001
0001000100010001
0001000100010001
0001000100010001
0001000100010001
0001000100010001
0001000100010001
0001000100010001
0001000100010001
0001000100010001
0001000100010001
0001000100010001
0001000100010001
0001000100010001
0001000100010001
0001000100010001
0001000100010001
0001000100010001
0001000100010001
0001000100010001
0001000100010001
0001000100010001
0001000100010001
0001000100010001
0001000100010001
0001000100010001
0001000100010001
0001000100010001
0001000100010001
0001000100010001
0001000100010001
0001000100010001
0001000100010001
0001000100010001
0001000100010001
0777077709990001
0111044406660555
00010BBB02220100
0001000100010001
0001000100010001
0001000100010001
0001000100010001
0001000100010001
000000000A450000
0000000000000000
0000000000000000
0000000000000000
0000000000000000
0000000000000000
0000000000000000
0000000000000000
0000000000000000
0000000000000000
0000000000000000
0000000000000000
0000000000000000
0000000000000000
0000000000000000
0000000000000000
0B12000000000000
0B0206000C020500
04000D0204000600
03000E0303000D02
08000B0106000A01
0E03070009000901
0D0203000D020200
070003000F030300
0400090107000800
04000D0205000901
03000D0203000D02
0B01050009010B02
0D0303000B010400
0C0204000C020300
0D0204000D020300
0500090107000800
04000C0106000B01
04000C0203000E03
0B01080005000A01
0B01050009010700
0D0204000D020400
0D0203000E030400
0C02050009010400
080104000D020600
0000000000000100
03000D0204000000
03000E0304000F04
06000F1303000F03
07000B0108000C02
0E13040009010B01
0D0304000D020400
0000000000000100
0000000000000000
0000000000000000
0000000000000000
0000000000000000
0000000000000000
0000000000000000
0000000000000000
0000000000000000
0000000000000000
0000000000000000
0000011100000000
0001000100000834
0001000100010001
0001000100010001
0001000100010001
0001000100010001
0001000100010001
0555011101110666
0111022206660666
0001000100010333
0001000100010001
0001000100010001
0001000100010001
0001000100010001
0001000100010001
0001000100010001
0001000100010001
0001000100010001
0001000100010001
0001000100010001
0001000100010001
0001000100010001
0001000100010001
0001000100010001
0001000100010001
0001000100010001
0001000100010001
0001000100010001
0001000100010001
0001000100010001
0001000100010001
0001000100010001
0001000100010001
0001000100010001
0001000100010001
0001000100010001
0001000100010001
0001000100010001
0001000100010001
0001000100010001
0001000100010001
0001000100010001
0001000100010001
0001000100010001
0001000100010001
0001000100010001
0001000100010001
0001000100010001
0001000100010001
0001000100010001
0001000100010001
0001000100010001
0001000100010001
0001000100010001
0001000100010001
0001000100010001
0001000100010001
0001000100010001
0001000100010001
0001000100010001
0001000100010001
0001000100010001
0001000100010001
0001000100010001
0001000100010001
0001000100010001
0001000100010001
0001000100010001
0001000100010001
0001000100010001
0001000100010001
0001000100010001
0001000100010001
0001000100010001
0001000100010001
0001000100010001
0001000100010001
0001000100010001
0001000100010001
0001000100010001
0001000100010001
0001000100010001
0001000100010001
0001000100010001
0001000100010001
0001000100010001
0001000100010001
0001000100010001
0001000100010001
0001000100010001
0001000100010001
0001000100010001
0001000100010001
0001000100010001
0777077709990001
0111044406660555
00010BBB02220000
0001000100010001
0001000100010001
0001000100010001
0001000100010001
0001000100010001
022200000A450000
0322000003330000
0222011102220111
0000011102220111
0000032200000333
0222022200000332
0333011102220111
0322000003320111
0333000003330000
0222011102220111
0111022102220222
0000032200000333
0111032200000222
0111022201110322
0222000002220222
0222000002220000
0F24020002110100
0F240E130F140F13
0B010F240D130F14
0A010F250B010F24
0F140F140E130F24
0F140F130F240F24
0F240C010F240A01
0F240C120F240C01
0E130F250F240F24
0C020F240D130F35
0E130F140D120F24
0F250E130F240F24
0F350D120F240D12
0F250D130F250C02
0F240E130F140D13
0F140F240F140F24
0C010F240E130F35
0B020F240C020F24
0F250E240D020F25
0F250F240F240E24
0F240D020F250E24
0F240C120F240D02
0F240E130F250D02
02220D130F130E13
0100011100000111
0C120F130F130802
0C010F240C010F25
0F130F240C120F24
0F240F350E130F24
0F250C020F140F24
06010D030F240C02
0222011102220000
0222022202220111
0000022200000222
0000022200000222
0111022201110222
0332000002220222
0000022201110222
0222011100000222
0222000002220111
0222022202220000
0111022202220222
0000022200000222
0001000100000834
0001000100010001
0001000100010001
0001000100010001
0001000100010001
0001000100010001
0555011101110666
0111022206660666
0001000100010333
0001000100010001
0001000100010001
0001000100010001
0001000100010001
0001000100010001
0001000100010001
0001000100010001
0001000100010001
0001000100010001
0001000100010001
0001000100010001
0001000100010001
0001000100010001
0001000100010001
0001000100010001
0001000100010001
0001000100010001
0001000100010001
0001000100010001
0001000100010001
0001000100010001
0001000100010001
0001000100010001
0001000100010001
0001000100010001
0001000100010001
0001000100010001
0001000100010001
0001000100010001
0001000100010001
0001000100010001
0001000100010001
0001000100010001
0001000100010001
0001000100010001
0001000100010001
0001000100010001
0001000100010001
0001000100010001
0001000100010001
0001000100010001
0001000100010001
0001000100010001
0001000100010001
0001000100010001
0001000100010001
0001000100010001
0001000100010001
0001000100010001
0001000100010001
0001000100010001
0001000100010001
0001000100010001
0001000100010001
0001000100010001
0001000100010001
0001000100010001
0001000100010001
0001000100010001
0001000100010001
0001000100010001
0001000100010001
0001000100010001
0001000100010001
0001000100010001
0001000100010001
0001000100010001
0001000100010001
0001000100010001
0001000100010001
0001000100010001
0001000100010001
0001000100010001
0001000100010001
0001000100010001
0001000100010001
0001000100010001
0001000100010001
0001000100010001
0001000100010001
0001000100010001
0001000100010001
0001000100010001
0001000100010001
0777077709990001
0111044406660555
00010BBB02220000
0001000100010001
0001000100010001
0001000100010001
0001000100010001
0001000100010001
0100000009450000
0000000001110000
0000000001100000
0000000000000000
0000000000000000
0000000000000100
0000000000000000
0000000000000000
0000000000000000
0000000000000000
0000000001000000
0000000000000000
0000000000000000
0000000000000111
0111000000000000
0100000001110000
0B01040003000100
0B0104000A010400
03000C0105000500
03000E0203000D02
07000A0105000801
0E03060008010901
0C0101000D020100
070002000D020200
0400080007000700
02000B0105000801
02000D0201000D02
090104000A010C02
0C0203000A010400
0B0102000C020100
0C0203000C010300
0500090107000801
0200090105000801
03000C0102000C02
0801060004000A01
0A01050009010701
0D0202000D030400
0E0201000E130100
0D0204000A010200
000000000D130300
0100011100000000
02000C0207000912
02000E0303000F03
06000F0302000E03
05000A0106000A01
0E02040007000900
000001000E030400
0000000000000000
0000000000000000
0000000000000000
0000000000000000
0000000000000000
0000000000000000
0000000000000000
0000000000000111
0111000001110000
0000000000000000
0000000000000000
0000011100000000
0001000100000834
0001000100010001
0001000100010001
0001000100010001
0001000100010001
0001000100010001
0545011101110666
0111022206660666
0001000100010333
0001000100010001
0001000100010001
0001000100010001
0001000100010001
0001000100010001
0001000100010001
0001000100010001
0001000100010001
0001000100010001
0001000100010001
0001000100010001
0001000100010001
0001000100010001
0001000100010001
0001000100010001
0001000100010001
0001000100010001
0001000100010001
0001000100010001
0001000100010001
0001000100010001
0001000100010001
0001000100010001
0001000100010001
0001000100010001
0001000100010001
0001000100010001
0001000100010001
0001000100010001
0001000100010001
0001000100010001
0001000100010001
0001000100010001
0001000100010001
0001000100010001
0001000100010001
0001000100010001
0001000100010001
0001000100010001
0001000100010001
0001000100010001
0001000100010001
0001000100010001
0001000100010001
0001000100010001
0001000100010001
0001000100010001
0001000100010001
0001000100010001
0001000100010001
0001000100010001
0001000100010001
0001000100010001
0001000100010001
0001000100010001
0001000100010001
0001000100010001
0001000100010001
0001000100010001
0001000100010001
0001000100010001
0001000100010001
0001000100010001
0001000100010001
0001000100010001
0001000100010001
0001000100010001
0001000100010001
0001000100010001
0001000100010001
0001000100010001
0001000100010001
0001000100010001
0001000100010001
0001000100010001
0001000100010001
0001000100010001
0001000100010001
0001000100010001
0001000100010001
0001000100010001
0001000100010001
0001000100010001
0001000100010001
0777077809990001
0111043406660555
00010BBB02220000
0001000100010001
0001000100010001
0001000100010001
0001000100010001
0001000100010001
022200000A450000
0222000002220000
0222011102220111
0000011101110111
0000022200000222
0111011100000222
0222000002220110
0222000002220000
0222000002220000
0111011101110111
0111022201110111
0000022200000222
0111022200000222
0111011101110111
0222000002220111
0111000001110000
0F140F130F140812
0F250F130F240F13
0E130F240F130F24
0E020F240D020F24
0F240F240F140F24
0F140F130F240F25
0F130C010F130C01
0F140C120F230D02
0F130F240F240F24
0D120F230D130F24
0F130F140D120F13
0F140F130F240F24
0F240D120F240E02
0F130D020F240C01
0F130D120F230D02
0F130F350F240F14
0B010F240E130F24
0C010F140B010F13
0F240F240D120F24
0F240F240F240F24
0F240D010F240F13
0F240C020F130C01
0F130F130F240D01
0221011102110E13
0F14020000000211
0D020F240F140F13
0E020F140D020F24
0E130F240D020F14
0F140F250E240F35
0F240E120F240F24
021100000A120D02
0111011102110000
0111011101110111
0000022200000111
0000022200000111
0111011101110222
0222000002220111
0000021101110111
0222011100000222
0222000002220000
0111011102210000
0111011101110111
0000022200000111
0001000100000824
0001000100010001
0001000100010001
0001000100010001
0001000100010001
0001000100010001
0444011101110666
0111022206660666
0001000100010333
0001000100010001
0001000100010001
0001000100010001
0001000100010001
0001000100010001
0001000100010001
0001000100010001
0001000100010001
0001000100010001
0001000100010001
0001000100010001
0001000100010001
0001000100010001
0001000100010001
0001000100010001
0001000100010001
0001000100010001
0001000100010001
0001000100010001
0001000100010001
0001000100010001
0001000100010001
0001000100010001
0001000100010001
0001000100010001
0001000100010001
0001000100010001
0001000100010001
0001000100010001
0001000100010001
0001000100010001
0001000100010001
0001000100010001
0001000100010001
0001000100010001
0001000100010001
0001000100010001
0001000100010001
0001000100010001
0001000100010001
0001000100010001
0001000100010001
0001000100010001
0001000100010001
0001000100010001
0001000100010001
0001000100010001
0001000100010001
0001000100010001
0001000100010001
0001000100010001
0001000100010001
0001000100010001
0001000100010001
0001000100010001
0001000100010001
0001000100010001
0001000100010001
0001000100010001
0001000100010001
0001000100010001
0001000100010001
0001000100010001
0001000100010001
0001000100010001
0001000100010001
0001000100010001
0001000100010001
0001000100010001
0001000100010001
0001000100010001
0001000100010001
0001000100010001
0001000100010001
0001000100010001
0001000100010001
0001000100010001
0001000100010001
0001000100010001
0001000100010001
0001000100010001
0001000100010001
0001000100010001
0001000100010001
0777077709990001
0111044406660555
00010BBB02220000
0001000100010001
0001000100010001
0001000100010001
0001000100010001
0CCC000100010001
0111000009450000
0111000001110000
0111000001110000
0000000001110000
0000011100000111
0000000000000111
0000000001110000
0111000001110000
0111000001110000
0111000001110000
0000000001110000
0000011100000111
0000011100000111
0000011100000111
0111000000000100
0E24000001110000
0C0206000C020400
0C0207000C020600
03000C0205000700
02000F1403000D03
0700090006000A01
0A02070108010801
0A0200000B130100
050100000B130000
0300050105110501
0000091203000611
01000A1300000802
0601030006110912
0812010008120200
0912010008120000
0902000009120100
0300061104110601
0000070103000711
0100090200000902
0601050102000912
0812051107110501
0A1200000A130300
0A12000009120000
0A12020009120100
0000000000000000
06000C2302000100
03000B0207000B01
02000F1404000F03
07000E0303000F03
06000C0206000C01
0E02050008000A00
0000000001110100
0000000000000000
0000000000000000
0000011100000111
0000011100000111
0000000000000111
0111000000000000
0000011100000000
0111000000000111
0111000001110000
0000000001110000
0000000000000000
0000022200000110
0001000100000723
0001000100010001
0001000100010001
0001000100010001
0001000100010001
0001000100010001
0444010001000666
0111022206660666
0001000100010333
0001000100010001
0001000100010001
0001000100010001
0001000100010001
0001000100010001
0001000100010001
0001000100010001
0001000100010001
0001000100010001
0001000100010001
0001000100010001
0001000100010001
0001000100010001
0001000100010001
0001000100010001
0001000100010001
0001000100010001
0001000100010001
0001000100010001
0001000100010001
0001000100010001
0001000100010001
0001000100010001
0001000100010001
0001000100010001
0001000100010001
0001000100010001
0001000100010001
0001000100010001
0001000100010001
0001000100010001
0001000100010001
0001000100010001
0001000100010001
0001000100010001
0001000100010001
0001000100010001
0001000100010001
0001000100010001
0001000100010001
0001000100010001
0001000100010001
0001000100010001
0001000100010001
0001000100010001
0001000100010001
0001000100010001
0001000100010001
0001000100010001
0001000100010001
0001000100010001
0001000100010001
0001000100010001
0001000100010001
0001000100010001
0001000100010001
0001000100010001
0001000100010001
0001000100010001
0001000100010001
0001000100010001
0001000100010001
0001000100010001
0001000100010001
0001000100010001
0001000100010001
0001000100010001
0001000100010001
0001000100010001
0001000100010001
0001000100010001
0001000100010001
0001000100010001
0001000100010001
0001000100010001
0001000100010001
0001000100010001
0001000100010001
0001000100010001
0001000100010001
0001000100010001
0001000100010001
0001000100010001
0001000100010001
0777077708890001
0111044406660555
00010BBB02220000
0001000100010001
0001000100010001
0001000100010001
0001000100010001
0CCC000100010001
0222000009450000
0111000002220000
0111000001110000
0000000001110000
0000011100000111
0111000000000111
0111000001110000
0111000001110000
0111000002220000
0111000001110000
0000000001110111
0000011100000111
0000011100000111
0000011100000111
0111000001110111
0F130A1201000000
0F130E120F130D12
0F140D120F140E13
0C120F130D120E13
0C020F140C020F13
0E130F140E130F14
021101000F130F13
0211000002110000
0111000002110000
0110021101110111
0000021100000111
0111021100100211
0111000001110211
0221000001110000
0211000001110000
0111000002110000
0000021100000111
0000021100000111
0000021100000211
0111011100000111
0211000002110000
0221000002220010
0222000002220000
0111011102110000
0101000001110000
0E120F130F250200
0B110F130E130F13
0C120F140B010F14
0D020F130B010F14
0F130F140E030F14
0C120E130E130F14
0111000001110000
0111000001110000
0111000001110111
0000011100000111
0000011100000111
0000011100000111
0111000001110000
0000011100000000
0111000000000111
0111000001110000
0100011101110000
0000011101110000
0000011100000111
0001000100000723
0001000100010001
0001000100010001
0001000100010001
0001000100010001
0001000100010001
0444010001000666
0111022206660666
0001000100010333
0001000100010001
0001000100010001
0001000100010001
0001000100010001
0001000100010001
0001000100010001
0001000100010001
0001000100010001
0001000100010001
0001000100010001
0001000100010001
0001000100010001
0001000100010001
0001000100010001
0001000100010001
0001000100010001
0001000100010001
0001000100010001
0001000100010001
0001000100010001
0001000100010001
0001000100010001
0001000100010001
0001000100010001
0001000100010001
0001000100010001
0001000100010001
0001000100010001
0001000100010001
0001000100010001
0001000100010001
0001000100010001
0001000100010001
0001000100010001
0001000100010001
0001000100010001
0001000100010001
0001000100010001
0001000100010001
0001000100010001
0001000100010001
0001000100010001
0001000100010001
0001000100010001
0001000100010001
0001000100010001
0001000100010001
0001000100010001
0001000100010001
0001000100010001
0001000100010001
0001000100010001
0001000100010001
0001000100010001
0001000100010001
0001000100010001
0001000100010001
0001000100010001
0001000100010001
0001000100010001
0001000100010001
0001000100010001
0001000100010001
0001000100010001
0001000100010001
0001000100010001
0001000100010001
0001000100010001
0001000100010001
0001000100010001
0001000100010001
0001000100010001
0001000100010001
0001000100010001
0001000100010001
0001000100010001
0001000100010001
0001000100010001
0001000100010001
0001000100010001
0001000100010001
0001000100010001
0001000100010001
0001000100010001
0777077708880001
0111044406660555
00010BBB02220000
0001000100010001
0001000100010001
0001000100010001
0001000100010001
0BCB000100010001
0222000009450000
0222000002220000
0222000002220000
0000011101110000
0000022200000222
0211011100000222
0111000001110111
0222000002220000
0222000002220000
0111000002220000
0111000001110111
0000022200000222
0000022200000222
0111011100000222
0211000001110111
0F1406000F250100
0E140A010F140700
0E130B010E140A01
07000F0309010A11
04000F1405000F13
0B120E1308010E13
0000000000000301
0111000000000000
0000000000000000
0000000000000000
0000000000000000
0000000000000000
0000000000000000
0000000000000000
0000000000000000
0000000000000000
0000000000000000
0000000000000000
0000000000000000
0000000000000000
0000000000000000
0111000000000000
0111000000000000
0111000001110000
0C13000000000000
0C120E130C130E13
07000E240B120E13
07000F2407000F25
0B010F2406000F14
0A010E240C120E14
021100000D130F13
0222000002120000
0111000002220000
0111011101110000
0000022200000222
0000022200000222
0011011100000222
0221000002110111
0000022200000111
0222011100000222
0332000002220000
0111011101110000
0111011101110111
0000022200000111
0001000100000723
0001000100010001
0001000100010001
0001000100010001
0001000100010001
0001000100010001
0555010100000666
0111022206660666
0001000100010333
0001000100010001
0001000100010001
0001000100010001
0001000100010001
0001000100010001
0001000100010001
0001000100010001
0001000100010001
0001000100010001
0001000100010001
0001000100010001
0001000100010001
0001000100010001
0001000100010001
0001000100010001
0001000100010001
0001000100010001
0001000100010001
0001000100010001
0001000100010001
0001000100010001
0001000100010001
0001000100010001
0001000100010001
0001000100010001
0001000100010001
0001000100010001
0001000100010001
0001000100010001
0001000100010001
0001000100010001
0001000100010001
0001000100010001
0001000100010001
0001000100010001
0001000100010001
0001000100010001
0001000100010001
0001000100010001
0001000100010001
0001000100010001
0001000100010001
0001000100010001
0001000100010001
0001000100010001
0001000100010001
0001000100010001
0001000100010001
0001000100010001
0001000100010001
0001000100010001
0001000100010001
0001000100010001
0001000100010001
0001000100010001
0001000100010001
0001000100010001
0001000100010001
0001000100010001
0001000100010001
0001000100010001
0001000100010001
0001000100010001
0001000100010001
0001000100010001
0001000100010001
0001000100010001
0001000100010001
0001000100010001
0001000100010001
0001000100010001
0001000100010001
0001000100010001
0001000100010001
0001000100010001
0001000100010001
0001000100010001
0001000100010001
0001000100010001
0001000100010001
0001000100010001
0001000100010001
0001000100010001
0001000100010001
0667077708890001
0111043406660555
00010BBB02220000
0001000100010001
0001000100010001
0001000100010001
0001000100010001
0BBB000100010001
0111000009450000
0000000001000000
0000000000000000
0000000000000000
0000000000000000
0000000000000000
0000000000000000
0000000000000000
0000000000000000
0000000000000000
0000000000000000
0000000000000000
0000000000000000
0000000000000000
0000000000000000
0E0305000E130611
0D1209010D120600
0D1209010D120901
07000E0309010911
06010F1405000F13
04000C130A120D13
0111000001110000
0000000001110000
0100000001100000
0000010000000000
0000010000000100
0000021100000111
0000000001000100
0100000000000000
0100000001000000
0100000001000000
0000010001000100
0000010000000100
0000021100000211
0100000000000100
0100010001000000
0100000001000000
0111000001110000
0111000001110101
0E13040000000000
0B110D120A110C12
05000D120A110D13
06000E1305000F13
0A010E1305000F13
09010D1309010E13
0000000003000D13
0000000000000000
0000000000000000
0000000000000000
0000000000000000
0000000000000000
0000000000000000
0000000000000000
0000000000000000
0000000000000000
0000000000000000
0000000000000000
0000000000000000
0000011100000000
0001000100000824
0001000100010001
0001000100010001
0001000100010001
0001000100010001
0001000100010001
0444011000000666
0111022206660666
0001000100010333
0001000100010001
0001000100010001
0001000100010001
0001000100010001
0001000100010001
0001000100010001
0001000100010001
0001000100010001
0001000100010001
0001000100010001
0001000100010001
0001000100010001
0001000100010001
0001000100010001
0001000100010001
0001000100010001
0001000100010001
0001000100010001
0001000100010001
0001000100010001
0001000100010001
0001000100010001
0001000100010001
0001000100010001
0001000100010001
0001000100010001
0001000100010001
0001000100010001
0001000100010001
0001000100010001
0001000100010001
0001000100010001
0001000100010001
0001000100010001
0001000100010001
0001000100010001
0001000100010001
0001000100010001
0001000100010001
0001000100010001
0001000100010001
0001000100010001
0001000100010001
0001000100010001
0001000100010001
0001000100010001
0001000100010001
0001000100010001
0001000100010001
0001000100010001
0001000100010001
0001000100010001
0001000100010001
0001000100010001
0001000100010001
0001000100010001
0001000100010001
0001000100010001
0001000100010001
0001000100010001
0001000100010001
0001000100010001
0001000100010001
0001000100010001
0001000100010001
0001000100010001
0001000100010001
0001000100010001
0001000100010001
0001000100010001
0001000100010001
0001000100010001
0001000100010001
0001000100010001
0001000100010001
0001000100010001
0001000100010001
0001000100010001
0001000100010001
0001000100010001
0001000100010001
0001000100010001
0001000100010001
0001000100010001
0444055608880001
0111033305550333
00010BBB01110000
0001000100010001
0001000100010001
0001000100010001
0001000100010001
0BBB000100010001
0222000009450000
0322000003220000
0222000002220111
0000011102220111
0000022200000322
0222021100000333
0222011102220111
0322000002220111
0322000003330000
0222011102220111
0222011102220222
0000032200000222
0111022200000222
0211022201110222
0F24010001110111
0F240B010F240B01
0F250E130F250B01
0F250E130F250E13
0B020F240D130E14
0A020F130B020F24
0111021201000E13
0111011101110011
0F2405000F250200
0F2409010F240901
0E130F240F240F24
09000F140D120F24
0C120F240B010F24
0F240E130F240F25
0F250B020F250D13
0F250B020F250901
0F240A010F240A01
0E130F250F240F24
08010F240E130F24
0C120F2508000F24
0F250E240D130F25
0F350D230F350E24
0F2408000F240D13
0F350B120F350900
0111011101110000
0F250B010F140000
0E240F240F240F24
0B010F350E240F35
0A010F250B010F35
0E130F2409000F25
0D140F240E130F25
0222000001110101
0332000002220000
0222011102220000
0222022202110222
0000022200000222
0000022200000222
0111022200000222
0222000002220111
0000033301110111
0222021100000222
0222000003320000
0222011102220000
0111011102220222
0000022200000222
0001000100000724
0001000100010001
0001000100010001
0001000100010001
0001000100010001
0001000100010001
0444011101000666
0111022204440444
000100010CCC0222
0001000100010001
0001000100010001
0001000100010001
0001000100010001
0001000100010001
0001000100010001
0001000100010001
0001000100010001
0001000100010001
0001000100010001
0001000100010001
0001000100010001
0001000100010001
0001000100010001
0001000100010001
0001000100010001
0001000100010001
0001000100010001
0001000100010001
0001000100010001
0001000100010001
0001000100010001
0001000100010001
0001000100010001
0001000100010001
0001000100010001
0001000100010001
0001000100010001
0001000100010001
0001000100010001
0001000100010001
0001000100010001
0001000100010001
0001000100010001
0001000100010001
0001000100010001
0001000100010001
0001000100010001
0001000100010001
0001000100010001
0001000100010001
0001000100010001
0001000100010001
0001000100010001
0001000100010001
0001000100010001
0001000100010001
0001000100010001
0001000100010001
0001000100010001
0001000100010001
0001000100010001
0001000100010001
0001000100010001
0001000100010001
0001000100010001
0001000100010001
0001000100010001
0001000100010001
0001000100010001
0001000100010001
0001000100010001
0001000100010001
0001000100010001
0001000100010001
0001000100010001
0001000100010001
0001000100010001
0001000100010001
0001000100010001
0001000100010001
0001000100010001
0001000100010001
0001000100010001
0001000100010001
0001000100010001
0001000100010001
0001000100010001
0001000100010001
0001000100010001
0001000100010001
0001000100010001
0001000100010001
0001000100010001
04440AAA04440001
0222034405550444
0001033301110000
0001000100010001
0001000100010001
0001000100010001
0001000100010001
0BCB000100010001
0000000008350000
0000000000000000
0000000000000000
0000000000000000
0000000000000000
0000000000000000
0000000000000000
0000000000000000
0000000000000000
0000000000000000
0000000000000000
0000000000000000
0000000000000000
0000000000000000
0E03060101000000
0E0205000D020500
0C0206000C020400
0C0208000C020701
05000D0205000800
01000F1303000E13
0000000000000000
0100000000000000
0E0202000E130000
0A1204000E130500
07000B1209110B12
04000E1306000C12
06000E1305000E13
0B0208010B120E13
0D1306000D120600
0C1205000D120500
0E1304000D120500
08010A120A110A01
04000D1206000C12
05000D1304000E13
0B12080106000D13
0B1209110C120911
0D1204000E130801
020007010E120600
0000000000000000
0D0207010E020200
09010B0109010B01
05000C0209010B02
05000E1304000E13
09010E0304000E13
00000D1307010D12
0000000000000000
0000000000000000
0000000000000000
0000000000000000
0000000000000000
0000000000000000
0000000000000000
0000000000000000
0000000000000000
0000000000000000
0000000000000000
0000000000000000
0000000000000000
0000000000000000
0001000100000734
0001000100010001
0001000100010001
0001000100010001
0001000100010001
0001000100010001
0555011100000333
0222033306660666
0001000107770222
0001000100010001
0001000100010001
0001000100010001
0001000100010001
0001000100010001
0001000100010001
0001000100010001
0001000100010001
0001000100010001
0001000100010001
0001000100010001
0001000100010001
0001000100010001
0001000100010001
0001000100010001
0001000100010001
0001000100010001
0001000100010001
0001000100010001
0001000100010001
0001000100010001
0001000100010001
0001000100010001
0001000100010001
0001000100010001
0001000100010001
0001000100010001
0001000100010001
0001000100010001
0001000100010001
0001000100010001
0001000100010001
0001000100010001
0001000100010001
0001000100010001
0001000100010001
0001000100010001
0001000100010001
0001000100010001
0001000100010001
0001000100010001
0001000100010001
0001000100010001
0001000100010001
0001000100010001
0001000100010001
0001000100010001
0001000100010001
0001000100010001
0001000100010001
0001000100010001
0001000100010001
0001000100010001
0001000100010001
0001000100010001
0001000100010001
0001000100010001
0001000100010001
0001000100010001
0001000100010001
0001000100010001
0001000100010001
0001000100010001
0001000100010001
0001000100010001
0001000100010001
0001000100010001
0001000100010001
0001000100010001
0001000100010001
0001000100010001
0001000100010001
0001000100010001
0001000100010001
0001000100010001
0001000100010001
0001000100010001
0001000100010001
0001000100010001
0001000100010001
0001000100010001
0001000100010001
0001000100010001
0001000100010001
04440AAA04340001
0222044406560545
0001033301000000
0001000100010001
0001000100010001
0001000100010001
0001000100010001
0BCC000100010001
0222000008350000
0222000002220000
0222011102220111
0000011102220111
0000022200000222
0222011100000222
0222000002220111
0222000002220111
0222000002220000
0222011102220111
0111011101110222
0000022200000222
0111022200000222
0000022201110222
0F1407000D130401
0F2406000F140600
0D1309010E130500
0E1309010D130801
07010E1308010901
01000C0307010F24
0000011100000100
0E24091207110300
0F1404000F150200
0B1205000F140500
08010B120A120B12
05000E0307010D13
06000E1405000E13
0C120A110B120D13
0D1305000E130701
0E1306000E140500
0E1304000E130500
08010C120A120A12
05000D1208010D12
06000E1404000E13
0B120A1206000D13
0C120A120B120A12
0E1403000E130911
011100000E240400
0C23000001110000
0E1408010E130701
09110C120A120D13
06000D1309110D13
04000F1404000F14
08010E1404000F14
0100030009110E13
0221000001110111
0222000002220000
0111011102110000
0111011101110222
0000022200000222
0000022200000222
0111011101110222
0222000002220111
0000022201110111
0222011100000222
0222000002220000
0222011102220000
0111022202220211
0000022201000222
0001000100000734
0001000100010001
0001000100010001
0001000100010001
0001000100010001
0001000100010001
0555011100000333
0222033307670666
0001000107770111
0001000100010001
0001000100010001
0001000100010001
0001000100010001
0001000100010001
0001000100010001
0001000100010001
0001000100010001
0001000100010001
0001000100010001
0001000100010001
0001000100010001
0001000100010001
0001000100010001
0001000100010001
0001000100010001
0001000100010001
0001000100010001
0001000100010001
0001000100010001
0001000100010001
0001000100010001
0001000100010001
0001000100010001
0001000100010001
0001000100010001
0001000100010001
0001000100010001
0001000100010001
0001000100010001
0001000100010001
0001000100010001
0001000100010001
0001000100010001
0001000100010001
0001000100010001
0001000100010001
0001000100010001
0001000100010001
0001000100010001
0001000100010001
0001000100010001
0001000100010001
0001000100010001
0001000100010001
0001000100010001
0001000100010001
0001000100010001
0001000100010001
0001000100010001
0001000100010001
0001000100010001
0001000100010001
0001000100010001
0001000100010001
0001000100010001
0001000100010001
0001000100010001
0001000100010001
0001000100010001
0001000100010001
0001000100010001
0001000100010001
0001000100010001
0001000100010001
0001000100010001
0001000100010001
0001000100010001
0001000100010001
0001000100010001
0001000100010001
0001000100010001
0001000100010001
0001000100010001
0001000100010001
0001000100010001
0001000100010001
0001000100010001
0001000100010001
0001000100010001
0001000100010001
0001000100010001
0001000100010001
0001000100010001
04440AAA03330001
0222044406560445
0001033301010000
0001000100010001
0001000100010001
0001000100010001
0001000100010001
0CCC000100010001
0111000008450000
0111000001110000
0111000001110000
0000000001110000
0000011100000111
0000000000000111
0000000000000000
0111000001110000
0111000001110000
0111000001110000
0000000001110000
0000011100000111
0000011100000111
0101010000000111
0F140A010E120F14
0F2509000F150800
0F140C020F140901
0F240D120F140B01
09010F240B120D13
0000000007110F14
0000010001110111
0F140E130F130F14
0F1409010F140A01
0E1309010F240A01
0D130F140F240E13
0A010F140C120F24
09010F2409010F24
0F240E130F240F25
0F240B020F130C12
0F140A010F240A01
0F140B020F240A01
0D130E130E130F13
09010F130C120F14
09010F1409010F24
0F240E230C120F24
0F130E130F130C12
0F2408000F240E13
0111000005110500
0F24040101000000
0F240A010F140A01
0D130E240E230F14
09010F240C120F14
09000F2507000F14
0C020F1409010F24
0000010004000F14
0111000000000111
0111000001110000
0000000001110000
0000000000000000
0000011100000111
0000011100000111
0000011100000111
0111000000000000
0000011100000000
0000000000000111
0222000001110000
0111000001110000
0000000000000000
0000022200000111
0001000100000734
0001000100010001
0001000100010001
0001000100010001
0001000100010001
0001000100010001
0555011100000222
0222033306660666
0001000107770111
0001000100010001
0001000100010001
0001000100010001
0001000100010001
0001000100010001
0001000100010001
0001000100010001
0001000100010001
0001000100010001
0001000100010001
0001000100010001
0001000100010001
0001000100010001
0001000100010001
0001000100010001
0001000100010001
0001000100010001
0001000100010001
0001000100010001
0001000100010001
0001000100010001
0001000100010001
0001000100010001
0001000100010001
0001000100010001
0001000100010001
0001000100010001
0001000100010001
0001000100010001
0001000100010001
0001000100010001
0001000100010001
0001000100010001
0001000100010001
0001000100010001
0001000100010001
0001000100010001
0001000100010001
0001000100010001
0001000100010001
0001000100010001
0001000100010001
0001000100010001
0001000100010001
0001000100010001
0001000100010001
0001000100010001
0001000100010001
0001000100010001
0001000100010001
0001000100010001
0001000100010001
0001000100010001
0001000100010001
0001000100010001
0001000100010001
0001000100010001
0001000100010001
0001000100010001
0001000100010001
0001000100010001
0001000100010001
0001000100010001
0001000100010001
0001000100010001
0001000100010001
0001000100010001
0001000100010001
0001000100010001
0001000100010001
0001000100010001
0001000100010001
0001000100010001
0001000100010001
0001000100010001
0001000100010001
0001000100010001
0001000100010001
0001000100010001
0001000100010001
0001000100010001
0001000100010001
0001000100010001
0333077700010001
0555066501110333
0222044406660555
0111011000000000
0555055405550111
0555055505550555
0555055505550555
0555055505550555
0444055405550555
0222000008340000
0111000002220000
0111000002220111
0000011101110111
0000011100000222
0111011100000222
0111000001110000
0111000002220000
0111000002110000
0111011102220111
0000011101110111
0000011100000111
0000011100000111
0B12030001110111
0F1407000D120E13
0F2406000F140600
0E130A010E130500
0F240A010D130901
08010E2309110A11
0000011101010A02
0A120B1200000111
0F140A110B120B12
0F1404000F140500
0A1206000F140500
08010D130A120C12
06000F1409010E14
07010E1306000E14
0D130A110D130D13
0F2407000E130801
0F1406000F240500
0E1408000E130600
09010C120A010C12
06000E1308010D13
06000E1305000F14
0C120A1108010D13
0D120A110C120901
0A0204000F250A11
0111000001110000
0E1407000C130000
0E1408010F140600
0B120D230A120E13
06000D1309110D13
06000F1405000F14
09010F1405000F24
0000011100000200
0111000001110111
0111000002220000
0111011101110000
0111011101110111
0000011100000111
0000011100000111
0111011100000111
0111000001110111
0000011100000000
0111011100000222
0222000002110000
0111011101110000
0111011101110111
0000022200000111
0544055400000834
0555055505550554
0666066606650555
0666066606660666
0666066606660666
0111033305550666
0555022201110111
0122033306660667
0222011100000000
0001000100010001
0001000100010001
0001000100010001
0001000100010001
0001000100010001
0001000100010001
0001000100010001
0001000100010001
0001000100010001
0001000100010001
0001000100010001
0001000100010001
0001000100010001
0001000100010001
0001000100010001
0001000100010001
0001000100010001
0001000100010001
0001000100010001
0001000100010001
0001000100010001
0001000100010001
0001000100010001
0001000100010001
0001000100010001
0001000100010001
0001000100010001
0001000100010001
0001000100010001
0001000100010001
0001000100010001
0001000100010001
0001000100010001
0001000100010001
0001000100010001
0001000100010001
0001000100010001
0001000100010001
0001000100010001
0001000100010001
0001000100010001
0001000100010001
0001000100010001
0001000100010001
0001000100010001
0001000100010001
0001000100010001
0001000100010001
0001000100010001
0001000100010001
0001000100010001
0001000100010001
0001000100010001
0001000100010001
0001000100010001
0001000100010001
0001000100010001
0001000100010001
0001000100010001
0001000100010001
0001000100010001
0001000100010001
0001000100010001
0001000100010001
0001000100010001
0001000100010001
0001000100010001
0001000100010001
0001000100010001
0001000100010001
0001000100010001
0001000100010001
0001000100010001
0001000100010001
0001000100010001
0001000100010001
0001000100010001
0001000100010001
0001000100010001
0001000100010001
0001000100010001
0001000100010001
0001000100010001
0222044400010001
0333022202220222
0222044406660556
0222022202220222
0222022202220000
0222022202220222
0222022202220222
0222022202220222
0111011102110221
0222000008340100
0211000002220000
0111000002220000
0000000001110000
0000021200000111
0111011100000222
0111000000000111
0111000001110000
0222000001110000
0111000001110000
0111000001110000
0000011100000111
0000021100000211
0D130F2401000111
0F250B010E130F24
0F2508000F140800
0F240C120F240800
0F240C120F140C02
08010F240C120C12
0000011100000100
0E130F1306010100
0F140E130F130F24
0F1409000F150900
0E1309010F250901
0C120F140E230E13
0A010F240C120F25
0A020F2408010F25
0F250E130F240F25
0F240B020F240C12
0F240A010F250801
0F240B120F240B01
0D120F130E130F13
0A010F240C120F24
0A010F2409010F25
0F240E230C120F24
0F240D130F130C12
010009010F240C12
0100000001110000
0F240B010F140A12
0F350C010F240B02
0D130F240D130F24
08010F240D130F24
09010F2509010F25
06010F2407000F24
0000011100000111
0111000000000111
0121000001110000
0111000001110000
0111000001110000
0000011100000111
0000011100000111
0000011100000111
0111000001110000
0000011100000000
0111011100000222
0222000001110000
0111000001110000
0111011101110000
0000022200000111
0111010000000834
0111011101110111
0222022202110111
0222022202220222
0222022202220222
0222022202220222
0444022202220222
0222033307670777
0222022202220222
0001000100010001
0001000100010001
0001000100010001
0001000100010001
0001000100010001
0001000100010001
0001000100010001
0001000100010001
0001000100010001
0001000100010001
0001000100010001
0001000100010001
0001000100010001
0001000100010001
0001000100010001
0001000100010001
0001000100010001
0001000100010001
0001000100010001
0001000100010001
0001000100010001
0001000100010001
0001000100010001
0001000100010001
0001000100010001
0001000100010001
0001000100010001
0001000100010001
0001000100010001
0001000100010001
0001000100010001
0001000100010001
0001000100010001
0001000100010001
0001000100010001
0001000100010001
0001000100010001
0001000100010001
0001000100010001
0001000100010001
0001000100010001
0001000100010001
0001000100010001
0001000100010001
0001000100010001
0001000100010001
0001000100010001
0001000100010001
0001000100010001
0001000100010001
0001000100010001
0001000100010001
0001000100010001
0001000100010001
0001000100010001
0001000100010001
0001000100010001
0001000100010001
0001000100010001
0001000100010001
0001000100010001
0001000100010001
0001000100010001
0001000100010001
0001000100010001
0001000100010001
0001000100010001
0001000100010001
0001000100010001
0001000100010001
0001000100010001
0001000100010001
0001000100010001
0001000100010001
0001000100010001
0001000100010001
0001000100010001
0001000100010001
0001000100010001
0001000100010001
0001000100010001
0001000100010001
0001000100010001
0777088800010001
0777077707770777
0777077707670777
0666066606660666
0777077707770222
0777077707770777
0777077707770777
0666066607670777
0444054405550555
0111000008340222
0111000001110000
0111000001110000
0000000001110000
0000011100000111
0111011100000111
0111010001110100
0111000001110000
0111000001110000
0111000001110000
0111011101110111
0000011100000111
0000011100000111
0A120F1409110200
0E1308000B120E24
0F1406000E130700
0E1309010E130500
0E130A010E130801
00000D240C120A01
0000000000000000
0A010C020B010C03
0E140B120B120D13
0F1404000E140500
0B1205000F140600
08010C120B120C12
05000F1407010D13
06000E1305000E14
0D120A010D120E13
0E1306000E130901
0E1306000E030500
0E0306000F130600
09000C0209010B02
05000D1207000D13
06000E0305000E13
0C120A0107000E13
0E130A010C120A12
011100000B020801
0F15010000000000
0E1307000E140700
0F1408010F140701
0A010B120A020D13
05000D1308010D13
06000F1405000F14
0000010006010F13
0100011100000111
0111000001110111
0111000001110000
0111000001110000
0000010100000111
0000011100000111
0000011100000111
0000011100000111
0000000000000000
0000011100000000
0111000000000111
0111000001110000
0111000001110000
0000011101110111
0000011100000000
0222022200000834
0433033303330322
0444044404440444
0555055505550555
0666066606660555
0777033306660666
0888078808880777
0777077707770777
0777077707770777
0001000100010001
0001000100010001
0001000100010001
0001000100010001
0001000100010001
0001000100010001
0001000100010001
0001000100010001
0001000100010001
0001000100010001
0001000100010001
0001000100010001
0001000100010001
0001000100010001
0001000100010001
0001000100010001
0001000100010001
0001000100010001
0001000100010001
0001000100010001
0001000100010001
0001000100010001
0001000100010001
0001000100010001
0001000100010001
0001000100010001
0001000100010001
0001000100010001
0001000100010001
0001000100010001
0001000100010001
0001000100010001
0001000100010001
0001000100010001
0001000100010001
0001000100010001
0001000100010001
0001000100010001
0001000100010001
0001000100010001
0001000100010001
0001000100010001
0001000100010001
0001000100010001
0001000100010001
0001000100010001
0001000100010001
0001000100010001
0001000100010001
0001000100010001
0001000100010001
0001000100010001
0001000100010001
0001000100010001
0001000100010001
0001000100010001
0001000100010001
0001000100010001
0001000100010001
0001000100010001
0001000100010001
0001000100010001
0001000100010001
0001000100010001
0001000100010001
0001000100010001
0001000100010001
0001000100010001
0001000100010001
0001000100010001
0001000100010001
0001000100010001
0001000100010001
0001000100010001
0001000100010001
0001000100010001
0001000100010001
0001000100010001
0001000100010001
0001000100010001
0001000100010001
0001000100010001
0001000100010001
0777066600010001
0777044401110666
0777077707770777
0666077702220112
0777077707770444
0777077707770777
0777077707770777
0777077707770777
0666066607660777
0222000009340323
0222000002220000
0222000002220000
0000000001110000
0000022200000222
0111011100000222
0111000001110111
0222000002220111
0222000002220000
0111000002220000
0111000002220111
0000022200000222
0100022200000211
0E130F240C120F14
0F250C020E130F24
0F140A000F240A01
0F140C120F240A01
0F130D120F240D13
0111010006010C12
0A02020001110111
0E130F140D120F13
0F140F140F130F24
0F140A000F250900
0F240A010F240A01
0D130F250E240F24
0A010F240D130F24
0C020F240A010F24
0F240E130F240F24
0F140D120F240D12
0F140C020F140A01
0F140C020F140D02
0D120F140E130F13
0A010F140D130F14
0C020F1409010F14
0F140E130D120F14
0F240E230F240E13
0111000001000200
0F14060003000000
0F140B010F140A00
0F350C120F240C02
0E130F250E130F25
09000F240D130F24
0B010F240B020F24
0111022200000F13
0000011101010111
0222000001110111
0222000002220000
0111000002220000
0111011101110111
0000022200000222
0000022200000222
0000011100000111
0222000001110000
0000022200000000
0222011100000222
0322000002220000
0111011101110000
0111011101110111
0000022200000222
0555054400000734
0777077706660656
0888087807770777
0888088808880888
0888088808880888
0999033309990888
0999044407770888
0999099909990999
0888088805560333
0001000100010001
0001000100010001
0001000100010001
0001000100010001
0001000100010001
0001000100010001
0001000100010001
0001000100010001
0001000100010001
0001000100010001
0001000100010001
0001000100010001
0001000100010001
0001000100010001
0001000100010001
0001000100010001
0001000100010001
0001000100010001
0001000100010001
0001000100010001
0001000100010001
0001000100010001
0001000100010001
0001000100010001
0001000100010001
0001000100010001
0001000100010001
0001000100010001
0001000100010001
0001000100010001
0001000100010001
0001000100010001
0001000100010001
0001000100010001
0001000100010001
0001000100010001
0001000100010001
0001000100010001
0001000100010001
0001000100010001
0001000100010001
0001000100010001
0001000100010001
0001000100010001
0001000100010001
0001000100010001
0001000100010001
0001000100010001
0001000100010001
0001000100010001
0001000100010001
0001000100010001
0001000100010001
0001000100010001
0001000100010001
0001000100010001
0001000100010001
0001000100010001
0001000100010001
0001000100010001
0001000100010001
0001000100010001
0001000100010001
0001000100010001
0001000100010001
0001000100010001
0001000100010001
0001000100010001
0001000100010001
0001000100010001
0001000100010001
0001000100010001
0001000100010001
0001000100010001
0001000100010001
0001000100010001
0001000100010001
0001000100010001
0001000100010001
0001000100010001
0001000100010001
0001000100010001
0001000100010001
0666066600010001
055503330AAA0555
0433055505550555
066603330AAA0AAA
0555055505550333
0555055505550555
0555055505550555
0555055505550555
0444044404440555
0111000008340222
0000000001110000
0000000001110000
0000000001000000
0000000000000000
0000000000000111
0000000000000000
0000000000000000
0111000001110000
0000000000000000
0000000001000000
0000000000000000
0300051100000111
06000D0204000E03
0C02050007000B02
0D0304000D130400
0B0206000C020400
0F1405000B020600
0000000000000200
03000F1500000111
07000A0105000A01
0C02080108010901
0C0204000C020400
080105000D020400
0600090107000901
03000E0305000A01
04000D0304000E03
0B0107000A010B02
0C0204000C020600
0D0204000C020400
0C0205000D030400
0700080006000801
04000C0105000B01
04000D0204000D02
0901060004000B02
020007110A010600
0000000001110000
0D0304000F140000
0D0305000C020400
0C0205000D130500
08000A0107000801
04000B0206000A01
03000E1304000D02
0000000000000000
0000000000000110
0000000000000000
0000000000000000
0000000000000000
0000000000000000
0000000000000101
0000000000000000
0000000000000111
0000000000000000
0000011100000000
0010000000000000
0111000001110000
0000000001000000
0000000000000000
0000011100000000
0333033300000734
0555055504440444
0656055505550555
0666066606660666
0666066606660666
0666022206660666
0666076600010555
0444066606660666
066606660BBB0AAA
0001000100010AAA
0001000100010001
0001000100010001
0001000100010001
0001000100010001
0001000100010001
0001000100010001
0001000100010001
0001000100010001
0001000100010001
0001000100010001
0001000100010001
0001000100010001
0001000100010001
0001000100010001
0001000100010001
0001000100010001
0001000100010001
0001000100010001
0001000100010001
0001000100010001
0001000100010001
0001000100010001
0001000100010001
0001000100010001
0001000100010001
0001000100010001
0001000100010001
0001000100010001
0001000100010001
0001000100010001
0001000100010001
0001000100010001
0001000100010001
0001000100010001
0001000100010001
0001000100010001
0001000100010001
0001000100010001
0001000100010001
0001000100010001
0001000100010001
0001000100010001
0001000100010001
0001000100010001
0001000100010001
0001000100010001
0001000100010001
0001000100010001
0001000100010001
0001000100010001
0001000100010001
0001000100010001
0001000100010001
0001000100010001
0001000100010001
0001000100010001
0001000100010001
0001000100010001
0001000100010001
0001000100010001
0001000100010001
0001000100010001
0001000100010001
0001000100010001
0001000100010001
0001000100010001
0001000100010001
0001000100010001
0001000100010001
0001000100010001
0001000100010001
0001000100010001
0001000100010001
0001000100010001
0001000100010001
0001000100010001
0001000100010001
0001000100010001
0001000100010001
0001000100010001
0001000100010001
0001000100010001
0444033300010001
0333011108880999
0222033303330333
033301110AAA0BBC
0333033303330111
0333033303330333
0333033303330333
0333033303330333
0222022202220333
0322011109340000
0222000002220000
0222011103220111
0000011102220111
0000022200000222
0222011100000222
0222011102220111
0322000002220111
0222000002220000
0222011102220111
0111011102220111
0111022200000222
0B010F2400000212
0F140F240D120F24
0F350D020F240F24
0F140B010F250B00
0F250E130F240D02
06010E130F240D12
0000021100000101
0C010F1308010211
0F240F240E130F14
0F240F240F140F24
0F140B000F140B00
0F240C010F140D02
0F140F240F240F24
0D020F240E130F24
0C020F240C010F24
0F250F140F240F24
0F250E130F240F13
0F140C010F250B01
0F140D020F240D02
0F130F140F140F14
0D020F140F130F14
0C020F240C010F24
0F140F140D120F14
021101000F340F23
0200000002110000
0F240C010F130812
0F240E130F250C01
0F350D020F250E13
0E130F250F140F35
0B010F240E130F24
01000F130D020F24
0111022200000322
0111022201110222
0222000002220111
0222000003220000
0111011102220000
0211022202220222
0000022200000222
0000022200000222
0222022201110222
0222000002220111
0000022200000111
0222011100000222
0322000002220000
0222022202220000
0111022201110222
0000022200000222
0222021100000734
0333022202220222
0333033303330333
0333033303330333
0333033303330333
0333011103330333
033304440CCC0888
0222033303330333
043403330AAB0CCC
0001000100010999
0001000100010001
0001000100010001
0001000100010001
0001000100010001
0001000100010001
0001000100010001
0001000100010001
0001000100010001
0001000100010001
0001000100010001
0001000100010001
0001000100010001
0001000100010001
0001000100010001
0001000100010001
0001000100010001
0001000100010001
0001000100010001
0001000100010001
0001000100010001
0001000100010001
0001000100010001
0001000100010001
0001000100010001
0001000100010001
0001000100010001
0001000100010001
0001000100010001
0001000100010001
0001000100010001
0001000100010001
0001000100010001
0001000100010001
0001000100010001
0001000100010001
0001000100010001
0001000100010001
0001000100010001
0001000100010001
0001000100010001
0001000100010001
0001000100010001
0001000100010001
0001000100010001
0001000100010001
0001000100010001
0001000100010001
0001000100010001
0001000100010001
0001000100010001
0001000100010001
0001000100010001
0001000100010001
0001000100010001
0001000100010001
0001000100010001
0001000100010001
0001000100010001
0001000100010001
0001000100010001
0001000100010001
0001000100010001
0001000100010001
0001000100010001
0001000100010001
0001000100010001
0001000100010001
0001000100010001
0001000100010001
0001000100010001
0001000100010001
0001000100010001
0001000100010001
0001000100010001
0001000100010001
0001000100010001
0001000100010001
0001000100010001
0001000100010001
0001000100010001
0001000100010001
0001000100010001
0222011100010001
0222022200010222
0222022202220222
0222022201110111
0222022202220000
0222022202220222
0211021202220222
0111011102110111
0111011101110111
0000000008340000
0000000000000000
0000000000000000
0000000000000000
0000000000000000
0000000000000000
0000000000000000
0000000000000000
0000000000000000
0000000000000000
0000000000000000
0000000000000000
05000E1307120100
06000D0205000E13
0E02050007000C02
0E0205000D020500
0D1206000D120400
000005010F240600
0000000000000000
03000F0302000C02
07000B0107000B02
0E02080109010B02
0D0203000E030400
090103000F130300
06000B0108000901
03000F0306000C02
03000E0303000E13
0C0208000B010D02
0D1305000D120500
0D0203000E020400
0D0303000E030400
07000A0108000701
03000D0206000C02
03000E0303000E13
0B01090105000D03
0000000008010811
0D13000000000000
0F1304000F130300
0E0305000D130300
0E0205000E130500
09010A0109010900
04000B0207010B02
0000050103000E13
0000000000000000
0000000000000000
0000000000000000
0000000000000000
0000000000000000
0000000000000000
0000000000000000
0000000000000000
0000000000000000
0000000000000000
0000000000000000
0000000000000000
0000000000000000
0000000000000000
0000000000000000
0000000000000000
0111011100000734
0111011101110111
0222022202220111
0222022202220222
0222022202220222
0222011102220222
0222022101110222
0222022202220222
0222022201110111
0001000100010888
0001000100010001
0001000100010001
0001000100010001
0001000100010001
0001000100010001
0001000100010001
0001000100010001
0001000100010001
0001000100010001
0001000100010001
0001000100010001
0001000100010001
0001000100010001
0001000100010001
0001000100010001
0001000100010001
0001000100010001
0001000100010001
0001000100010001
0001000100010001
0001000100010001
0001000100010001
0001000100010001
0001000100010001
0001000100010001
0001000100010001
0001000100010001
0001000100010001
0001000100010001
0001000100010001
0001000100010001
0001000100010001
0001000100010001
0001000100010001
0001000100010001
0001000100010001
0001000100010001
0001000100010001
0001000100010001
0001000100010001
0001000100010001
0001000100010001
0001000100010001
0001000100010001
0001000100010001
0001000100010001
0001000100010001
0001000100010001
0001000100010001
0001000100010001
0001000100010001
0001000100010001
0001000100010001
0001000100010001
0001000100010001
0001000100010001
0001000100010001
0001000100010001
0001000100010001
0001000100010001
0001000100010001
0001000100010001
0001000100010001
0001000100010001
0001000100010001
0001000100010001
0001000100010001
0001000100010001
0001000100010001
0001000100010001
0001000100010001
0001000100010001
0001000100010001
0001000100010001
0001000100010001
0001000100010001
0001000100010001
0001000100010001
0001000100010001
0001000100010001
0001000100010001
0001000100010001
0111011100010001
0111011101110111
0111011101110111
0111011101110111
0111011101110000
0111011101110111
0111011101110111
0111011101110111
0100010001100111
0322000009340000
0333000003330000
0322011102220111
0000011102220111
0000022200000332
0222022200000222
0222011102220211
0222000002220111
0332000003220000
0222011102220111
0222022202220222
0000022200000222
0C020F240E130F24
0F130F240E130F25
0F250E130F240F25
0F240B010F250C02
0F240E130F250C01
0211011105120F24
0C13021100000111
0D020F140E020F02
0F240F240F240F25
0F140F140F240F25
0F250C010F240C12
0F250C010F240C01
0F140F240F240F24
0C020F240F130F24
0C020F240B010F24
0F350F140F240F25
0F250E130F240F14
0F240B010F350B01
0F240D120F250C02
0F130F240F240F24
0D120F240F130F24
0C020F240B010F14
0F240F130F130F24
0111011101110200
0F130A1201000000
0F240E020F240D02
0F240F130F250D02
0F350E120F250E13
0F240F350F240F35
0D120F240E130F24
0000022202000F24
0111021100000222
0111022201110222
0222000001110211
0222000002220000
0222022202220000
0222022202220222
0000022200000222
0000022200000222
0222022201110222
0211011102220222
0000022200000111
0222021100000222
0222000002220111
0222022102220000
0222022202220222
0000022200000222
0100010000000734
0111011101110101
0111011101110111
0111011101110111
0111011101110111
0111011102220111
0111011101110111
0111011101110111
0222011101110111
0001000100010AAA
0001000100010001
0001000100010001
0001000100010001
0001000100010001
0001000100010001
0001000100010001
0001000100010001
0001000100010001
0001000100010001
0001000100010001
0001000100010001
0001000100010001
0001000100010001
0001000100010001
0001000100010001
0001000100010001
0001000100010001
0001000100010001
0001000100010001
0001000100010001
0001000100010001
0001000100010001
0001000100010001
0001000100010001
0001000100010001
0001000100010001
0001000100010001
0001000100010001
0001000100010001
0001000100010001
0001000100010001
0001000100010001
0001000100010001
0001000100010001
0001000100010001
0001000100010001
0001000100010001
0001000100010001
0001000100010001
0001000100010001
0001000100010001
0001000100010001
0001000100010001
0001000100010001
0001000100010001
0001000100010001
0001000100010001
0001000100010001
0001000100010001
0001000100010001
0001000100010001
0001000100010001
0001000100010001
0001000100010001
0001000100010001
0001000100010001
0001000100010001
0001000100010001
0001000100010001
0001000100010001
0001000100010001
0001000100010001
0001000100010001
0001000100010001
0001000100010001
0001000100010001
0001000100010001
0001000100010001
0001000100010001
0001000100010001
0001000100010001
0001000100010001
0001000100010001
0001000100010001
0001000100010001
0001000100010001
0001000100010001
0001000100010001
0001000100010001
0001000100010001
0001000100010001
0001000100010001
0111022200010001
0111011101110111
0111011101110111
0111011101110111
0111011101110000
0111011101110111
0111011101110111
0110011101110111
0100010001000100
0000000009340000
0000000000000000
0000000000000000
0000000000000000
0000000000000000
0000000000000000
0000000000000000
0000000000000000
0000000000000000
0000000000000000
0000000000000000
0701000000000000
05000E0205000D02
06000E0204000E03
0C01060006000C01
0D0204000D020400
0E1405000D020400
0000000000000300
0400091300000000
03000F0302000F03
07000C0105000A01
0D02090108000B01
0E0203000D020300
080101000E030200
0400060107010701
00000E2403000901
02000E1301000D13
0911050008010E14
0C1302000C130400
0D1301000E140100
0C1301000D130100
0500070108010701
01000B1204000B12
02000D1302000D14
0701070102000C13
0000000000000000
0E03030008020000
0F0304000E020300
0E0304000D020400
0E0205000E020400
0800090009010900
04000A0107000A01
0000000000000501
0000000000000000
0000010000000000
0111000000000000
0000000000000000
0000000000000000
0000000000000000
0000000000000000
0000000000000000
0000000000000000
0000000000000000
0000000000000000
0000000000000000
0000000000000000
0000000000000000
0000000000000000
0000000000000000
0100010000000734
0111011101110100
0111011101110111
0111011101110111
0111011101110111
0111000001110111
0111011101110111
0111011101110111
0111011101110111
0001000100010001
0001000100010001
0001000100010001
0001000100010001
0001000100010001
0001000100010001
0001000100010001
0001000100010001
0001000100010001
0001000100010001
0001000100010001
0001000100010001
0001000100010001
0001000100010001
0001000100010001
0001000100010001
0001000100010001
0001000100010001
0001000100010001
0001000100010001
0001000100010001
0001000100010001
0001000100010001
0001000100010001
0001000100010001
0001000100010001
0001000100010001
0001000100010001
0001000100010001
0001000100010001
0001000100010001
0001000100010001
0001000100010001
0001000100010001
0001000100010001
0001000100010001
0001000100010001
0001000100010001
0001000100010001
0001000100010001
0001000100010001
0001000100010001
0001000100010001
0001000100010001
0001000100010001
0001000100010001
0001000100010001
0001000100010001
0001000100010001
0001000100010001
0001000100010001
0001000100010001
0001000100010001
0001000100010001
0001000100010001
0001000100010001
0001000100010001
0001000100010001
0001000100010001
0001000100010001
0001000100010001
0001000100010001
0001000100010001
0001000100010001
0001000100010001
0001000100010001
0001000100010001
0001000100010001
0001000100010001
0001000100010001
0001000100010001
0001000100010001
0001000100010001
0001000100010001
0001000100010001
0001000100010001
0001000100010001
0001000100010001
0001000100010001
0001000100010001
0001000100010001
0001000100010001
0001000100010001
0222089900010001
0222022202220222
0332033303230222
0333033301110222
0777077707770222
0777077707770777
0888088807770777
0777088809880888
0877088808880888
0333000009340000
0222000003330000
0322011103220111
0000021102220111
0000022200000333
0222021200000333
0222021102220222
0322000002220211
0222000002220000
0222011102220111
0111022202220222
0E130F2400000222
0D120F350D120F24
0E130F350D130F35
0F350D130F240F35
0F240D010F350C01
07010F240F240D02
0100011102220101
0E130F130E140200
0D020F240C010F14
0F240F250E240F25
0F250F250F250F35
0F340B010F240B01
0111000007110611
0111011101110111
0000022201110111
0111022200110222
0111011101110211
0221011102110011
0222011102210000
0221011102210111
0010021101110111
0111022200110111
0111011101110211
0111011101110111
0200011101110111
0F130A000F130F14
0F240C010F240E12
0F250D120F250D02
0F350E120F350E13
0F240F250F250F35
03000F240F230F35
0000022200000222
0D120F2303000222
0D240F240C130F24
021100000E130F14
0F24010002220111
0222011102220100
0222022202220211
0000022200000222
0000022200000222
0222022201110222
0222022202220222
0000022201100111
0333011101110322
0222000002220111
0222022202220000
0222022202220222
0000022200000222
0877088800000734
0888087807770877
0888088808880888
0777077707770888
0777077707770777
0222033306660777
0333033302220111
0222022203330333
0222033303330333
0001000100010001
0001000100010001
0001000100010001
0001000100010001
0001000100010001
0001000100010001
0001000100010001
0001000100010001
0001000100010001
0001000100010001
0001000100010001
0001000100010001
0001000100010001
0001000100010001
0001000100010001
0001000100010001
0001000100010001
0001000100010001
0001000100010001
0001000100010001
0001000100010001
0001000100010001
0001000100010001
0001000100010001
0001000100010001
0001000100010001
0001000100010001
0001000100010001
0001000100010001
0001000100010001
0001000100010001
0001000100010001
0001000100010001
0001000100010001
0001000100010001
0001000100010001
0001000100010001
0001000100010001
0001000100010001
0001000100010001
0001000100010001
0001000100010001
0001000100010001
0001000100010001
0001000100010001
0001000100010001
0001000100010001
0001000100010001
0001000100010001
0001000100010001
0001000100010001
0001000100010001
0001000100010001
0001000100010001
0001000100010001
0001000100010001
0001000100010001
0001000100010001
0001000100010001
0001000100010001
0001000100010001
0001000100010001
0001000100010001
0001000100010001
0001000100010001
0001000100010001
0001000100010001
0001000100010001
0001000100010001
0001000100010001
0001000100010001
0001000100010001
0001000100010001
0001000100010001
0001000100010001
0001000100010001
0001000100010001
0001000100010001
0001000100010001
0001000100010001
0001000100010001
0001000100010001
0001000100010001
0001000100010001
0001000100010001
0001000100010001
0001000100010001
0001000100010001
0001000100010001
0001000100010001
0001000100010001
0BBB000100010001
0000000008340000
0000000000000000
0000000000000000
0000000000000000
0000000000000000
0000000000000000
0000000000000000
0000000000000000
0000000000000000
0000000000000000
0000000000000000
0500090104000000
04000D1203000C02
05000D0204000D02
0C01030005000B01
0D0203000D020400
000004000B010200
0200000000000000
03000E0303000511
03000F0301000E03
06000A0105000901
0D02090007000901
080102000E030300
0000000000000000
0000000000000000
0000000000000000
0000000000000000
0000000000000000
0000000000000000
0000000000000000
0000000000000000
0000000000000000
0000000000000000
0000000000000000
0000000000000000
0B02000000000000
0D0203000E030600
0E0203000D020300
0C0104000C010300
0D0203000C020400
0600090107000900
0000000004010901
0000000000000000
0401090200000000
0200081204000C01
0111010008010700
0A01010000000000
0000000000000000
0000000000000000
0000000000000000
0000000000000000
0000000000000000
0000000000000000
0000000000000000
0000000000000000
0000000000000000
0000000000000000
0000000000000000
0000000000000000
0001000100000734
0001000100010001
0001000100010001
0001000100010001
0001000100010001
0001000100010001
0001000100010001
0001000100010001
0001000100010001
0001000100010001
0001000100010001
0001000100010001
0001000100010001
0001000100010001
0001000100010001
0001000100010001
0001000100010001
0001000100010001
0001000100010001
0001000100010001
0001000100010001
0001000100010001
0001000100010001
0001000100010001
0001000100010001
0001000100010001
0001000100010001
0001000100010001
0001000100010001
0001000100010001
0001000100010001
0001000100010001
0001000100010001
0001000100010001
0001000100010001
0001000100010001
0001000100010001
0001000100010001
0001000100010001
0001000100010001
0001000100010001
0001000100010001
0001000100010001
0001000100010001
0001000100010001
0001000100010001
0001000100010001
0001000100010001
0001000100010001
0001000100010001
0001000100010001
0001000100010001
0001000100010001
0001000100010001
0001000100010001
0001000100010001
0001000100010001
0001000100010001
0001000100010001
0001000100010001
0001000100010001
0001000100010001
0001000100010001
0001000100010001
0001000100010001
0001000100010001
0001000100010001
0001000100010001
0001000100010001
0001000100010001
0001000100010001
0001000100010001
0001000100010001
0001000100010001
0001000100010001
0001000100010001
0001000100010001
0001000100010001
0001000100010001
0001000100010001
0001000100010001
0001000100010001
0001000100010001
0001000100010001
0001000100010001
0001000100010001
0001000100010001
0001000100010001
0001000100010001
0001000100010001
0001000100010001
0001000100010001
0001000100010001
0001000100010001
0001000100010001
0001000100010001
0001000100010001
0001000100010001
0001000100010001
0001000100010001
0BBB000100010001
0333000009450000
0333000003330000
0222011102220111
0000022102220111
0000033300000333
0222022200000333
0222022202220222
0333000003220222
0333000002220000
0222022202220111
0100011102220222
0F230F130F130E14
0C020F240F240F24
0E130F240D130F25
0F250D120F240F24
0F130D020F240B01
011100000F130D02
0F25010002110211
0F230F240F130E13
0D020F140E130F24
0F130F240F240F25
0F240F240F240F24
021200000F240D12
0222000002220111
0111022202220111
0000022201110222
0000022200000222
0222011102220222
0222000002220000
0222000002220000
0222000002220000
0111022201110222
0000022200000222
0000022200000222
0222011101110222
0F240F3502110111
0F230E120F240F24
0F140E130F240F13
0F240E130F240D01
0F240F130F240E13
0F230F240F240F24
0111021101000F24
0000022200000222
0000021200010222
0111011109120F24
0B230C120F340F26
0F030D010F140010
0222011102220100
0222022202220222
0000032200000333
0000033300000222
0111033301110222
0222022202210222
0000033301110222
0333011101110333
0333000003220000
0222022202220000
0222022202220222
0000022201000222
0001000100000734
0001000100010001
0001000100010001
0001000100010001
0001000100010001
0001000100010001
0001000100010001
0001000100010001
0001000100010001
0001000100010001
0001000100010001
0001000100010001
0001000100010001
0001000100010001
0001000100010001
0001000100010001
0001000100010001
0001000100010001
0001000100010001
0001000100010001
0001000100010001
0001000100010001
0001000100010001
0001000100010001
0001000100010001
0001000100010001
0001000100010001
0001000100010001
0001000100010001
0001000100010001
0001000100010001
0001000100010001
0001000100010001
0001000100010001
0001000100010001
0001000100010001
0001000100010001
0001000100010001
0001000100010001
0001000100010001
0001000100010001
0001000100010001
0001000100010001
0001000100010001
0001000100010001
0001000100010001
0001000100010001
0001000100010001
0001000100010001
0001000100010001
0001000100010001
0001000100010001
0001000100010001
0001000100010001
0001000100010001
0001000100010001
0001000100010001
0001000100010001
0001000100010001
0001000100010001
0001000100010001
0001000100010001
0001000100010001
0001000100010001
0001000100010001
0001000100010001
0001000100010001
0001000100010001
0001000100010001
0001000100010001
0001000100010001
0001000100010001
0001000100010001
0001000100010001
0001000100010001
0001000100010001
0001000100010001
0001000100010001
0001000100010001
0001000100010001
0001000100010001
0001000100010001
0001000100010001
0001000100010001
0001000100010001
0001000100010001
0001000100010001
0001000100010001
0001000100010001
0001000100010001
0001000100010001
0001000100010001
0001000100010001
0001000100010001
0001000100010001
0001000100010001
0001000100010001
0001000100010001
0001000100010001
0001000100010001
0BBB000100010001
0000000008340000
0000000000000000
0000000000000000
0000000000000000
0000000000000000
0000000000000000
0000000000000000
0000000000000000
0000000000000000
0000000000000000
0D12010100000000
04000A0006000A00
04000B0204000C12
04000B0103000B02
0C01030005000B01
0C0203000C010300
0000000001000100
0800061101000000
02000D0204000600
03000E0302000F14
06000B0105000901
0D02080107000A01
0000000003000200
0000000000000000
0000000000000000
0000000000000000
0000000000000000
0000000000000000
0000000000000000
0000000000000000
0000000000000000
0000000000000000
0000000000000000
0000000000000000
0000000000000000
0A0104000B130000
0E0302000D020400
0C0203000E030200
0C0204000A010400
0D0203000C020400
0401070006000801
0000000000000000
0000000000000000
0000010000000000
0101010103000800
0912051107000500
0C0202000A120812
0000000000000000
0000000000000000
0000000000000000
0000000000000000
0000000000000000
0000000000000000
0000000000000000
0000000000000000
0000000000000000
0000000000000000
0000000000000000
0000011100000000
0001000100000834
0001000100010001
0001000100010001
0001000100010001
0001000100010001
0001000100010001
0001000100010001
0001000100010001
0001000100010001
0001000100010001
0001000100010001
0001000100010001
0001000100010001
0001000100010001
0001000100010001
0001000100010001
0001000100010001
0001000100010001
0001000100010001
0001000100010001
0001000100010001
0001000100010001
0001000100010001
0001000100010001
0001000100010001
0001000100010001
0001000100010001
0001000100010001
0001000100010001
0001000100010001
0001000100010001
0001000100010001
0001000100010001
0001000100010001
0001000100010001
0001000100010001
0001000100010001
0001000100010001
0001000100010001
0001000100010001
0001000100010001
0001000100010001
0001000100010001
0001000100010001
0001000100010001
0001000100010001
0001000100010001
0001000100010001
0001000100010001
0001000100010001
0001000100010001
0001000100010001
0001000100010001
0001000100010001
0001000100010001
0001000100010001
0001000100010001
0001000100010001
0001000100010001
0001000100010001
0001000100010001
0001000100010001
0001000100010001
0001000100010001
0001000100010001
0001000100010001
0001000100010001
0001000100010001
0001000100010001
0001000100010001
0001000100010001
0001000100010001
0001000100010001
0001000100010001
0001000100010001
0001000100010001
0001000100010001
0001000100010001
0001000100010001
0001000100010001
0001000100010001
0001000100010001
0001000100010001
0001000100010001
0001000100010001
0001000100010001
0001000100010001
0001000100010001
0001000100010001
0001000100010001
0001000100010001
0001000100010001
0001000100010001
0001000100010001
0001000100010001
0001000100010001
0001000100010001
0001000100010001
0001000100010001
0001000100010001
0BBB000100010001
0333000009340000
0323000003330000
0333011103220111
0000022202220111
0000032300000333
0222022200000333
0222021202220211
0322000003330222
0222000003220000
0222011102220111
0F13050102220111
0E130F240E130F24
0B010F240E130F24
0C120F250C120F24
0F250C120E130F25
0F240C020F250C01
0111011102210000
0F250D120F350100
0D130F240E130E13
0B010F250C120F24
0E240F350E230F25
0F240F240F240F35
0222000002110300
0211000002220000
0111022201110222
0000022201110222
0000022200000222
0222011102220222
0222000002220000
0222000002220000
0222000002220000
0111022201110222
0000022200000222
0000022200000222
0111011101110222
0F240E130F130C13
0F240B010F240E24
0F240C020F240C02
0F240D120F250C01
0F350C120F240C12
01000F350F240F24
0000022201110211
0000022200000222
0111022200000222
0211011108110F14
070101010D240E24
0F24040003000F13
0222011102220200
0211022202220222
0000022200000222
0000022200000322
0221022201110322
0222022201110322
0111032201110222
0222011101110322
0222000003330111
0222022203220000
0211022202220222
0000022201110322
0001000100000734
0001000100010001
0001000100010001
0001000100010001
0001000100010001
0001000100010001
0001000100010001
0001000100010001
0001000100010001
0001000100010001
0001000100010001
0001000100010001
0001000100010001
0001000100010001
0001000100010001
0001000100010001
0001000100010001
0001000100010001
0001000100010001
0001000100010001
0001000100010001
0001000100010001
0001000100010001
0001000100010001
0001000100010001
0001000100010001
0001000100010001
0001000100010001
0001000100010001
0001000100010001
0001000100010001
0001000100010001
0001000100010001
0001000100010001
0001000100010001
0001000100010001
0001000100010001
0001000100010001
0001000100010001
0001000100010001
0001000100010001
0001000100010001
0001000100010001
0001000100010001
0001000100010001
0001000100010001
0001000100010001
0001000100010001
0001000100010001
0001000100010001
0001000100010001
0001000100010001
0001000100010001
0001000100010001
0001000100010001
0001000100010001
0001000100010001
0001000100010001
0001000100010001
0001000100010001
0001000100010001
0001000100010001
0001000100010001
0001000100010001
0001000100010001
0001000100010001
0001000100010001
0001000100010001
0001000100010001
0001000100010001
0001000100010001
0001000100010001
0001000100010001
0001000100010001
0001000100010001
0001000100010001
0001000100010001
0001000100010001
0001000100010001
0001000100010001
0001000100010001
0001000100010001
0001000100010001
0001000100010001
0001000100010001
0001000100010001
0001000100010001
0001000100010001
0001000100010001
0001000100010001
0001000100010001
0001000100010001
0001000100010001
0001000100010001
0001000100010001
0001000100010001
0001000100010001
0001000100010001
0001000100010001
0001000100010001
0BBB000100010001
0111000008340000
0000000000000000
0000000001110000
0000000000000000
0000011100000010
0000010000000000
0000000000000000
0000000000000000
0000000001100000
0111000001110000
0C02060103000001
06000C1207000D13
04000D1205000D13
06000E0204000E03
0E02050007010C02
020004000D020500
0000000001110000
0C0107000C020200
04000E1306000701
03000F1303000F14
08010D1206000C02
0B120A1207010B12
0000000001000000
0000000000000000
0000000000000000
0000000000000000
0000000000000000
0000000000000000
0000000000000000
0000000000000000
0000000000000000
0000000000000000
0000000000000000
0000000000000000
0301000000000000
0B0207000D020801
0F1303000F130701
0F1304000E130400
0E0306000D030400
0E1206000E030400
000002000A120A01
0000000000000000
0000000000000000
0000000000000000
0000010004000C01
0100011106010801
0D03010001010901
0000011100000000
0000000001000000
0000000000000000
0000000000000000
0000011100000111
0000000000000000
0000000000000000
0000000000000111
0111000001110000
0000000000000000
0000000000000000
0000011100000000
0001000100000734
0001000100010001
0001000100010001
0001000100010001
0001000100010001
0001000100010001
0001000100010001
0001000100010001
0001000100010001
0001000100010001
0001000100010001
0001000100010001
0001000100010001
0001000100010001
0001000100010001
0001000100010001
0001000100010001
0001000100010001
0001000100010001
0001000100010001
0001000100010001
0001000100010001
0001000100010001
0001000100010001
0001000100010001
0001000100010001
0001000100010001
0001000100010001
0001000100010001
0001000100010001
0001000100010001
0001000100010001
0001000100010001
0001000100010001
0001000100010001
0001000100010001
0001000100010001
0001000100010001
0001000100010001
0001000100010001
0001000100010001
0001000100010001
0001000100010001
0001000100010001
0001000100010001
0001000100010001
0001000100010001
0001000100010001
0001000100010001
0001000100010001
0001000100010001
0001000100010001
0001000100010001
0001000100010001
0001000100010001
0001000100010001
0001000100010001
0001000100010001
0001000100010001
0001000100010001
0001000100010001
0001000100010001
0001000100010001
0001000100010001
0001000100010001
0001000100010001
0001000100010001
0001000100010001
0001000100010001
0001000100010001
0001000100010001
0001000100010001
0001000100010001
0001000100010001
0001000100010001
0001000100010001
0001000100010001
0001000100010001
0001000100010001
0001000100010001
0001000100010001
0001000100010001
0001000100010001
0001000100010001
0001000100010001
0001000100010001
0001000100010001
0001000100010001
0001000100010001
0001000100010001
0001000100010001
0001000100010001
0001000100010001
0001000100010001
0001000100010001
0001000100010001
0001000100010001
0001000100010001
0001000100010001
0001000100010001
0BCB000100010001
0322000008340000
0333000003330000
0333011103220111
0000011102220111
0000033300000333
0222022200000222
0323021102220222
0333000002220222
0333000003330000
0222011102220111
0F240D130F240311
0D130F240E130F35
0B010F240D130F24
0D130F240C120F34
0F240D130F240F24
022200000F240C12
0F14000002110100
0F240E130F350E13
0D130F240D130E23
0C020F240B020F13
0F240F240E240F25
021102010F340F24
0222000002220101
0211000002220000
0111022202110222
0000022201110222
0000022200000222
0222011102220222
0222000002220000
0222000002220000
0222000002220000
0100022201110222
0000022200000222
0111022200000222
0F230A1201110222
0F240E130F240D23
0F240C010F240E13
0F240C020F230C02
0F240C120F350C02
0F240E120F240C12
0111022201000F24
0000022201110222
0000022200000222
0111022200000222
0222021107010F23
020001000D230D24
0F23030102010F23
0222011102220100
0222022202220222
0000022200000222
0000032200000222
0111032201110222
0222022201110222
0111032202110222
0333011101110333
0333000002220111
0222022202220000
0111032202220222
0000022201110222
0001000100000834
0001000100010001
0001000100010001
0001000100010001
0001000100010001
0001000100010001
0001000100010001
0001000100010001
0001000100010001
0001000100010001
0001000100010001
0001000100010001
0001000100010001
0001000100010001
0001000100010001
0001000100010001
0001000100010001
0001000100010001
0001000100010001
0001000100010001
0001000100010001
0001000100010001
0001000100010001
0001000100010001
0001000100010001
0001000100010001
0001000100010001
0001000100010001
0001000100010001
0001000100010001
0001000100010001
0001000100010001
0001000100010001
0001000100010001
0001000100010001
0001000100010001
0001000100010001
0001000100010001
0001000100010001
0001000100010001
0001000100010001
0001000100010001
0001000100010001
0001000100010001
0001000100010001
0001000100010001
0001000100010001
0001000100010001
0001000100010001
0001000100010001
0001000100010001
0001000100010001
0001000100010001
0001000100010001
0001000100010001
0001000100010001
0001000100010001
0001000100010001
0001000100010001
0001000100010001
0001000100010001
0001000100010001
0001000100010001
0001000100010001
0001000100010001
0001000100010001
0001000100010001
0001000100010001
0001000100010001
0001000100010001
0001000100010001
0001000100010001
0001000100010001
0001000100010001
0001000100010001
0001000100010001
0001000100010001
0001000100010001
0001000100010001
0001000100010001
0001000100010001
0001000100010001
0001000100010001
0001000100010001
0001000100010001
0001000100010001
0001000100010001
0001000100010001
0001000100010001
0001000100010001
0001000100010001
0001000100010001
0001000100010001
0001000100010001
0001000100010001
0001000100010001
0001000100010001
0001000100010001
0001000100010001
0001000100010001
0BCB000100010001
0000000007340000
0000000000000000
0000000000000000
0000000000000000
0000000000000000
0000000000000000
0000000000000000
0000000000000000
0000000000000000
0000000000000000
081203000B120100
0301070105010611
0100071203010501
0200091201000812
0801030004000912
0001000003000200
0802000000000000
0912020007120300
0200070105110100
00000A1201000811
0200091202000712
0000000001000812
0000000000000000
0000000000000000
0000000000000000
0000000000000000
0000000000000000
0000000000000000
0000000000000000
0000000000000000
0000000000000000
0000000000000000
0000000000000000
0000000000000000
0701040000000000
0601050107120301
0912000008120200
0902000008110000
0801010006010100
0912010008120100
0000000000000200
0000000000000000
0000000000000000
0000000000000000
0000000002000601
0101000003000300
0601010000000100
0000000000000000
0000000000000000
0000000000000000
0000000000000000
0000000000000000
0000000000000000
0000000000000000
0000000000000000
0000000000000000
0000000000000000
0000000000000000
0000011100000000
0001000100000834
0001000100010001
0001000100010001
0001000100010001
0001000100010001
0001000100010001
0001000100010001
0001000100010001
0001000100010001
0001000100010001
0001000100010001
0001000100010001
0001000100010001
0001000100010001
0001000100010001
0001000100010001
0001000100010001
0001000100010001
0001000100010001
0001000100010001
0001000100010001
0001000100010001
0001000100010001
0001000100010001
0001000100010001
0001000100010001
0001000100010001
0001000100010001
0001000100010001
0001000100010001
0001000100010001
0001000100010001
0001000100010001
0001000100010001
0001000100010001
0001000100010001
0001000100010001
0001000100010001
0001000100010001
0001000100010001
0001000100010001
0001000100010001
0001000100010001
0001000100010001
0001000100010001
0001000100010001
0001000100010001
0001000100010001
0001000100010001
0001000100010001
0001000100010001
0001000100010001
0001000100010001
0001000100010001
0001000100010001
0001000100010001
0001000100010001
0001000100010001
0001000100010001
0001000100010001
0001000100010001
0001000100010001
0001000100010001
0001000100010001
0001000100010001
0001000100010001
0001000100010001
0001000100010001
0001000100010001
0001000100010001
0001000100010001
0001000100010001
0001000100010001
0001000100010001
0001000100010001
0001000100010001
0001000100010001
0001000100010001
0001000100010001
0001000100010001
0001000100010001
0001000100010001
0001000100010001
0001000100010001
0001000100010001
0001000100010001
0001000100010001
0001000100010001
0001000100010001
0001000100010001
0001000100010001
0001000100010001
0001000100010001
0001000100010001
0001000100010001
0001000100010001
0001000100010001
0001000100010001
0001000100010001
0001000100010001
0BBB000100010001
0322000008240000
0322000003330000
0333011103330111
0000022202220222
0000022200000333
0222022200000323
0333022202220222
0333000003220212
0323000003330000
0222022202220222
0211011102220111
0001022200000222
0001022201110222
0222022201110222
0222011102220222
0222000002220000
0212021202220000
0222022202220111
0000022200000222
0000022200010222
0222021202110111
0222022202220111
0222000002220000
0222000002220000
0111022201110222
0000022201110222
0000022200000222
0222011102220222
0222000002220000
0222000002220000
0222000002220111
0111022201110222
0000022200000222
0000022200000222
0222011101110222
0222011102220111
0322000002220000
0222000002220000
0222011102220000
0222011102120111
0111022201110222
0000022201110222
0000022200000222
0111022200000222
0122012201110222
0222001102110212
0222000002220000
0222022202220000
0222022202220222
0000022200000333
0000022200000222
0222022201110222
0222022201110222
0111032202110222
0322011102110322
0222000002220000
0222022202220000
0111022202220222
0000022201110333
0001000100000834
0001000100010001
0001000100010001
0001000100010001
0001000100010001
0001000100010001
0001000100010001
0001000100010001
0001000100010001
0001000100010001
0001000100010001
0001000100010001
0001000100010001
0001000100010001
0001000100010001
0001000100010001
0001000100010001
0001000100010001
0001000100010001
0001000100010001
0001000100010001
0001000100010001
0001000100010001
0001000100010001
0001000100010001
0001000100010001
0001000100010001
0001000100010001
0001000100010001
0001000100010001
0001000100010001
0001000100010001
0001000100010001
0001000100010001
0001000100010001
0001000100010001
0001000100010001
0001000100010001
0001000100010001
0001000100010001
0001000100010001
0001000100010001
0001000100010001
0001000100010001
0001000100010001
0001000100010001
0001000100010001
0001000100010001
0001000100010001
0001000100010001
0001000100010001
0001000100010001
0001000100010001
0001000100010001
0001000100010001
0001000100010001
0001000100010001
0001000100010001
0001000100010001
0001000100010001
0001000100010001
0001000100010001
0001000100010001
0001000100010001
0001000100010001
0001000100010001
0001000100010001
0001000100010001
0001000100010001
0001000100010001
0001000100010001
0001000100010001
0001000100010001
0001000100010001
0001000100010001
0001000100010001
0001000100010001
0001000100010001
0001000100010001
0001000100010001
0001000100010001
0001000100010001
0001000100010001
0001000100010001
0001000100010001
0001000100010001
0001000100010001
0001000100010001
0001000100010001
0001000100010001
0001000100010001
0001000100010001
0001000100010001
0001000100010001
0001000100010001
0001000100010001
0001000100010001
0001000100010001
0001000100010001
0001000100010001
0BBA000100010001
0000000007230000
0000000000000000
0000000000000000
0000000000000000
0000000000000000
0000000000000000
0000000000000000
0000000000000000
0000000000000000
0000000000000000
0000000000000000
0000000000000000
0000000000000000
0000000000000000
0000000000000000
0000000000000000
0000000000000000
0000000000000000
0000000000000000
0000000000000000
0000000000000000
0000000000000000
0000000000000000
0000000000000000
0000000000000000
0000000000000000
0000000000000000
0000000000000000
0000000000000000
0000000000000000
0000000000000000
0000000000000000
0000000000000000
0000000000000000
0000000000000000
0000000000000000
0000000000000000
0000000000000000
0000000000000000
0000000000000000
0000000000000000
0000000000000000
0000000000000000
0000000000000000
0000000000000000
0000000000000000
0000000000000000
0000000000000000
0000000000000000
0000000000000000
0000000000000000
0000000000000000
0000000000000000
0000000000000000
0000000000000000
0000000000000000
0000000000000000
0000000000000000
0000010100000000
0001000100000834
0001000100010001
0001000100010001
0001000100010001
0001000100010001
0001000100010001
0001000100010001
0001000100010001
0001000100010001
0001000100010001
0001000100010001
0001000100010001
0001000100010001
0001000100010001
0001000100010001
0001000100010001
0001000100010001
0001000100010001
0001000100010001
0001000100010001
0001000100010001
0001000100010001
0001000100010001
0001000100010001
0001000100010001
0001000100010001
0001000100010001
0001000100010001
0001000100010001
0001000100010001
0001000100010001
0001000100010001
0001000100010001
0001000100010001
0001000100010001
0001000100010001
0001000100010001
0001000100010001
0001000100010001
0001000100010001
0001000100010001
0001000100010001
0001000100010001
0001000100010001
0001000100010001
0001000100010001
0001000100010001
0001000100010001
0001000100010001
0001000100010001
0001000100010001
0001000100010001
0001000100010001
0001000100010001
0001000100010001
0001000100010001
0001000100010001
0001000100010001
0001000100010001
0001000100010001
0001000100010001
0001000100010001
0001000100010001
0001000100010001
0001000100010001
0001000100010001
0001000100010001
0001000100010001
0001000100010001
0001000100010001
0001000100010001
0001000100010001
0001000100010001
0001000100010001
0001000100010001
0001000100010001
0001000100010001
0001000100010001
0001000100010001
0001000100010001
0001000100010001
0001000100010001
0001000100010001
0001000100010001
0001000100010001
0001000100010001
0001000100010001
0001000100010001
0001000100010001
0001000100010001
0001000100010001
0001000100010001
0001000100010001
0001000100010001
0001000100010001
0001000100010001
0001000100010001
0001000100010001
0001000100010001
0001000100010001
0AAA000100010001
0332000007230000
0322000003330000
0333011103330111
0000022202220222
0000022200000222
0222032200000222
0222022202220222
0333000002220222
0222000002220000
0222011102220111
0222022202220222
0111022200010222
0000022201110222
0111022200110222
0222011102220222
0222000002220000
0222011102220000
0222011102220111
0000032201110111
0000022200000222
0111033301110222
0222022202220222
0222000002220000
0222000002220000
0111022202220222
0000022201110222
0000022200000332
0222011102220222
0222000002220111
0222011102220000
0222011102220000
0111022202110222
0000022201110222
0000022200000222
0222011101110222
0222011102220111
0222000002220111
0222000002220000
0222011102220000
0222011102220000
0111022201110222
0000022201110222
0000022200000222
0111022200000222
0221022201110222
0222000002220211
0222000002220000
0222011102220000
0222022202220222
0000022200000222
0000032200000333
0111022201110222
0222022201110222
0111022201220222
0333011101110222
0222000002220111
0222022202220000
0222022202220222
0000033201110322
0001000100000723
0001000100010001
0001000100010001
0001000100010001
0001000100010001
0001000100010001
0001000100010001
0001000100010001
0001000100010001
0001000100010001
0001000100010001
0001000100010001
0001000100010001
0001000100010001
0001000100010001
0001000100010001
0001000100010001
0001000100010001
0001000100010001
0001000100010001
0001000100010001
0001000100010001
0001000100010001
0001000100010001
0001000100010001
0001000100010001
0001000100010001
0001000100010001
0001000100010001
0001000100010001
0001000100010001
0001000100010001
0001000100010001
0001000100010001
0001000100010001
0001000100010001
0001000100010001
0001000100010001
0001000100010001
0001000100010001
0001000100010001
0001000100010001
0001000100010001
0001000100010001
0001000100010001
0001000100010001
0001000100010001
0001000100010001
0001000100010001
0001000100010001
0001000100010001
0001000100010001
0001000100010001
0001000100010001
0001000100010001
0001000100010001
0001000100010001
0001000100010001
0001000100010001
0001000100010001
0001000100010001
0001000100010001
0001000100010001
0001000100010001
0001000100010001
0001000100010001
0001000100010001
0001000100010001
0001000100010001
0001000100010001
0001000100010001
0001000100010001
0001000100010001
0001000100010001
0001000100010001
0001000100010001
0001000100010001
0001000100010001
0001000100010001
0001000100010001
0001000100010001
0001000100010001
0001000100010001
0001000100010001
0001000100010001
0001000100010001
0001000100010001
0001000100010001
0001000100010001
0001000100010001
0001000100010001
0001000100010001
0001000100010001
0001000100010001
0001000100010001
0001000100010001
0001000100010001
0001000100010001
0001000100010001
0001000100010001
0BBA000100010001
011100000D570000
0111000001110000
0111000001110000
0000000001110000
0000011100000111
0000011100000111
0000000001110111
0111000001110000
0212000001110000
0111000001110000
0111000001110000
0000011100000111
0000011100000111
0000011100000111
0111000000000111
0111000001110000
0111000001110000
0111000001110000
0000011100000000
0000021100000111
0000000000000111
0111011100000111
0111000001110000
0111000001110000
0000000001110000
0000011100000000
0000011100000111
0000000000000111
0100000001110000
0111000001110000
0111000001110000
0000000001110000
0000011100000000
0000011100000111
0000010000000111
0111000000000000
0111000001110000
0111000001110000
0111000001110000
0111000001110000
0000000000000111
0000011100000000
0000011100000111
0000011100000111
0000010000000111
0111000000000000
0111000001110000
0111000001110000
0111000001110000
0000011100000111
0000011100000111
0000011100000111
0000011100000111
0000000000000111
0111000000000111
0211000001110000
0111000000000000
0000000000000000
0100011100000111
0001000100000C57
0001000100010001
0001000100010001
0001000100010001
0001000100010001
0001000100010001
0001000100010001
0001000100010001
0001000100010001
0001000100010001
0001000100010001
0001000100010001
0001000100010001
0001000100010001
0001000100010001
0001000100010001
0001000100010001
0001000100010001
0001000100010001
0001000100010001
0001000100010001
0001000100010001
0001000100010001
0001000100010001
0001000100010001
0001000100010001
0001000100010001
0001000100010001
0001000100010001
0001000100010001
0001000100010001
0001000100010001
0001000100010001
0001000100010001
0001000100010001
0001000100010001
0001000100010001
0001000100010001
0001000100010001
0001000100010001
0001000100010001
0001000100010001
0001000100010001
0001000100010001
0001000100010001
0001000100010001
0001000100010001
0001000100010001
0001000100010001
0001000100010001
0001000100010001
0001000100010001
0001000100010001
0001000100010001
0001000100010001
0001000100010001
0001000100010001
0001000100010001
0001000100010001
0001000100010001
0001000100010001
0001000100010001
0001000100010001
0001000100010001
0001000100010001
0001000100010001
0001000100010001
0001000100010001
0001000100010001
0001000100010001
0001000100010001
0001000100010001
0001000100010001
0001000100010001
0001000100010001
0001000100010001
0001000100010001
0001000100010001
0001000100010001
0001000100010001
0001000100010001
0001000100010001
0001000100010001
0001000100010001
0001000100010001
0001000100010001
0001000100010001
0001000100010001
0001000100010001
0001000100010001
0001000100010001
0001000100010001
0001000100010001
0001000100010001
0001000100010001
0001000100010001
0001000100010001
0001000100010001
0001000100010001
0001000100010001
0001000100010001
01110F6801110000
0111011101000111
0000011100000111
0111000001000000
0111000000000000
0000000001110000
0100000001000101
0000011100000000
0100011100000101
0000011101110100
0111011101110111
0111011100000111
0111011101110111
0111000001110000
0101000001110000
0111011100000000
0111000000000101
0101011101110111
0000011100000101
0111010100010111
0101000001110101
0100000001110101
0000011100000111
0111011100000111
0111011101110111
0111000001110000
0000000000000000
0100000000000000
0000000001000000
0111000000000000
0000000000000000
0000000000000000
0000000000000000
0000000000000000
0000000000000000
0000011100000000
0111000000000100
0000000000000101
0000000001000100
0000000000000000
0000000001000000
0000010000000000
0000000000000101
0000000000000000
0000010100000000
0111000000000111
0111000000000100
0100011100000111
0111000001110111
0000010001110000
0000000000000000
0000011100000100
0000000000000100
0000000000000000
0000010101110000
0000000000000001
0111011101110000
0111011101110000
0E89011101110111
0001000100000000
0001000100010001
0001000100010001
0001000100010001
0001000100010001
0001000100010001
0001000100010001
0001000100010001
0001000100010001
0001000100010001
0001000100010001
0001000100010001
0001000100010001
0001000100010001
0001000100010001
0001000100010001
0001000100010001
0001000100010001
0001000100010001
0001000100010001
0001000100010001
0001000100010001
0001000100010001
0001000100010001
0001000100010001
0001000100010001
0001000100010001
0001000100010001
0001000100010001
0001000100010001
0001000100010001
0001000100010001
0001000100010001
0001000100010001
0001000100010001
0001000100010001
0001000100010001
0001000100010001
0001000100010001
0001000100010001
0001000100010001
0001000100010001
0001000100010001
0001000100010001
0001000100010001
0001000100010001
0001000100010001
0001000100010001
0001000100010001
0001000100010001
0001000100010001
0001000100010001
0001000100010001
0001000100010001
0001000100010001
0001000100010001
0001000100010001
0001000100010001
0001000100010001
0001000100010001
0001000100010001
0001000100010001
0001000100010001
0001000100010001
0001000100010001
0001000100010001
0001000100010001
0001000100010001
0001000100010001
0001000100010001
0001000100010001
0001000100010001
0001000100010001
0001000100010001
0001000100010001
0001000100010001
0001000100010001
0001000100010001
0001000100010001
0001000100010001
0001000100010001
0001000100010001
0001000100010001
0001000100010001
0001000100010001
0001000100010001
0001000100010001
0001000100010001
0001000100010001
0001000100010001
0001000100010001
0001000100010001
0001000100010001
0001000100010001
0001000100010001
0001000100010001
0001000100010001
0001000100010001
0001000100010001
0001000100010001
0001000100010001
0C46042201110001
0200010001010311
0200010001000100
0201020002010201
0201020102000200
0201020102010201
0200020002010201
0200020102010200
0201020002000201
0100010001000200
0201020102010201
0200020102000201
0311031103010201
0201020102010211
0201020002010201
0200020002000200
0100010001000100
0200020102010200
0201020102000201
0201020002000201
0201020002010201
0201020102010200
0201020102010201
0200020102010201
0201030103010201
0201020102010201
0200020002010201
0201020002000200
0201020102010201
0201020102010201
0200020001000200
0200020002000200
0200020002000200
0201020002000100
0201010002010201
0201020102010201
0211031102010201
0201020102010201
0200020002010201
0100010001000200
0100010001000100
0200020002000201
0200020102010201
0200020001000100
0200020002000200
0100010002010100
0201010001000100
0200020001000100
0201030103010201
0200020001000201
0200010001000100
0201020102010201
0201020102010201
0201020102010201
0201020102010200
0201020102010201
0200020102000200
0211010102000200
0311041103110311
0001000100010111
0001000100010001
0001000100010001
0001000100010001
0001000100010001
0001000100010001
0001000100010001
0001000100010001
0001000100010001
0001000100010001
0001000100010001
0001000100010001
0001000100010001
0001000100010001
0001000100010001
0001000100010001
0001000100010001
0001000100010001
0001000100010001
0001000100010001
0001000100010001
0001000100010001
0001000100010001
0001000100010001
0001000100010001
0001000100010001
0001000100010001
0001000100010001
0001000100010001
0001000100010001
0001000100010001
0001000100010001
0001000100010001
0001000100010001
0001000100010001
0001000100010001
0001000100010001
0001000100010001
0001000100010001
0001000100010001
0001000100010001
0001000100010001
0001000100010001
0001000100010001
0001000100010001
0001000100010001
0001000100010001
0001000100010001
0001000100010001
0001000100010001
0001000100010001
0001000100010001
0001000100010001
0001000100010001
0001000100010001
0001000100010001
0001000100010001
0001000100010001
0001000100010001
0001000100010001
0001000100010001
0001000100010001
0001000100010001
0001000100010001
0001000100010001
0001000100010001
0001000100010001
0001000100010001
0001000100010001
0001000100010001
0001000100010001
0001000100010001
0001000100010001
0001000100010001
0001000100010001
0001000100010001
0001000100010001
0001000100010001
0001000100010001
0001000100010001
0001000100010001
0001000100010001
0001000100010001
0001000100010001
0001000100010001
0001000100010001
0001000100010001
0001000100010001
0001000100010001
0001000100010001
0001000100010001
0001000100010001
0001000100010001
0001000100010001
0001000100010001
0001000100010001
0001000100010001
0001000100010001
0001000100010001
0001000100010001
0001000100010001
0111011100000001
0311031103110523
0311031103110311
0311031103110311
0312031203120311
0411031103110312
0311031103110311
0412041204120312
0312041204120412
0311031103110312
0412041204120411
0423042304230522
0422052304230422
0412031103110412
0311031104110411
0311031103110311
0311031103110311
0311031104110411
0311031103110311
0311031103110311
0312031103110311
0412041103110311
0422041204120412
0423052305230523
0100042204220422
0100010001000100
0101010101010101
0100010001000100
0100010001000100
0100010001000100
0100010001000100
0100010001000100
0100010001000100
0201010001000100
0422010002010201
0322032204220422
0211042204220422
0211021102110311
0311031103110311
0411041104110311
0311031103110311
0311031103110311
0311031103110311
0311031103110311
0311031103110311
0311031103110311
0523031103110311
0422042305230523
0312041205220422
0311031103110311
0311031103110311
0311031103110311
0311031103110311
0311031103110311
0311031103110311
0311031103110311
0311031204120312
0412031203110311
0111020105220412
0001000100010222
0001000100010001
0001000100010001
0001000100010001
0001000100010001
0001000100010001
0001000100010001
0001000100010001
0001000100010001
0001000100010001
0001000100010001
0001000100010001
0001000100010001
0001000100010001
0001000100010001
0001000100010001
0001000100010001
0001000100010001
0001000100010001
0001000100010001
0001000100010001
0001000100010001
0001000100010001
0001000100010001
0001000100010001
0001000100010001
0001000100010001
0001000100010001
0001000100010001
0001000100010001
0001000100010001
0001000100010001
0001000100010001
0001000100010001
0001000100010001
0001000100010001
0001000100010001
0001000100010001
0001000100010001
0001000100010001
0001000100010001
0001000100010001
0001000100010001
0001000100010001
0001000100010001
0001000100010001
0001000100010001
0001000100010001
0001000100010001
0001000100010001
0001000100010001
0001000100010001
0001000100010001
0001000100010001
0001000100010001
0001000100010001
0001000100010001
0001000100010001
0001000100010001
0001000100010001
0001000100010001
0001000100010001
0001000100010001
0001000100010001
0001000100010001
0001000100010001
0001000100010001
0001000100010001
0001000100010001
0001000100010001
0001000100010001
0001000100010001
0001000100010001
0001000100010001
0001000100010001
0001000100010001
0001000100010001
0001000100010001
0001000100010001
0001000100010001
0001000100010001
0001000100010001
0001000100010001
0001000100010001
0001000100010001
0001000100010001
0001000100010001
0001000100010001
0001000100010001
0001000100010001
0001000100010001
0001000100010001
0001000100010001
0001000100010001
0001000100010001
0001000100010001
0001000100010001
0001000100010001
0001000100010001
0001000100010001
0001000100010001
0111000000010001
0222022300000111
0332033203220222
0222022203220333
0222022202220222
0222022202220222
0322032203220222
0333033303220322
0333033303330333
0322032203220322
0000000000000222
0111011101110111
0111011101000111
0333033300000000
0333033303330333
0222022203330433
0222022202220222
0222022202220222
0322022202220222
0222022202220322
0222032203220222
0222022202220222
0000000000000222
0101011101110100
0000011101010000
0333022201110000
0332033303330333
0222022202220222
0222022202220222
0222022202220222
0222022202210222
0222022202220222
0222022202220222
0222022202220222
0111000000000111
0111011101110111
0000010001110111
0333022205550000
0333033303330333
0333033303330333
0333033303330333
0322032203220322
0322033203320322
0333033303220322
0333033303330333
0322033303330322
0111000000000111
0110011101110111
0000000001110111
0433033302220000
0333033303330433
0222032203330333
0222022202220222
0332032202220222
0333033303330333
0332033303330333
0322032203220322
0222032203220322
0211011101110000
0001000100010111
0001000100010001
0001000100010001
0001000100010001
0001000100010001
0001000100010001
0001000100010001
0001000100010001
0001000100010001
0001000100010001
0001000100010001
0001000100010001
0001000100010001
0001000100010001
0001000100010001
0001000100010001
0001000100010001
0001000100010001
0001000100010001
0001000100010001
0001000100010001
0001000100010001
0001000100010001
0001000100010001
0001000100010001
0001000100010001
0001000100010001
0001000100010001
0001000100010001
0001000100010001
0001000100010001
0001000100010001
0001000100010001
0001000100010001
0001000100010001
0001000100010001
0001000100010001
0001000100010001
0001000100010001
0001000100010001
0001000100010001
0001000100010001
0001000100010001
0001000100010001
0001000100010001
0001000100010001
0001000100010001
0001000100010001
0001000100010001
0001000100010001
0001000100010001
0001000100010001
0001000100010001
0001000100010001
0001000100010001
0001000100010001
0001000100010001
0001000100010001
0001000100010001
0001000100010001
0001000100010001
0001000100010001
0001000100010001
0001000100010001
0001000100010001
0001000100010001
0001000100010001
0001000100010001
0001000100010001
0001000100010001
0001000100010001
0001000100010001
0001000100010001
0001000100010001
0001000100010001
0001000100010001
0001000100010001
0001000100010001
0001000100010001
0001000100010001
0001000100010001
0001000100010001
0001000100010001
0001000100010001
0001000100010001
0001000100010001
0001000100010001
0001000100010001
0001000100010001
0001000100010001
0001000100010001
0001000100010001
0001000100010001
0001000100010001
0001000100010001
0001000100010001
0001000100010001
0001000100010001
0001000100010001
0001000100010001
0001000100010001
0000000100010001
000003330BBB0111
0000000000000000
0000000000000000
0000000000000000
0000000000000000
0000000000000000
0000000000000000
0000000000000000
0000000000000000
0000000005550000
0000000000000000
0000000000000000
0000011100010000
0000000000000000
0000000000000000
0000000000000000
0000000000000000
0000000000000000
0000000000000000
0000000000000000
0000000000000000
0000000003330000
0000000000000000
0000000000000000
0000000008880777
0000000000000000
0000000000000000
0000000000000000
0000000000000000
0000000000000000
0000000000000000
0000000000000000
0000000000000000
0000000002220555
0000000000000000
0000000000000000
0000000003330111
0000000000000000
0000000000000000
0000000000000000
0000000000000000
0000000000000000
0000000000000000
0000000000000000
0000000000000000
0000000004440999
0000000000000000
0000000000000000
0000000002220AAA
0000000000000000
0000000000000000
0000000000000000
0000000000000000
0000000000000000
0000000000000000
0000000000000000
0000000000000000
0111011107770777
0001000100010001
0001000100010001
0001000100010001
0001000100010001
0001000100010001
0001000100010001
0001000100010001
0001000100010001
0001000100010001
0001000100010001
0001000100010001
0001000100010001
0001000100010001
0001000100010001
0001000100010001
0001000100010001
0001000100010001
0001000100010001
0001000100010001
0001000100010001
0001000100010001
0001000100010001
0001000100010001
0001000100010001
0001000100010001
0001000100010001
0001000100010001
0001000100010001
0001000100010001
0001000100010001
0001000100010001
0001000100010001
0001000100010001
0001000100010001
0001000100010001
0001000100010001
0001000100010001
0001000100010001
0001000100010001
0001000100010001
0001000100010001
0001000100010001
0001000100010001
0001000100010001
0001000100010001
0001000100010001
0001000100010001
0001000100010001
0001000100010001
0001000100010001
0001000100010001
0001000100010001
0001000100010001
0001000100010001
0001000100010001
0001000100010001
0001000100010001
0001000100010001
0001000100010001
0001000100010001
0001000100010001
0001000100010001
0001000100010001
0001000100010001
0001000100010001
0001000100010001
0001000100010001
0001000100010001
0001000100010001
0001000100010001
0001000100010001
0001000100010001
0001000100010001
0001000100010001
0001000100010001
0001000100010001
0001000100010001
0001000100010001
0001000100010001
0001000100010001
0001000100010001
0001000100010001
0001000100010001
0001000100010001
0001000100010001
0001000100010001
0001000100010001
0001000100010001
0001000100010001
0001000100010001
0001000100010001
0001000100010001
0001000100010001
0001000100010001
0001000100010001
0001000100010001
0001000100010001
0001000100010001
0001000100010001
0001000100010001
0001000100010001
0001000100010001
0555044402220666
0111011101110111
0111011101110111
0000011101110111
0000000000000000
0000000000000000
0111011100000000
0111011101110111
0111011101110111
0000044501110111
0000000000000000
0000000000000000
0111022200000777
0111011101110111
0111011101110111
0000011101110111
0000000000000000
0000000000000000
0111011100000000
0111011101110111
0111011101110111
0000022200000111
0000000000000000
0444000000000000
0111055502220333
0111011101110111
0111011101110111
0000000001110111
0000000000000000
0000000000000000
0111011101110111
0111011101110111
0111011101110111
0000044406660111
0000000000000000
0222000000000000
0111044402220222
0111011101110111
0111011101110111
0000000001110111
0000000000000000
0000000000000000
0111011101110111
0111011101110111
0111011101110111
0000033305550000
0000000000000000
0333000000000000
0111055504440000
0111011101110111
0111011101110111
0000000000000111
0000000000000000
0000000000000000
0111011101110111
0111011101110111
0222011101110111
0001000007770111
0001000100010001
0001000100010001
0001000100010001
0001000100010001
0001000100010001
0001000100010001
0001000100010001
0001000100010001
0001000100010001
0001000100010001
0001000100010001
0001000100010001
0001000100010001
0001000100010001
0001000100010001
0001000100010001
0001000100010001
0001000100010001
0001000100010001
0001000100010001
0001000100010001
0001000100010001
0001000100010001
0001000100010001
0001000100010001
0001000100010001
0001000100010001
0001000100010001
0001000100010001
0001000100010001
0001000100010001
0001000100010001
0001000100010001
0001000100010001
0001000100010001
0001000100010001
0001000100010001
0001000100010001
0001000100010001
0001000100010001
0001000100010001
0001000100010001
0001000100010001
0001000100010001
0001000100010001
0001000100010001
0001000100010001
0001000100010001
0001000100010001
0001000100010001
0001000100010001
0001000100010001
0001000100010001
0001000100010001
0001000100010001
0001000100010001
0001000100010001
0001000100010001
0001000100010001
0001000100010001
0001000100010001
0001000100010001
0001000100010001
0001000100010001
0001000100010001
0001000100010001
0001000100010001
0001000100010001
0001000100010001
0001000100010001
0001000100010001
0001000100010001
0001000100010001
0001000100010001
0001000100010001
0001000100010001
0001000100010001
0001000100010001
0001000100010001
0001000100010001
0001000100010001
0001000100010001
0001000100010001
0001000100010001
0001000100010001
0001000100010001
0001000100010001
0001000100010001
0001000100010001
0001000100010001
0001000100010001
0001000100010001
0001000100010001
0001000100010001
0001000100010001
0001000100010001
0001000100010001
0001000100010001
0001000100010001
0001000100010001
0001000100010001
0001000100010001
0222011103330666
0111011101110111
0111011101110111
0444000000000111
0777088808880888
08880AAA09990888
0000000000000222
0111011101110111
0111011101110111
0222000001110111
0666077700000000
0888077706660666
011101110000099A
0111011101110111
0111011101110111
0333000000000000
0888088808880777
0777088809880888
0000000000000333
0111011101110111
0111011101110111
0000011101110111
0444044405550000
0554067605550555
0111011103330000
0111011101110111
0000011101110111
0777022200000000
0777066607770777
0555088809880777
0111011100000222
0111011101110111
0111011101110111
0000044402220111
0555055504440333
0777022205550555
0111011102220000
0111011101110111
0111011101110111
0777023200000000
0888088808880888
0554099809990888
0111011100000000
0111011101110111
0111011101110111
0555055504440111
0555055505550555
0111022200000555
0111022201110000
0111011101110111
0000011101110111
0776044401000000
0666066607770777
0333066607770777
0111011100000000
0111011101110111
0111011102210111
0001033300000111
0001000100010001
0001000100010001
0001000100010001
0001000100010001
0001000100010001
0001000100010001
0001000100010001
0001000100010001
0001000100010001
0001000100010001
0001000100010001
0001000100010001
0001000100010001
0001000100010001
0001000100010001
0001000100010001
0001000100010001
0001000100010001
0001000100010001
0001000100010001
0001000100010001
0001000100010001
0001000100010001
0001000100010001
0001000100010001
0001000100010001
0001000100010001
0001000100010001
0001000100010001
0001000100010001
0001000100010001
0001000100010001
0001000100010001
0001000100010001
0001000100010001
0001000100010001
0001000100010001
0001000100010001
0001000100010001
0001000100010001
0001000100010001
0001000100010001
0001000100010001
0001000100010001
0001000100010001
0001000100010001
0001000100010001
0001000100010001
0001000100010001
0001000100010001
0001000100010001
0001000100010001
0001000100010001
0001000100010001
0001000100010001
0001000100010001
0001000100010001
0001000100010001
0001000100010001
0001000100010001
0001000100010001
0001000100010001
0001000100010001
0001000100010001
0001000100010001
0001000100010001
0001000100010001
0001000100010001
0001000100010001
0001000100010001
0001000100010001
0001000100010001
0001000100010001
0001000100010001
0001000100010001
0001000100010001
0001000100010001
0001000100010001
0001000100010001
0001000100010001
0001000100010001
0001000100010001
0001000100010001
0001000100010001
0001000100010001
0001000100010001
0001000100010001
0001000100010001
0001000100010001
0001000100010001
0001000100010001
0001000100010001
0001000100010001
0001000100010001
0001000100010001
0001000100010001
0001000100010001
0001000100010001
0001000100010001
0001000100010001
0001000100010001
0001000100010001
0222011101110666
0222022202210221
0000011101110222
0333076602220000
0000000000000111
0111000000000000
0000044408880666
0111011101110000
0111011101110111
0222000001110111
0001000100000000
0001000100010001
0111011100000AAA
0111011101110111
0000011101110222
0333066602220000
0000000000000000
0100000000000000
0000011107770555
0111011101110000
0111011101110111
0000011101110111
0001000100010000
0555000100010001
0111012103330000
0111011102220221
0000000001110111
0111055506660111
0000000000000000
0333000000000000
0000011107770777
0111011101110111
0111011101110111
0000044404340111
0001000100010666
0777022200010001
0111011102220000
0111011101110111
0000000001110111
0111055506660111
0000000000000000
0333000000000000
0000000004330888
0111011101110111
0111011101110111
0001055503340111
0001000100010001
0111022200000001
0111011101110001
0111011101110111
0000000001110111
0111033305550333
0000000000000000
0333000000000000
0000000003330666
0111012102220222
0121021102110211
0001044400000111
0001000100010001
0001000100010001
0001000100010001
0001000100010001
0001000100010001
0001000100010001
0001000100010001
0001000100010001
0001000100010001
0001000100010001
0001000100010001
0001000100010001
0001000100010001
0001000100010001
0001000100010001
0001000100010001
0001000100010001
0001000100010001
0001000100010001
0001000100010001
0001000100010001
0001000100010001
0001000100010001
0001000100010001
0001000100010001
0001000100010001
0001000100010001
0001000100010001
0001000100010001
0001000100010001
0001000100010001
0001000100010001
0001000100010001
0001000100010001
0001000100010001
0001000100010001
0001000100010001
0001000100010001
0001000100010001
0001000100010001
0001000100010001
0001000100010001
0001000100010001
0001000100010001
0001000100010001
0001000100010001
0001000100010001
0001000100010001
0001000100010001
0001000100010001
0001000100010001
0001000100010001
0001000100010001
0001000100010001
0001000100010001
0001000100010001
0001000100010001
0001000100010001
0001000100010001
0001000100010001
0001000100010001
0001000100010001
0001000100010001
0001000100010001
0001000100010001
0001000100010001
0001000100010001
0001000100010001
0001000100010001
0001000100010001
0001000100010001
0001000100010001
0001000100010001
0001000100010001
0001000100010001
0001000100010001
0001000100010001
0001000100010001
0001000100010001
0001000100010001
0001000100010001
0001000100010001
0001000100010001
0001000100010001
0001000100010001
0001000100010001
0001000100010001
0001000100010001
0001000100010001
0001000100010001
0001000100010001
0001000100010001
0001000100010001
0001000100010001
0001000100010001
0001000100010001
0001000100010001
0001000100010001
0001000100010001
0001000100010001
0001000100010001
0001000100010001
0222011101110666
0222022202220222
0222000003330222
0110000000000555
0000000000000111
0111000000000000
0888011101110110
0111011100000555
0111011101110111
0222000001110111
0001000100000000
0001000100010001
0111011100000AAA
0111011101110111
0333000001110111
0000000000000454
0000000000000000
0100000000000000
0777011100000100
0111011105440222
0111011101110111
0000011101110111
0001000100010000
0656000100010001
0121022203330000
0111022102220222
0555011100000111
0000011000000000
0000000000000100
0111000000000000
0777033300000111
0222021101110110
0111011101110221
0000055504430111
0001000100010655
0777022200010001
0111011102220000
0222022201110111
0666033300000111
0000000000000111
0000000000000000
0110000000000000
0666066600000111
0111011101110000
0111011101110111
0001077704330111
0001000100010001
0111044400000001
0111011101110000
0111011101110111
0333044400000111
0000000000000000
0000000000000000
0111000000000000
0222044400000000
0221022201110433
0221022102210221
0001044400000111
0001000100010001
0001000100010001
0001000100010001
0001000100010001
0001000100010001
0001000100010001
0001000100010001
0001000100010001
0001000100010001
0001000100010001
0001000100010001
0001000100010001
0001000100010001
0001000100010001
0001000100010001
0001000100010001
0001000100010001
0001000100010001
0001000100010001
0001000100010001
0001000100010001
0001000100010001
0001000100010001
0001000100010001
0001000100010001
0001000100010001
0001000100010001
0001000100010001
0001000100010001
0001000100010001
0001000100010001
0001000100010001
0001000100010001
0001000100010001
0001000100010001
0001000100010001
0001000100010001
0001000100010001
0001000100010001
0001000100010001
0001000100010001
0001000100010001
0001000100010001
0001000100010001
0001000100010001
0001000100010001
0001000100010001
0001000100010001
0001000100010001
0001000100010001
0001000100010001
0001000100010001
0001000100010001
0001000100010001
0001000100010001
0001000100010001
0001000100010001
0001000100010001
0001000100010001
0001000100010001
0001000100010001
0001000100010001
0001000100010001
0001000100010001
0001000100010001
0001000100010001
0001000100010001
0001000100010001
0001000100010001
0001000100010001
0001000100010001
0001000100010001
0001000100010001
0001000100010001
0001000100010001
0001000100010001
0001000100010001
0001000100010001
0001000100010001
0001000100010001
0001000100010001
0001000100010001
0001000100010001
0001000100010001
0001000100010001
0001000100010001
0001000100010001
0001000100010001
0001000100010001
0001000100010001
0001000100010001
0001000100010001
0001000100010001
0001000100010001
0001000100010001
0001000100010001
0001000100010001
0001000100010001
0001000100010001
0001000100010001
0001000100010001
0001000100010001
0222011101110666
0222076602220222
0000055501110111
0000000000000000
0000000000000000
0000000000000000
0222000000000000
0111033308880111
0111011101110111
0222000001110111
0001000100000000
0001000100010001
0111011100000AAA
0888011101110111
0111055501110000
000000000AAA0444
0000000000000000
0000000000000000
0000011100000000
0111000107770111
0111011102210222
0000011102210111
0001000100010000
0666000100010001
0111011101110000
0777022202220222
0000011104440111
0000000001000111
0000000000000000
0000000000000000
0111011100000000
0222011104430555
0111011102220222
0000055504440111
0001000100010666
0777022200010001
0111011101110000
0111022201110111
0000011107770333
0000000006660222
0000000000000000
0000000000000000
0110011100000000
0111000004440777
0111011101110111
0001077703330111
0001000100010001
0111044400000001
0111021101110111
0000022202220111
0000000008880111
0000000000000000
0000000000000000
0000000000000000
0000010001110100
022201110AAA0433
0221022102210221
0001044400000111
0001000100010001
0001000100010001
0001000100010001
0001000100010001
0001000100010001
0001000100010001
0001000100010001
0001000100010001
0001000100010001
0001000100010001
0001000100010001
0001000100010001
0001000100010001
0001000100010001
0001000100010001
0001000100010001
0001000100010001
0001000100010001
0001000100010001
0001000100010001
0001000100010001
0001000100010001
0001000100010001
0001000100010001
0001000100010001
0001000100010001
0001000100010001
0001000100010001
0001000100010001
0001000100010001
0001000100010001
0001000100010001
0001000100010001
0001000100010001
0001000100010001
0001000100010001
0001000100010001
0001000100010001
0001000100010001
0001000100010001
0001000100010001
0001000100010001
0001000100010001
0001000100010001
0001000100010001
0001000100010001
0001000100010001
0001000100010001
0001000100010001
0001000100010001
0001000100010001
0001000100010001
0001000100010001
0001000100010001
0001000100010001
0001000100010001
0001000100010001
0001000100010001
0001000100010001
0001000100010001
0001000100010001
0001000100010001
0001000100010001
0001000100010001
0001000100010001
0001000100010001
0001000100010001
0001000100010001
0001000100010001
0001000100010001
0001000100010001
0001000100010001
0001000100010001
0001000100010001
0001000100010001
0001000100010001
0001000100010001
0001000100010001
0001000100010001
0001000100010001
0001000100010001
0001000100010001
0001000100010001
0001000100010001
0001000100010001
0001000100010001
0001000100010001
0001000100010001
0001000100010001
0001000100010001
0001000100010001
0001000100010001
0001000100010001
0001000100010001
0001000100010001
0001000100010001
0001000100010001
0001000100010001
0001000100010001
0001000100010001
0001000100010001
0001000100010001
0222011101110666
0111022202220222
0000000002220333
0000000000000000
0000000000000000
0000000000000000
0000000000000000
0001066601110111
0221011101110111
0222000001110111
0001000100000000
0001000100010001
0111011100000AAA
0222043401110111
0000000006660222
0000000000000000
0000000000000000
0000000000000000
0000000000000000
00010BBB00000111
0111022202220111
0000011102220111
0001000100010000
0666000100010001
0222011101110000
0232011102220221
0000000000000433
0000000000000000
0000000000000000
0000000000000000
0000000000000000
0222000103330222
0111022102220222
0000066604440111
0001000100010666
0777022200010001
0111011101110000
0888011102220111
0000000000000444
0000000000000000
0000000000000000
0000000000000000
0000000000000000
0111000102220222
0111022201110221
0001077703330111
0001000100010001
0111055500000001
0111022101110111
0555011102220222
0000000000000333
0000000000000000
0000000000000000
0000000000000000
0000000000000000
0111066502220000
0111022202210222
0001033300000111
0001000100010001
0001000100010001
0001000100010001
0001000100010001
0001000100010001
0001000100010001
0001000100010001
0001000100010001
0001000100010001
0001000100010001
0001000100010001
0001000100010001
0001000100010001
0001000100010001
0001000100010001
0001000100010001
0001000100010001
0001000100010001
0001000100010001
0001000100010001
0001000100010001
0001000100010001
0001000100010001
0001000100010001
0001000100010001
0001000100010001
0001000100010001
0001000100010001
0001000100010001
0001000100010001
0001000100010001
0001000100010001
0001000100010001
0001000100010001
0001000100010001
0001000100010001
0001000100010001
0001000100010001
0001000100010001
0001000100010001
0001000100010001
0001000100010001
0001000100010001
0001000100010001
0001000100010001
0001000100010001
0001000100010001
0001000100010001
0001000100010001
0001000100010001
0001000100010001
0001000100010001
0001000100010001
0001000100010001
0001000100010001
0001000100010001
0001000100010001
0001000100010001
0001000100010001
0001000100010001
0001000100010001
0001000100010001
0001000100010001
0001000100010001
0001000100010001
0001000100010001
0001000100010001
0001000100010001
0001000100010001
0001000100010001
0001000100010001
0001000100010001
0001000100010001
0001000100010001
0001000100010001
0001000100010001
0001000100010001
0001000100010001
0001000100010001
0001000100010001
0001000100010001
0001000100010001
0001000100010001
0001000100010001
0001000100010001
0001000100010001
0001000100010001
0001000100010001
0001000100010001
0001000100010001
0001000100010001
0001000100010001
0001000100010001
0001000100010001
0001000100010001
0001000100010001
0001000100010001
0001000100010001
0001000100010001
0001000100010001
0001000100010001
0001000100010001
0222011101110666
0333022202220222
0000000000000111
0000000000000000
0000011100000111
0111000001110000
0000000000000000
0555022200000000
0222022202220001
0222000002220111
0001000100000000
0001000100010001
0111011100000AAA
0222033305550111
0000000000000555
0000000000000000
0111000000000111
0000000001110000
0000000000000000
0001011100000000
0221022101110555
0000011102220111
0001000100010000
0666000100010001
0221011101110000
0433055501110211
0000000000000000
0000000000000000
0111000000000000
0000011100000111
0000000000000000
0001000001110000
0111011102220111
0000055504440111
0001000100010666
0777022200010001
0111011101110000
0555077701110221
0000000000000000
0111000000000000
0111000001110000
0000000000000111
0000000000000000
0001022201110000
0111011101110000
0001077703330111
0001000100010001
0111066600000001
0111011101110111
0000000103330222
0000000000000000
0000000000000000
0000011100000000
0000011100000111
0000000000000000
0555011100000000
0111011101110111
0001033300000111
0001000100010001
0001000100010001
0001000100010001
0001000100010001
0001000100010001
0001000100010001
0001000100010001
0001000100010001
0001000100010001
0001000100010001
0001000100010001
0001000100010001
0001000100010001
0001000100010001
0001000100010001
0001000100010001
0001000100010001
0001000100010001
0001000100010001
0001000100010001
0001000100010001
0001000100010001
0001000100010001
0001000100010001
0001000100010001
0001000100010001
0001000100010001
0001000100010001
0001000100010001
0001000100010001
0001000100010001
0001000100010001
0001000100010001
0001000100010001
0001000100010001
0001000100010001
0001000100010001
0001000100010001
0001000100010001
0001000100010001
0001000100010001
0001000100010001
0001000100010001
0001000100010001
0001000100010001
0001000100010001
0001000100010001
0001000100010001
0001000100010001
0001000100010001
0001000100010001
0001000100010001
0001000100010001
0001000100010001
0001000100010001
0001000100010001
0001000100010001
0001000100010001
0001000100010001
0001000100010001
0001000100010001
0001000100010001
0001000100010001
0001000100010001
0001000100010001
0001000100010001
0001000100010001
0001000100010001
0001000100010001
0001000100010001
0001000100010001
0001000100010001
0001000100010001
0001000100010001
0001000100010001
0001000100010001
0001000100010001
0001000100010001
0001000100010001
0001000100010001
0001000100010001
0001000100010001
0001000100010001
0001000100010001
0001000100010001
0001000100010001
0001000100010001
0001000100010001
0001000100010001
0001000100010001
0001000100010001
0001000100010001
0001000100010001
0001000100010001
0001000100010001
0001000100010001
0001000100010001
0001000100010001
0001000100010001
0001000100010001
0001000100010001
0001000100010001
0111011100000666
0000077701110111
0000000000000000
0000000000000000
0111011100000111
0000000001110000
0000000000000000
0222000000000000
022201110BBB0322
0222000002220222
0001000100000000
0001000100010001
0111011100000AAA
0888077704440111
0000000000000000
0000000000000000
0110000000000111
0000000001110000
0000000000000111
0111000000000000
0221022204440001
0000011102220211
0001000100010000
0666000100010001
0222011101110000
0000044406660222
0000000000000000
0000000000000000
0000011100000000
0000011100000111
0000000000000000
0222011100000000
0111022201110001
0000055503330111
0001000100010666
0888033300010001
0111011101110000
0000000106660222
0000000000000000
0000000000000000
0000000001110000
0000011100000000
0000000000000000
0323000000000000
0111011101110777
0001077702220111
0001000100010001
011109AA00000001
0222011101110111
0000000000010000
0000000000000000
0111000000000000
0000011100000000
0000011100000111
0000000000000000
0333000000000000
0111011101110ABA
0001033300000111
0001000100010001
0001000100010001
0001000100010001
0001000100010001
0001000100010001
0001000100010001
0001000100010001
0001000100010001
0001000100010001
0001000100010001
0001000100010001
0001000100010001
0001000100010001
0001000100010001
0001000100010001
0001000100010001
0001000100010001
0001000100010001
0001000100010001
0001000100010001
0001000100010001
0001000100010001
0001000100010001
0001000100010001
0001000100010001
0001000100010001
0001000100010001
0001000100010001
0001000100010001
0001000100010001
0001000100010001
0001000100010001
0001000100010001
0001000100010001
0001000100010001
0001000100010001
0001000100010001
0001000100010001
0001000100010001
0001000100010001
0001000100010001
0001000100010001
0001000100010001
0001000100010001
0001000100010001
0001000100010001
0001000100010001
0001000100010001
0001000100010001
0001000100010001
0001000100010001
0001000100010001
0001000100010001
0001000100010001
0001000100010001
0001000100010001
0001000100010001
0001000100010001
0001000100010001
0001000100010001
0001000100010001
0001000100010001
0001000100010001
0001000100010001
0001000100010001
0001000100010001
0001000100010001
0001000100010001
0001000100010001
0001000100010001
0001000100010001
0001000100010001
0001000100010001
0001000100010001
0001000100010001
0001000100010001
0001000100010001
0001000100010001
0001000100010001
0001000100010001
0001000100010001
0001000100010001
0001000100010001
0001000100010001
0001000100010001
0001000100010001
0001000100010001
0001000100010001
0001000100010001
0001000100010001
0001000100010001
0001000100010001
0001000100010001
0001000100010001
0001000100010001
0001000100010001
0001000100010001
0001000100010001
0001000100010001
0001000100010001
0001000100010001
0001000100010001
0111011100000666
0000044407770111
0000000000000000
0000022202220000
0211033301110322
0222000004340111
0000011102220222
0000000000000000
0221022209990000
0222000002220222
0001000100000000
0001000100010001
0111011100000AAA
000009A906660222
0000000000000000
0000033302220222
0333011101110222
0111011104330111
0000022201110333
0000000000000000
021100000A9A0333
0000011102220221
0001000100010000
0666000100010001
0221011100000000
0000055506660111
0000000000000000
0111022202220000
0111022202220000
0000043300000333
0000011101010333
0000000000000000
0111022108770444
0000055500000111
0001000100010666
0888033300010001
0111011101110000
0000000006660666
0111000000000000
0333011102220222
0222022203330000
0111033300000222
0000022203330111
0000000000000000
0111011100000777
0001077700000111
0001000100010001
01110BBB00000001
0222011101110000
0000000003330001
0111000000000000
0222011103330000
0000033301110111
0100033300000333
0000000002220222
0000000000000000
0111011100000666
0001033300000111
0001000100010001
0001000100010001
0001000100010001
0001000100010001
0001000100010001
0001000100010001
0001000100010001
0001000100010001
0001000100010001
0001000100010001
0001000100010001
0001000100010001
0001000100010001
0001000100010001
0001000100010001
0001000100010001
0001000100010001
0001000100010001
0001000100010001
0001000100010001
0001000100010001
0001000100010001
0001000100010001
0001000100010001
0001000100010001
0001000100010001
0001000100010001
0001000100010001
0001000100010001
0001000100010001
0001000100010001
0001000100010001
0001000100010001
0001000100010001
0001000100010001
0001000100010001
0001000100010001
0001000100010001
0001000100010001
0001000100010001
0001000100010001
0001000100010001
0001000100010001
0001000100010001
0001000100010001
0001000100010001
0001000100010001
0001000100010001
0001000100010001
0001000100010001
0001000100010001
0001000100010001
0001000100010001
0001000100010001
0001000100010001
0001000100010001
0001000100010001
0001000100010001
0001000100010001
0001000100010001
0001000100010001
0001000100010001
0001000100010001
0001000100010001
0001000100010001
0001000100010001
0001000100010001
0001000100010001
0001000100010001
0001000100010001
0001000100010001
0001000100010001
0001000100010001
0001000100010001
0001000100010001
0001000100010001
0001000100010001
0001000100010001
0001000100010001
0001000100010001
0001000100010001
0001000100010001
0001000100010001
0001000100010001
0001000100010001
0001000100010001
0001000100010001
0001000100010001
0001000100010001
0001000100010001
0001000100010001
0001000100010001
0001000100010001
0001000100010001
0001000100010001
0001000100010001
0001000100010001
0001000100010001
0001000100010001
0001000100010001
0001000100010001
0001000100010001
0111011100000666
0000000005440111
0000000000000000
0000000000000000
0000000000000010
0000000000000000
0000000000000000
0000000000000000
0111077707770000
0222000002220222
0001000100000000
0001000100010001
0111011100000AAA
0000022209990555
0000000000000000
0000000000000000
0000000000000000
0000000000000000
0111000000000111
0000000000000000
0111011108880000
0000011102220111
0001000100010000
0666000100010001
0222011100000000
000000000AAA0555
0000000000000000
0000000001110000
0000000000000000
0000011100000010
0000010000000000
0000000000000000
0111011100010333
0000055500000111
0001000100010777
0888033300010001
0111011101110000
0000000005550555
0000000000000000
0111000000000000
0000000000000000
0000000000000000
0000000000000000
0000000000000000
0111000007770778
0001077700000111
0001000100010001
01110CCC00000001
0111011101110000
0000000000000BBB
0000000000000000
0000000000000000
0000000000000000
0000011100000000
0000000000000111
0111000000000000
0111011104440222
0001033300000111
0001000100010001
0001000100010001
0001000100010001
0001000100010001
0001000100010001
0001000100010001
0001000100010001
0001000100010001
0001000100010001
0001000100010001
0001000100010001
0001000100010001
0001000100010001
0001000100010001
0001000100010001
0001000100010001
0001000100010001
0001000100010001
0001000100010001
0001000100010001
0001000100010001
0001000100010001
0001000100010001
0001000100010001
0001000100010001
0001000100010001
0001000100010001
0001000100010001
0001000100010001
0001000100010001
0001000100010001
0001000100010001
0001000100010001
0001000100010001
0001000100010001
0001000100010001
0001000100010001
0001000100010001
0001000100010001
0001000100010001
0001000100010001
0001000100010001
0001000100010001
0001000100010001
0001000100010001
0001000100010001
0001000100010001
0001000100010001
0001000100010001
0001000100010001
0001000100010001
0001000100010001
0001000100010001
0001000100010001
0001000100010001
0001000100010001
0001000100010001
0001000100010001
0001000100010001
0001000100010001
0001000100010001
0001000100010001
0001000100010001
0001000100010001
0001000100010001
0001000100010001
0001000100010001
0001000100010001
0001000100010001
0001000100010001
0001000100010001
0001000100010001
0001000100010001
0001000100010001
0001000100010001
0001000100010001
0001000100010001
0001000100010001
0001000100010001
0001000100010001
0001000100010001
0001000100010001
0001000100010001
0001000100010001
0001000100010001
0001000100010001
0001000100010001
0001000100010001
0001000100010001
0001000100010001
0001000100010001
0001000100010001
0001000100010001
0001000100010001
0001000100010001
0001000100010001
0001000100010001
0001000100010001
0001000100010001
0001000100010001
0001000100010001
0001000100010001
0111011100000666
0000000004440222
0222000000000000
0000033303330000
0222044401110444
0333011104440111
0111033303330223
0000000001110222
0000000101110000
0333000002220222
0001000100000000
0001000100010001
0111011100000AAA
0000000003330444
0111011100000000
0000044402220333
0444011101110444
0222011104440222
0222022201110444
0000000002220222
0000000103330000
0000011102220111
0001000100010000
0666000100010001
0111011100000000
0000000002220777
0333011100000000
0111011104440000
0111033303330221
0111033301110333
0333033301110444
0000000000000000
0111022207760000
0000065600000111
0001000100010777
0999033300010001
0000011101110000
0000000000000BBB
0222012100000000
0444011103330333
0222022203430000
0222044400000333
0333000006560110
0000000000000222
0111012207770000
0001077700000111
0001000100010001
0111000100000001
0999011101110000
0000000000000444
0222011101110000
0333011104440000
0111033301000222
0000044400000333
0222000003330222
0000000000000000
0111011107770000
0001033300000111
0001000100010001
0001000100010001
0001000100010001
0001000100010001
0001000100010001
0001000100010001
0001000100010001
0001000100010001
0001000100010001
0001000100010001
0001000100010001
0001000100010001
0001000100010001
0001000100010001
0001000100010001
0001000100010001
0001000100010001
0001000100010001
0001000100010001
0001000100010001
0001000100010001
0001000100010001
0001000100010001
0001000100010001
0001000100010001
0001000100010001
0001000100010001
0001000100010001
0001000100010001
0001000100010001
0001000100010001
0001000100010001
0001000100010001
0001000100010001
0001000100010001
0001000100010001
0001000100010001
0001000100010001
0001000100010001
0001000100010001
0001000100010001
0001000100010001
0001000100010001
0001000100010001
0001000100010001
0001000100010001
0001000100010001
0001000100010001
0001000100010001
0001000100010001
0001000100010001
0001000100010001
0001000100010001
0001000100010001
0001000100010001
0001000100010001
0001000100010001
0001000100010001
0001000100010001
0001000100010001
0001000100010001
0001000100010001
0001000100010001
0001000100010001
0001000100010001
0001000100010001
0001000100010001
0001000100010001
0001000100010001
0001000100010001
0001000100010001
0001000100010001
0001000100010001
0001000100010001
0001000100010001
0001000100010001
0001000100010001
0001000100010001
0001000100010001
0001000100010001
0001000100010001
0001000100010001
0001000100010001
0001000100010001
0001000100010001
0001000100010001
0001000100010001
0001000100010001
0001000100010001
0001000100010001
0001000100010001
0001000100010001
0001000100010001
0001000100010001
0001000100010001
0001000100010001
0001000100010001
0001000100010001
0001000100010001
0001000100010001
0001000100010001
0001000100010001
0000011100000777
0000000000000999
0111000001110000
0000000002120000
0000011100000111
0111000001110000
0000011100000000
0000000000000111
0001099900000000
0333000002220111
0001000100000000
0001000100010001
0111000000000AAA
0000000000000999
0000000000000000
0000000001110000
0111000000000000
0000000000000000
0111011100000111
0000000001110000
0777088800000000
0000011101110111
0001000100010000
0666000100010001
0111011100000000
0000000000000555
0111011100000000
0000000001110000
0000000000000000
0000011100000111
0111011100000111
0000000001110000
01110BBA03330000
0000066600000111
0001000100010666
0999033300010001
0555011101110000
0000000000000222
0000011100000000
0111000000000000
0000011100000000
0000011100000000
0111000000000000
0000000000000111
0111088806660000
0001077700000111
0001000100010001
0111000100000001
0BBB000001110000
0000000000000000
0000011100000000
0111000000000000
0000011100000000
0000011100000111
0111000001110000
0000000000000000
0111022202220000
0001033300000111
0001000100010001
0001000100010001
0001000100010001
0001000100010001
0001000100010001
0001000100010001
0001000100010001
0001000100010001
0001000100010001
0001000100010001
0001000100010001
0001000100010001
0001000100010001
0001000100010001
0001000100010001
0001000100010001
0001000100010001
0001000100010001
0001000100010001
0001000100010001
0001000100010001
0001000100010001
0001000100010001
0001000100010001
0001000100010001
0001000100010001
0001000100010001
0001000100010001
0001000100010001
0001000100010001
0001000100010001
0001000100010001
0001000100010001
0001000100010001
0001000100010001
0001000100010001
0001000100010001
0001000100010001
0001000100010001
0001000100010001
0001000100010001
0001000100010001
0001000100010001
0001000100010001
0001000100010001
0001000100010001
0001000100010001
0001000100010001
0001000100010001
0001000100010001
0001000100010001
0001000100010001
0001000100010001
0001000100010001
0001000100010001
0001000100010001
0001000100010001
0001000100010001
0001000100010001
0001000100010001
0001000100010001
0001000100010001
0001000100010001
0001000100010001
0001000100010001
0001000100010001
0001000100010001
0001000100010001
0001000100010001
0001000100010001
0001000100010001
0001000100010001
0001000100010001
0001000100010001
0001000100010001
0001000100010001
0001000100010001
0001000100010001
0001000100010001
0001000100010001
0001000100010001
0001000100010001
0001000100010001
0001000100010001
0001000100010001
0001000100010001
0001000100010001
0001000100010001
0001000100010001
0001000100010001
0001000100010001
0001000100010001
0001000100010001
0001000100010001
0001000100010001
0001000100010001
0001000100010001
0001000100010001
0001000100010001
0001000100010001
0001000100010001
0001000100010001
0111011100000667
0000000000000555
0111000001100000
0000011101110000
0110011100000221
0111000004440000
0000011101110000
0000000001110111
0001044400000000
0333011102220111
0001000100000000
0001000100010001
0000010000000AAA
0000000000000999
0111000001110000
0000033300000222
0111000000000221
0101000001110000
0111011100000222
0000000002220000
0AAA044400000000
0000011101110111
0001000100010000
0666000100010001
0333011100000000
0000000000000333
0111000000000000
0111011102220000
0000011101110100
0000022200000222
0222011100000222
0000000000000000
0010088800000000
0000066600000111
0001000100010666
0999033300010001
0777000001000000
0000000000000000
0222011100000000
0222000000000111
0111011101110000
0111022200000222
0222000003330000
0000000002220000
0000078701110000
0001077700000111
0001000100010001
0111000100000001
0999022201110000
0000000000000000
0111011100000000
0111011101110000
0000000000000222
0000022200000333
0111000001110111
0000000000000111
0111055501110000
0001033300000111
0001000100010001
0001000100010001
0001000100010001
0001000100010001
0001000100010001
0001000100010001
0001000100010001
0001000100010001
0001000100010001
0001000100010001
0001000100010001
0001000100010001
0001000100010001
0001000100010001
0001000100010001
0001000100010001
0001000100010001
0001000100010001
0001000100010001
0001000100010001
0001000100010001
0001000100010001
0001000100010001
0001000100010001
0001000100010001
0001000100010001
0001000100010001
0001000100010001
0001000100010001
0001000100010001
0001000100010001
0001000100010001
0001000100010001
0001000100010001
0001000100010001
0001000100010001
0001000100010001
0001000100010001
0001000100010001
0001000100010001
0001000100010001
0001000100010001
0001000100010001
0001000100010001
0001000100010001
0001000100010001
0001000100010001
0001000100010001
0001000100010001
0001000100010001
0001000100010001
0001000100010001
0001000100010001
0001000100010001
0001000100010001
0001000100010001
0001000100010001
0001000100010001
0001000100010001
0001000100010001
0001000100010001
0001000100010001
0001000100010001
0001000100010001
0001000100010001
0001000100010001
0001000100010001
0001000100010001
0001000100010001
0001000100010001
0001000100010001
0001000100010001
0001000100010001
0001000100010001
0001000100010001
0001000100010001
0001000100010001
0001000100010001
0001000100010001
0001000100010001
0001000100010001
0001000100010001
0001000100010001
0001000100010001
0001000100010001
0001000100010001
0001000100010001
0001000100010001
0001000100010001
0001000100010001
0001000100010001
0001000100010001
0001000100010001
0001000100010001
0001000100010001
0001000100010001
0001000100010001
0001000100010001
0001000100010001
0001000100010001
0001000100010001
0001000100010001
0111011000000777
0000000000000444
0444000003330000
0000022204440000
0555033301110444
0222011104440001
0000033305550212
0000000002220444
0AAA022200000000
0222011101210111
0001000100000000
0001000100010001
0111000000000AAA
0000000000000777
0222000002220000
0000022203220333
0666011101110444
0111000003330000
0333033300000555
0000011103320222
0777033300000000
0000011101110000
0001000100010000
0666000100010001
0111000001110000
0000000000000222
0555000003330000
0333011103330000
0111044402220000
0000033300000333
0544033301110555
0000000002220000
0111055500000000
0000077700000111
0001000100010666
0999033300010001
0555000000000000
0000000000000000
0333033301110333
0444044301110111
0888055503330000
0222044400000333
0555000008880000
0000011103330000
0111066600000000
0001077700000111
0001000100010001
02220AAA00000001
0555033300000000
0000000000000000
0222044400000333
0444011103330100
0000077700000222
0000044400000555
0333000004440222
0000000001110333
0000044401110000
0001033300000000
0001000100010001
0001000100010001
0001000100010001
0001000100010001
0001000100010001
0001000100010001
0001000100010001
0001000100010001
0001000100010001
0001000100010001
0001000100010001
0001000100010001
0001000100010001
0001000100010001
0001000100010001
0001000100010001
0001000100010001
0001000100010001
0001000100010001
0001000100010001
0001000100010001
0001000100010001
0001000100010001
0001000100010001
0001000100010001
0001000100010001
0001000100010001
0001000100010001
0001000100010001
0001000100010001
0001000100010001
0001000100010001
0001000100010001
0001000100010001
0001000100010001
0001000100010001
0001000100010001
0001000100010001
0001000100010001
0001000100010001
0001000100010001
0001000100010001
0001000100010001
0001000100010001
0001000100010001
0001000100010001
0001000100010001
0001000100010001
0001000100010001
0001000100010001
0001000100010001
0001000100010001
0001000100010001
0001000100010001
0001000100010001
0001000100010001
0001000100010001
0001000100010001
0001000100010001
0001000100010001
0001000100010001
0001000100010001
0001000100010001
0001000100010001
0001000100010001
0001000100010001
0001000100010001
0001000100010001
0001000100010001
0001000100010001
0001000100010001
0001000100010001
0001000100010001
0001000100010001
0001000100010001
0001000100010001
0001000100010001
0001000100010001
0001000100010001
0001000100010001
0001000100010001
0001000100010001
0001000100010001
0001000100010001
0001000100010001
0001000100010001
0001000100010001
0001000100010001
0001000100010001
0001000100010001
0001000100010001
0001000100010001
0001000100010001
0001000100010001
0001000100010001
0001000100010001
0001000100010001
0001000100010001
0001000100010001
0001000100010001
0001000100010001
0001000100010001
0666000000000666
0111000000000000
0111000001110111
0000000000000000
0000011100000000
0000011101110000
0000000000000111
0222000000000000
0AAA000000000000
0222011100000443
0001000100000000
0001000100010001
0333000000000AAA
0000000000000000
0000000000000222
0000000000000000
0111011100000111
0111000002220000
0111000000000000
0333000002220000
0666000000000000
0000011100000111
0001000100010000
0666000100010001
0333000001110000
0222000000000000
0000011100000000
0111033300000000
0000000000000111
0000011100000111
0111000000000222
0111033301110000
0AAA011100000000
0000077700000000
0001000100010777
0999044400010001
0000011100000000
0222000000000000
0111000001110111
0111000001110000
0111011101110000
0222022201110111
0000000001110000
0000022201110000
0999000000000000
0001077700000000
0001000100010001
0333055500000001
00000CCC00000111
0111011100000000
0001011100000111
0000000001110000
0000023200000111
0000011100000111
0111000001110000
0000022200000000
0000044400000000
0001033300000000
0001000100010001
0001000100010001
0001000100010001
0001000100010001
0001000100010001
0001000100010001
0001000100010001
0001000100010001
0001000100010001
0001000100010001
0001000100010001
0001000100010001
0001000100010001
0001000100010001
0001000100010001
0001000100010001
0001000100010001
0001000100010001
0001000100010001
0001000100010001
0001000100010001
0001000100010001
0001000100010001
0001000100010001
0001000100010001
0001000100010001
0001000100010001
0001000100010001
0001000100010001
0001000100010001
0001000100010001
0001000100010001
0001000100010001
0001000100010001
0001000100010001
0001000100010001
0001000100010001
0001000100010001
0001000100010001
0001000100010001
0001000100010001
0001000100010001
0001000100010001
0001000100010001
0001000100010001
0001000100010001
0001000100010001
0001000100010001
0001000100010001
0001000100010001
0001000100010001
0001000100010001
0001000100010001
0001000100010001
0001000100010001
0001000100010001
0001000100010001
0001000100010001
0001000100010001
0001000100010001
0001000100010001
0001000100010001
0001000100010001
0001000100010001
0001000100010001
0001000100010001
0001000100010001
0001000100010001
0001000100010001
0001000100010001
0001000100010001
0001000100010001
0001000100010001
0001000100010001
0001000100010001
0001000100010001
0001000100010001
0001000100010001
0001000100010001
0001000100010001
0001000100010001
0001000100010001
0001000100010001
0001000100010001
0001000100010001
0001000100010001
0001000100010001
0001000100010001
0001000100010001
0001000100010001
0001000100010001
0001000100010001
0001000100010001
0001000100010001
0001000100010001
0001000100010001
0001000100010001
0001000100010001
0001000100010001
0001000100010001
0001000100010001
0001000100010001
0666000000000777
0000000000000000
0333000001110000
0000011103330000
0333033301110333
0000011104440000
0000022200000111
0222000002220333
0999000000000000
0111011100000444
0001000100000000
0001000100010001
0555000000000AAA
0000000000000000
0111000002220111
0111022201110444
0222011100000111
0110011103330000
0222033301110333
0222000003330111
0555000000000000
0000000000000122
0001000100010000
0666000100010001
0333000000000000
0222000000000000
0333000002220000
0111000000000111
0111011104440000
0000022200000444
0444011100000111
0100022200000111
0999000000000000
0000077701110000
0001000100010888
0999044300010001
0000099900000000
0222000000000000
0333011100000000
0111011102220111
0111022203330000
0111022200000444
0333000002220000
0000022202220111
0999000000000000
0001077700000000
0001000100010001
0333055500000001
00000BBB00000000
0000000000000000
0111033300000222
0121022202220000
0111022200000222
0000044400000333
0111000001110111
0000021100000222
0000033300000000
0001033300000000
0001000100010001
0001000100010001
0001000100010001
0001000100010001
0001000100010001
0001000100010001
0001000100010001
0001000100010001
0001000100010001
0001000100010001
0001000100010001
0001000100010001
0001000100010001
0001000100010001
0001000100010001
0001000100010001
0001000100010001
0001000100010001
0001000100010001
0001000100010001
0001000100010001
0001000100010001
0001000100010001
0001000100010001
0001000100010001
0001000100010001
0001000100010001
0001000100010001
0001000100010001
0001000100010001
0001000100010001
0001000100010001
0001000100010001
0001000100010001
0001000100010001
0001000100010001
0001000100010001
0001000100010001
0001000100010001
0001000100010001
0001000100010001
0001000100010001
0001000100010001
0001000100010001
0001000100010001
0001000100010001
0001000100010001
0001000100010001
0001000100010001
0001000100010001
0001000100010001
0001000100010001
0001000100010001
0001000100010001
0001000100010001
0001000100010001
0001000100010001
0001000100010001
0001000100010001
0001000100010001
0001000100010001
0001000100010001
0001000100010001
0001000100010001
0001000100010001
0001000100010001
0001000100010001
0001000100010001
0001000100010001
0001000100010001
0001000100010001
0001000100010001
0001000100010001
0001000100010001
0001000100010001
0001000100010001
0001000100010001
0001000100010001
0001000100010001
0001000100010001
0001000100010001
0001000100010001
0001000100010001
0001000100010001
0001000100010001
0001000100010001
0001000100010001
0001000100010001
0001000100010001
0001000100010001
0001000100010001
0001000100010001
0001000100010001
0001000100010001
0001000100010001
0001000100010001
0001000100010001
0001000100010001
0001000100010001
0001000100010001
0001000100010001
0001000100010001
0666000000000777
0111000000000000
0333000002220111
0000022202220000
0444044402220333
0111022205550000
0000022104440333
0333000002220444
0777000000000000
0111011101110454
0001000100000000
0001000100010001
0555000000000AAA
0000000000000000
0111000001110222
0111022202220333
0666022200000656
0222011105550111
0555022200000555
0333000003330222
0333000000000000
0000000001110222
0001000100010000
0999000100010001
0333000001110000
0333000000000000
0333011101110000
0222033300000111
0444011102220111
0000011100000444
0444011101110111
0121033302220000
0888000000000000
0000077701110000
0001000100010888
0BAA044400010001
00000AAA01110000
0444000000000000
0232011101110111
0666011102220000
0222033302220000
0111044400000222
0554000003330111
0000022202220000
0777000000000000
0001077700000000
0001000100010001
0333055500000001
0000099900000111
0111022200000000
0111022200000111
0222022203330000
0333044400000444
0000033300000222
0333000003330222
0000033301110333
0000022200000000
0001033300000000
0001000100010001
0001000100010001
0001000100010001
0001000100010001
0001000100010001
0001000100010001
0001000100010001
0001000100010001
0001000100010001
0001000100010001
0001000100010001
0001000100010001
0001000100010001
0001000100010001
0001000100010001
0001000100010001
0001000100010001
0001000100010001
0001000100010001
0001000100010001
0001000100010001
0001000100010001
0001000100010001
0001000100010001
0001000100010001
0001000100010001
0001000100010001
0001000100010001
0001000100010001
0001000100010001
0001000100010001
0001000100010001
0001000100010001
0001000100010001
0001000100010001
0001000100010001
0001000100010001
0001000100010001
0001000100010001
0001000100010001
0001000100010001
0001000100010001
0001000100010001
0001000100010001
0001000100010001
0001000100010001
0001000100010001
0001000100010001
0001000100010001
0001000100010001
0001000100010001
0001000100010001
0001000100010001
0001000100010001
0001000100010001
0001000100010001
0001000100010001
0001000100010001
0001000100010001
0001000100010001
0001000100010001
0001000100010001
0001000100010001
0001000100010001
0001000100010001
0001000100010001
0001000100010001
0001000100010001
0001000100010001
0001000100010001
0001000100010001
0001000100010001
0001000100010001
0001000100010001
0001000100010001
0001000100010001
0001000100010001
0001000100010001
0001000100010001
0001000100010001
0001000100010001
0001000100010001
0001000100010001
0001000100010001
0001000100010001
0001000100010001
0001000100010001
0001000100010001
0001000100010001
0001000100010001
0001000100010001
0001000100010001
0001000100010001
0001000100010001
0001000100010001
0001000100010001
0001000100010001
0001000100010001
0001000100010001
0001000100010001
0001000100010001
0001000100010001
0666000000000777
0111000000000000
0555000004440111
0000022202220000
0555033301110333
0111011103330000
0000011102220222
0333000002220444
0666000000000000
0111011101110343
0001000100000000
0001000100010001
0555000000000AAA
0000000000000000
0111000002220222
0111011101110444
0333022200000555
0222011104440111
0444022200000555
0444000004440222
0333000000000000
0000000001110222
0001000100010000
0666000100010001
0333000001110000
0222000000000000
0333000003330000
0333023200000111
0222022202220111
0000034400000443
0444022201110333
0121033302220000
0777000000000000
0000077701110000
0001000100010888
0888033300010001
00000AAA01110000
0333000000000000
0333011100000111
0444022201110000
0111044403330000
0222033300000333
0444000003330000
0000033301110111
0666000000000000
0001077700000000
0001000100010001
0333055500000001
0000088800000111
0111011100000000
0211044400000222
0222022203330000
0232033300000555
0000022200000333
0222000003330222
0000033301110333
0000022200000000
0001033300000000
0001000100010001
0001000100010001
0001000100010001
0001000100010001
0001000100010001
0001000100010001
0001000100010001
0001000100010001
0001000100010001
0001000100010001
0001000100010001
0001000100010001
0001000100010001
0001000100010001
0001000100010001
0001000100010001
0001000100010001
0001000100010001
0001000100010001
0001000100010001
0001000100010001
0001000100010001
0001000100010001
0001000100010001
0001000100010001
0001000100010001
0001000100010001
0001000100010001
0001000100010001
0001000100010001
0001000100010001
0001000100010001
0001000100010001
0001000100010001
0001000100010001
0001000100010001
0001000100010001
0001000100010001
0001000100010001
0001000100010001
0001000100010001
0001000100010001
0001000100010001
0001000100010001
0001000100010001
0001000100010001
0001000100010001
0001000100010001
0001000100010001
0001000100010001
0001000100010001
0001000100010001
0001000100010001
0001000100010001
0001000100010001
0001000100010001
0001000100010001
0001000100010001
0001000100010001
0001000100010001
0001000100010001
0001000100010001
0001000100010001
0001000100010001
0001000100010001
0001000100010001
0001000100010001
0001000100010001
0001000100010001
0001000100010001
0001000100010001
0001000100010001
0001000100010001
0001000100010001
0001000100010001
0001000100010001
0001000100010001
0001000100010001
0001000100010001
0001000100010001
0001000100010001
0001000100010001
0001000100010001
0001000100010001
0001000100010001
0001000100010001
0001000100010001
0001000100010001
0001000100010001
0001000100010001
0001000100010001
0001000100010001
0001000100010001
0001000100010001
0001000100010001
0001000100010001
0001000100010001
0001000100010001
0001000100010001
0001000100010001
0001000100010001
0001000100010001
0666000000000777
0000000000000000
0221011102220222
0000022102220111
0443033302220333
0111033302220000
0000032204440111
0333000002220222
0333000000000000
0000022202220222
0001000100000000
0001000100010001
0555000000000AAA
0000000000000000
0222000002220222
0111011101110222
0444022200000444
0222011102220111
0333011100000222
0333011102220333
0222000000000000
0000000001110111
0001000100010000
0555000100010001
0333011101110000
0333000000000000
0333011102220111
0222022200000100
0111011104440111
0000044400000444
0555011100000444
0111033301110000
0544000000000000
0000077701110000
0001000100010777
0777033300010001
00000AAA01110000
0222000000000000
0222011101110111
0333022202220111
0555033303330000
0111044400000333
0333000003330111
0000022203330000
0434000000000000
0001077700000000
0001000100010001
0333055500000001
0000066600000222
0111011100000000
0222033300000222
0221011102220000
0333033300000333
0000044400000222
0111000003330111
0000033301110222
0000022200000000
0001033300000000
0001000100010001
0001000100010001
0001000100010001
0001000100010001
0001000100010001
0001000100010001
0001000100010001
0001000100010001
0001000100010001
0001000100010001
0001000100010001
0001000100010001
0001000100010001
0001000100010001
0001000100010001
0001000100010001
0001000100010001
0001000100010001
0001000100010001
0001000100010001
0001000100010001
0001000100010001
0001000100010001
0001000100010001
0001000100010001
0001000100010001
0001000100010001
0001000100010001
0001000100010001
0001000100010001
0001000100010001
0001000100010001
0001000100010001
0001000100010001
0001000100010001
0001000100010001
0001000100010001
0001000100010001
0001000100010001
0001000100010001
0001000100010001
0001000100010001
0001000100010001
0001000100010001
0001000100010001
0001000100010001
0001000100010001
0001000100010001
0001000100010001
0001000100010001
0001000100010001
0001000100010001
0001000100010001
0001000100010001
0001000100010001
0001000100010001
0001000100010001
0001000100010001
0001000100010001
0001000100010001
0001000100010001
0001000100010001
0001000100010001
0001000100010001
0001000100010001
0001000100010001
0001000100010001
0001000100010001
0001000100010001
0001000100010001
0001000100010001
0001000100010001
0001000100010001
0001000100010001
0001000100010001
0001000100010001
0001000100010001
0001000100010001
0001000100010001
0001000100010001
0001000100010001
0001000100010001
0001000100010001
0001000100010001
0001000100010001
0001000100010001
0001000100010001
0001000100010001
0001000100010001
0001000100010001
0001000100010001
0001000100010001
0001000100010001
0001000100010001
0001000100010001
0001000100010001
0001000100010001
0001000100010001
0001000100010001
0001000100010001
0001000100010001
0001000100010001
0777001000000777
0000000000000000
0000000001110111
0000000001110000
0110000000000000
0000011100000000
0000000000000000
0111000001110111
0333000000000000
0100022202220111
0001000100000111
0001000100010001
0777011100000AAA
0000000000000000
0000000001110111
0000000001110111
0111000000000000
0000000000000000
0111000000000111
0111000001110110
0111000000000000
0000000001110111
0001000100010000
0555000100010001
0444011102220000
0111000000000000
0111000001110000
0000000000000000
0000000000000000
0000022100000110
0111000000000111
0000011100000000
0222000000000000
0000077701110000
0001000100010666
0777033300010001
0000044403330000
0111000000000000
0111000000000000
0000011100000000
0111000000000000
0000011100000000
0111000000000000
0000011100000000
0333000000000000
0001077700000000
0001000100010001
0333055500000001
0000055500000222
0000011100000000
0000011100000111
0000000000000000
0000000000000111
0000011100000000
0101000001110000
0000011100000111
0000022200000000
0001033300000100
0001000100010001
0001000100010001
0001000100010001
0001000100010001
0001000100010001
0001000100010001
0001000100010001
0001000100010001
0001000100010001
0001000100010001
0001000100010001
0001000100010001
0001000100010001
0001000100010001
0001000100010001
0001000100010001
0001000100010001
0001000100010001
0001000100010001
0001000100010001
0001000100010001
0001000100010001
0001000100010001
0001000100010001
0001000100010001
0001000100010001
0001000100010001
0001000100010001
0001000100010001
0001000100010001
0001000100010001
0001000100010001
0001000100010001
0001000100010001
0001000100010001
0001000100010001
0001000100010001
0001000100010001
0001000100010001
0001000100010001
0001000100010001
0001000100010001
0001000100010001
0001000100010001
0001000100010001
0001000100010001
0001000100010001
0001000100010001
0001000100010001
0001000100010001
0001000100010001
0001000100010001
0001000100010001
0001000100010001
0001000100010001
0001000100010001
0001000100010001
0001000100010001
0001000100010001
0001000100010001
0001000100010001
0001000100010001
0001000100010001
0001000100010001
0001000100010001
0001000100010001
0001000100010001
0001000100010001
0001000100010001
0001000100010001
0001000100010001
0001000100010001
0001000100010001
0001000100010001
0001000100010001
0001000100010001
0001000100010001
0001000100010001
0001000100010001
0001000100010001
0001000100010001
0001000100010001
0001000100010001
0001000100010001
0001000100010001
0001000100010001
0001000100010001
0001000100010001
0001000100010001
0001000100010001
0001000100010001
0001000100010001
0001000100010001
0001000100010001
0001000100010001
0001000100010001
0001000100010001
0001000100010001
0001000100010001
0001000100010001
0001000100010001
0001000100010001
0222011100000777
0222000000000444
0333011103330222
0000022204440111
0444045403230887
0111088805550111
0000044406660333
0444000003330555
0000021200000000
0000022202220000
0001000100000111
0001000100010001
0222011100000AAA
0000000000000555
0333000002220333
0111011102220555
0666022200000666
0333000007770111
0656033300000555
0333000004440333
0000022200000000
0000000001110000
0001000100010000
0555000100010001
0333011102220000
0333000000000111
0666011104430111
0444044300000333
0000021104440111
0111033302220333
0555022201110666
0222044403330111
0111022200000000
0000077701110111
0001000100010666
0777033300010001
0555011103330000
0333000000000000
0555011101110111
0777033301110111
0454044404440000
0222055500000444
0666000008880000
0000033305550111
0111022202220000
0001077700000101
0001000100010001
0333055500000001
0222022200000222
0111022200000000
0222077700000333
0555044403430000
0555022201000444
0111055500000444
0444000006660332
0000044401210443
0000000003330000
0001033300000111
0001000100010001
0001000100010001
0001000100010001
0001000100010001
0001000100010001
0001000100010001
0001000100010001
0001000100010001
0001000100010001
0001000100010001
0001000100010001
0001000100010001
0001000100010001
0001000100010001
0001000100010001
0001000100010001
0001000100010001
0001000100010001
0001000100010001
0001000100010001
0001000100010001
0001000100010001
0001000100010001
0001000100010001
0001000100010001
0001000100010001
0001000100010001
0001000100010001
0001000100010001
0001000100010001
0001000100010001
0001000100010001
0001000100010001
0001000100010001
0001000100010001
0001000100010001
0001000100010001
0001000100010001
0001000100010001
0001000100010001
0001000100010001
0001000100010001
0001000100010001
0001000100010001
0001000100010001
0001000100010001
0001000100010001
0001000100010001
0001000100010001
0001000100010001
0001000100010001
0001000100010001
0001000100010001
0001000100010001
0001000100010001
0001000100010001
0001000100010001
0001000100010001
0001000100010001
0001000100010001
0001000100010001
0001000100010001
0001000100010001
0001000100010001
0001000100010001
0001000100010001
0001000100010001
0001000100010001
0001000100010001
0001000100010001
0001000100010001
0001000100010001
0001000100010001
0001000100010001
0001000100010001
0001000100010001
0001000100010001
0001000100010001
0001000100010001
0001000100010001
0001000100010001
0001000100010001
0001000100010001
0001000100010001
0001000100010001
0001000100010001
0001000100010001
0001000100010001
0001000100010001
0001000100010001
0001000100010001
0001000100010001
0001000100010001
0001000100010001
0001000100010001
0001000100010001
0001000100010001
0001000100010001
0001000100010001
0001000100010001
0001000100010001
0001000100010001
0222011100000777
0000000000000555
0000000000000000
0000000001110000
0000000000000111
0000011100000000
0000011100000000
0000000001110000
0000022200000000
0000022202220000
0001000100000111
0001000100010001
0111021200000AAA
0000000000000555
0000000000000000
0000000000000000
0111000000000111
0000000000010000
0000000000000000
0000011100000000
0000022200000000
0000000001110000
0001000100010000
0555000100010001
0222011102220000
0000000000000333
0111000000000000
0111000000000000
0121011001210000
0000011100000111
0000000000000000
0000000000000000
0000011100000000
0000077701110111
0001000100010666
0777033300010001
0444011103330000
0000000000000111
0000000000000111
0000000000000000
0000000000000000
0000000000000000
0000000000000000
0000000000000000
0111011102220000
0001077700000111
0001000100010001
0333055500000001
0222000000000222
0111000000000000
0000000000000000
0000000000000000
0000000000000111
0000000000000111
0000000000000000
0000000001110000
0000000004440000
0001033300000111
0001000100010001
0001000100010001
0001000100010001
0001000100010001
0001000100010001
0001000100010001
0001000100010001
0001000100010001
0001000100010001
0001000100010001
0001000100010001
0001000100010001
0001000100010001
0001000100010001
0001000100010001
0001000100010001
0001000100010001
0001000100010001
0001000100010001
0001000100010001
0001000100010001
0001000100010001
0001000100010001
0001000100010001
0001000100010001
0001000100010001
0001000100010001
0001000100010001
0001000100010001
0001000100010001
0001000100010001
0001000100010001
0001000100010001
0001000100010001
0001000100010001
0001000100010001
0001000100010001
0001000100010001
0001000100010001
0001000100010001
0001000100010001
0001000100010001
0001000100010001
0001000100010001
0001000100010001
0001000100010001
0001000100010001
0001000100010001
0001000100010001
0001000100010001
0001000100010001
0001000100010001
0001000100010001
0001000100010001
0001000100010001
0001000100010001
0001000100010001
0001000100010001
0001000100010001
0001000100010001
0001000100010001
0001000100010001
0001000100010001
0001000100010001
0001000100010001
0001000100010001
0001000100010001
0001000100010001
0001000100010001
0001000100010001
0001000100010001
0001000100010001
0001000100010001
0001000100010001
0001000100010001
0001000100010001
0001000100010001
0001000100010001
0001000100010001
0001000100010001
0001000100010001
0001000100010001
0001000100010001
0001000100010001
0001000100010001
0001000100010001
0001000100010001
0001000100010001
0001000100010001
0001000100010001
0001000100010001
0001000100010001
0001000100010001
0001000100010001
0001000100010001
0001000100010001
0001000100010001
0001000100010001
0001000100010001
0001000100010001
0001000100010001
0001000100010001
0222011100010777
0000000000000555
0111000001110000
0000000002220000
0111011100000222
0000034301100000
0000000001110000
0000000002220222
0000011100000000
0000022202220000
0001000100000111
0001000100010001
0111022200000AAA
0000000001110666
0100000001110000
0111011101110111
0111000000110000
0111011102220000
0333000000000222
0000044401110111
0100000001110000
0000000001110111
0001000100010000
0555000100010001
0111011102220000
0000000000000554
0222000001110111
0222010100000000
0333011100000000
0111011101110000
0222000001110222
0000000001110111
0000011102220000
0000077702220111
0001000100010666
0777033300010001
0333011103330000
0000000000000333
0111000000000222
0222011100000000
0444011101110000
0111011100000111
0111000007770000
0000000001110222
0000011002220000
0001077700000111
0001000100010001
0333055500000001
0222000001110222
0222000000000111
0111011100000222
0111022201110000
0111000000000111
0000011100000555
0000000003330111
0000000003330222
0111000003330000
0001033300000111
0001000100010001
0001000100010001
0001000100010001
0001000100010001
0001000100010001
0001000100010001
0001000100010001
0001000100010001
0001000100010001
0001000100010001
0001000100010001
0001000100010001
0001000100010001
0001000100010001
0001000100010001
0001000100010001
0001000100010001
0001000100010001
0001000100010001
0001000100010001
0001000100010001
0001000100010001
0001000100010001
0001000100010001
0001000100010001
0001000100010001
0001000100010001
0001000100010001
0001000100010001
0001000100010001
0001000100010001
0001000100010001
0001000100010001
0001000100010001
0001000100010001
0001000100010001
0001000100010001
0001000100010001
0001000100010001
0001000100010001
0001000100010001
0001000100010001
0001000100010001
0001000100010001
0001000100010001
0001000100010001
0001000100010001
0001000100010001
0001000100010001
0001000100010001
0001000100010001
0001000100010001
0001000100010001
0001000100010001
0001000100010001
0001000100010001
0001000100010001
0001000100010001
0001000100010001
0001000100010001
0001000100010001
0001000100010001
0001000100010001
0001000100010001
0001000100010001
0001000100010001
0001000100010001
0001000100010001
0001000100010001
0001000100010001
0001000100010001
0001000100010001
0001000100010001
0001000100010001
0001000100010001
0001000100010001
0001000100010001
0001000100010001
0001000100010001
0001000100010001
0001000100010001
0001000100010001
0001000100010001
0001000100010001
0001000100010001
0001000100010001
0001000100010001
0001000100010001
0001000100010001
0001000100010001
0001000100010001
0001000100010001
0001000100010001
0001000100010001
0001000100010001
0001000100010001
0001000100010001
0001000100010001
0001000100010001
0001000100010001
0001000100010001
0001000100010001
0111011101110777
0000000004440000
0222011102220000
0000022205550000
0555044302220666
0000044402220000
0000022200000444
0000000003330444
0000000001110000
0000022201110111
0001000100000111
0001000100010001
0111022100000AAA
0000000004440000
0222011101110000
0111011102230332
0555011100000444
0111011105550000
0333022201110555
0000000003330333
0000000002220000
0000000001110111
0001000100010000
0555000100010001
0111011102220000
0000000003330222
0555011102220000
0333033300000111
0110011102220000
0000022200000222
0555033300000322
0000000000000111
0000000001110000
0000077704440111
0001000100010666
0878033300010001
0000011103330000
0000000002220444
0555011102220111
0333055500000100
0333011103330000
0222055500000222
0222022204440000
0000000001110333
0000000001110222
0001077701110111
0001000100010001
0333055500000001
0000011100000222
0000000000000111
0222033300000222
0333044404440000
0222011101110433
0111055500000777
0333000004440222
0000000000000333
0111000001110665
0001033300000111
0001000100010001
0001000100010001
0001000100010001
0001000100010001
0001000100010001
0001000100010001
0001000100010001
0001000100010001
0001000100010001
0001000100010001
0001000100010001
0001000100010001
0001000100010001
0001000100010001
0001000100010001
0001000100010001
0001000100010001
0001000100010001
0001000100010001
0001000100010001
0001000100010001
0001000100010001
0001000100010001
0001000100010001
0001000100010001
0001000100010001
0001000100010001
0001000100010001
0001000100010001
0001000100010001
0001000100010001
0001000100010001
0001000100010001
0001000100010001
0001000100010001
0001000100010001
0001000100010001
0001000100010001
0001000100010001
0001000100010001
0001000100010001
0001000100010001
0001000100010001
0001000100010001
0001000100010001
0001000100010001
0001000100010001
0001000100010001
0001000100010001
0001000100010001
0001000100010001
0001000100010001
0001000100010001
0001000100010001
0001000100010001
0001000100010001
0001000100010001
0001000100010001
0001000100010001
0001000100010001
0001000100010001
0001000100010001
0001000100010001
0001000100010001
0001000100010001
0001000100010001
0001000100010001
0001000100010001
0001000100010001
0001000100010001
0001000100010001
0001000100010001
0001000100010001
0001000100010001
0001000100010001
0001000100010001
0001000100010001
0001000100010001
0001000100010001
0001000100010001
0001000100010001
0001000100010001
0001000100010001
0001000100010001
0001000100010001
0001000100010001
0001000100010001
0001000100010001
0001000100010001
0001000100010001
0001000100010001
0001000100010001
0001000100010001
0001000100010001
0001000100010001
0001000100010001
0001000100010001
0001000100010001
0001000100010001
0001000100010001
0001000100010001
0001000100010001
0111011101110777
0000011106660000
0000000000000000
0000000000000000
0000000000000000
0000000000000000
0000000000000000
0000000000000000
0000011102220000
0000022201110111
0001000100000111
0001000100010001
0111021200000AAA
0000022203330000
0000000000000000
0000000000000000
0111000000000000
0000000000000000
0000000000000000
0000000000000000
0000000002220000
0000000001110111
0001000100010000
0666000100010001
0111011102220000
0000000004440000
0000000001110000
0111000000000000
0111011100110000
0000011100000111
0111000000000000
0000000000000000
0111000001110111
0000077704440111
0001000100010666
0888033300010001
0111011103330000
0000000006660333
0000000000000000
0000000000000000
0221000000000000
0000000000000111
0000000000000000
0000000000000000
0000000000000444
0001077701110111
0001000100010001
0333055500000001
0000011100000222
0000000000000111
0000000000000000
0000000000000000
0000000000000000
0000000000000000
0000000000000000
0000000000000000
0111000000000666
0001033300000111
0001000100010001
0001000100010001
0001000100010001
0001000100010001
0001000100010001
0001000100010001
0001000100010001
0001000100010001
0001000100010001
0001000100010001
0001000100010001
0001000100010001
0001000100010001
0001000100010001
0001000100010001
0001000100010001
0001000100010001
0001000100010001
0001000100010001
0001000100010001
0001000100010001
0001000100010001
0001000100010001
0001000100010001
0001000100010001
0001000100010001
0001000100010001
0001000100010001
0001000100010001
0001000100010001
0001000100010001
0001000100010001
0001000100010001
0001000100010001
0001000100010001
0001000100010001
0001000100010001
0001000100010001
0001000100010001
0001000100010001
0001000100010001
0001000100010001
0001000100010001
0001000100010001
0001000100010001
0001000100010001
0001000100010001
0001000100010001
0001000100010001
0001000100010001
0001000100010001
0001000100010001
0001000100010001
0001000100010001
0001000100010001
0001000100010001
0001000100010001
0001000100010001
0001000100010001
0001000100010001
0001000100010001
0001000100010001
0001000100010001
0001000100010001
0001000100010001
0001000100010001
0001000100010001
0001000100010001
0001000100010001
0001000100010001
0001000100010001
0001000100010001
0001000100010001
0001000100010001
0001000100010001
0001000100010001
0001000100010001
0001000100010001
0001000100010001
0001000100010001
0001000100010001
0001000100010001
0001000100010001
0001000100010001
0001000100010001
0001000100010001
0001000100010001
0001000100010001
0001000100010001
0001000100010001
0001000100010001
0001000100010001
0001000100010001
0001000100010001
0001000100010001
0001000100010001
0001000100010001
0001000100010001
0001000100010001
0001000100010001
0001000100010001
0001000100010001
0111011101110777
0000055500000000
0444000000000000
0000011103320000
0666033301110222
0000033302220000
0111000001110222
0000000000000222
0000000000000111
0000022201110111
0001000100000121
0001000100010001
0111021200000BBB
0000033300000111
0222000000000000
0111011101110333
0232000001110111
0111011102220000
0211000002220666
0000000000000222
0000000000000222
0000000001110111
0001000100010000
0666000100010001
0111011103330000
0000044401110111
0333000000000000
0222022100000101
0000011101110000
0000011101110222
0333011101000111
0000000000000000
0111000000000222
0000077704440111
0001000100010666
0888044400010001
0111011103330000
0000033304440000
0333022201110000
0222011102220000
0333022202220000
0111033300000222
0000022202220000
0222000000000111
0111000000000000
0BBB077702220111
0001000100010001
0333055500000001
0000011101110222
0000000001110000
0222033300000000
0111011102220000
0111022201110111
0111033300000444
0222000003330000
0333000000000000
0111011100000222
0001033300000111
0001000100010001
0001000100010001
0001000100010001
0001000100010001
0001000100010001
0001000100010001
0001000100010001
0001000100010001
0001000100010001
0001000100010001
0001000100010001
0001000100010001
0001000100010001
0001000100010001
0001000100010001
0001000100010001
0001000100010001
0001000100010001
0001000100010001
0001000100010001
0001000100010001
0001000100010001
0001000100010001
0001000100010001
0001000100010001
0001000100010001
0001000100010001
0001000100010001
0001000100010001
0001000100010001
0001000100010001
0001000100010001
0001000100010001
0001000100010001
0001000100010001
0001000100010001
0001000100010001
0001000100010001
0001000100010001
0001000100010001
0001000100010001
0001000100010001
0001000100010001
0001000100010001
0001000100010001
0001000100010001
0001000100010001
0001000100010001
0001000100010001
0001000100010001
0001000100010001
0001000100010001
0001000100010001
0001000100010001
0001000100010001
0001000100010001
0001000100010001
0001000100010001
0001000100010001
0001000100010001
0001000100010001
0001000100010001
0001000100010001
0001000100010001
0001000100010001
0001000100010001
0001000100010001
0001000100010001
0001000100010001
0001000100010001
0001000100010001
0001000100010001
0001000100010001
0001000100010001
0001000100010001
0001000100010001
0001000100010001
0001000100010001
0001000100010001
0001000100010001
0001000100010001
0001000100010001
0001000100010001
0001000100010001
0001000100010001
0001000100010001
0001000100010001
0001000100010001
0001000100010001
0001000100010001
0001000100010001
0001000100010001
0001000100010001
0001000100010001
0001000100010001
0001000100010001
0001000100010001
0001000100010001
0001000100010001
0001000100010001
0001000100010001
0001000100010001
0111011101110777
0555000001110111
0000000000000000
0000022202320000
0444022201110322
0000033302220000
0333011101110111
0111000000000000
0111000000000111
0000022201110111
0001000100000222
0001000100010001
0111022200000BBB
0333000000000111
0000000000000000
0000033302320333
0666011101110444
0111011104440000
0111011102220444
0222000000000000
0111000000000000
0000000001110111
0001000100010000
0666000100010001
0111011103330000
0333033301110111
0000000000000000
0222033301110222
0111011103330111
0333011100000333
0000011105550222
0222000000000000
0111011100000000
0000077705550111
0001000100010666
0888044400010001
0111021103430000
0111055501010111
0443000000000000
0333011103330111
0333022203320000
0333044400000222
0111044304440000
0222000000000000
0111011100000000
0CCC077703330111
0001000100010001
0333055500000001
0111011101110222
0000011100000000
0222000000000000
0222011104440000
0111011101110222
0111044300000444
0000000004440111
0222011100000000
0111011100000000
0001033300000111
0001000100010001
0001000100010001
0001000100010001
0001000100010001
0001000100010001
0001000100010001
0001000100010001
0001000100010001
0001000100010001
0001000100010001
0001000100010001
0001000100010001
0001000100010001
0001000100010001
0001000100010001
0001000100010001
0001000100010001
0001000100010001
0001000100010001
0001000100010001
0001000100010001
0001000100010001
0001000100010001
0001000100010001
0001000100010001
0001000100010001
0001000100010001
0001000100010001
0001000100010001
0001000100010001
0001000100010001
0001000100010001
0001000100010001
0001000100010001
0001000100010001
0001000100010001
0001000100010001
0001000100010001
0001000100010001
0001000100010001
0001000100010001
0001000100010001
0001000100010001
0001000100010001
0001000100010001
0001000100010001
0001000100010001
0001000100010001
0001000100010001
0001000100010001
0001000100010001
0001000100010001
0001000100010001
0001000100010001
0001000100010001
0001000100010001
0001000100010001
0001000100010001
0001000100010001
0001000100010001
0001000100010001
0001000100010001
0001000100010001
0001000100010001
0001000100010001
0001000100010001
0001000100010001
0001000100010001
0001000100010001
0001000100010001
0001000100010001
0001000100010001
0001000100010001
0001000100010001
0001000100010001
0001000100010001
0001000100010001
0001000100010001
0001000100010001
0001000100010001
0001000100010001
0001000100010001
0001000100010001
0001000100010001
0001000100010001
0001000100010001
0001000100010001
0001000100010001
0001000100010001
0001000100010001
0001000100010001
0001000100010001
0001000100010001
0001000100010001
0001000100010001
0001000100010001
0001000100010001
0001000100010001
0001000100010001
0001000100010001
0001000100010001
0001000100010001
0111011101110777
0323000001110111
0000000000000666
0000011100000000
0444022202220232
0000033302220000
0000000001110222
0000022200000000
0111011100000000
0000022201110111
0001000100000222
0001000100010001
0111022200000BBB
0000000001110111
0000000000000444
0000022200000000
0555011101110444
0111011104440111
0000000002220333
0111022200000000
0111011100000000
0000000002220111
0001000100010000
0666000100010001
0111011103330000
0444011101110111
0000000000000222
0222022201000000
0111011103330000
0222033300000434
0000000001110222
0000022200000000
0111011100000000
0000077705560111
0001000100010666
0888044400010001
0111022203330000
0666001001110111
0000000000000111
0333021102220000
0333022203330000
0111033300000222
0000000000000000
0000044400000000
0111011101110000
0CCC077703330111
0001000100010001
0333055500000001
0111011101110222
0111000000000000
0000000000000000
0333011103330000
0111022201110222
0111055500000444
0000000000000111
0000033301110000
0111011101110000
0001033300000111
0001000100010001
0001000100010001
0001000100010001
0001000100010001
0001000100010001
0001000100010001
0001000100010001
0001000100010001
0001000100010001
0001000100010001
0001000100010001
0001000100010001
0001000100010001
0001000100010001
0001000100010001
0001000100010001
0001000100010001
0001000100010001
0001000100010001
0001000100010001
0001000100010001
0001000100010001
0001000100010001
0001000100010001
0001000100010001
0001000100010001
0001000100010001
0001000100010001
0001000100010001
0001000100010001
0001000100010001
0001000100010001
0001000100010001
0001000100010001
0001000100010001
0001000100010001
0001000100010001
0001000100010001
0001000100010001
0001000100010001
0001000100010001
0001000100010001
0001000100010001
0001000100010001
0001000100010001
0001000100010001
0001000100010001
0001000100010001
0001000100010001
0001000100010001
0001000100010001
0001000100010001
0001000100010001
0001000100010001
0001000100010001
0001000100010001
0001000100010001
0001000100010001
0001000100010001
0001000100010001
0001000100010001
0001000100010001
0001000100010001
0001000100010001
0001000100010001
0001000100010001
0001000100010001
0001000100010001
0001000100010001
0001000100010001
0001000100010001
0001000100010001
0001000100010001
0001000100010001
0001000100010001
0001000100010001
0001000100010001
0001000100010001
0001000100010001
0001000100010001
0001000100010001
0001000100010001
0001000100010001
0001000100010001
0001000100010001
0001000100010001
0001000100010001
0001000100010001
0001000100010001
0001000100010001
0001000100010001
0001000100010001
0001000100010001
0001000100010001
0001000100010001
0001000100010001
0001000100010001
0001000100010001
0001000100010001
0001000100010001
0001000100010001
0001000100010001
0111011101110777
0111011101110111
0000000005550444
0000000000000000
0111011100000111
0000011100000000
0000000000000000
0000000002220000
0111011100000000
0000022201110111
0001000100000222
0001000100010001
0111022100000BBB
0000011101110111
0000011004440000
0000000000000000
0222011100000222
0111011101110000
0000000000000000
0000011102220000
0111011101110000
0000000002210111
0001000100010000
0666000100010001
0111021103330000
0000011101110111
0000000005550444
0000000000000000
0111000001110000
0000011100000111
0000000000000000
0000000002220111
0111011101110000
0000077706660111
0001000100010666
0888033300010001
0111022203330000
0000011101110111
0000000002220666
0111000000000000
0111011001110000
0000011100000111
0000000000000000
0000000004440111
0111011101110111
0BBB088804440111
0001000100010001
0333033300000001
0111011101110223
0000000000000111
0000000001000222
0111000000000000
0111000001110111
0000011100000000
0000000000000000
0000000003330444
0111011101110111
0001033300000111
0001000100010001
0001000100010001
0001000100010001
0001000100010001
0001000100010001
0001000100010001
0001000100010001
0001000100010001
0001000100010001
0001000100010001
0001000100010001
0001000100010001
0001000100010001
0001000100010001
0001000100010001
0001000100010001
0001000100010001
0001000100010001
0001000100010001
0001000100010001
0001000100010001
0001000100010001
0001000100010001
0001000100010001
0001000100010001
0001000100010001
0001000100010001
0001000100010001
0001000100010001
0001000100010001
0001000100010001
0001000100010001
0001000100010001
0001000100010001
0001000100010001
0001000100010001
0001000100010001
0001000100010001
0001000100010001
0001000100010001
0001000100010001
0001000100010001
0001000100010001
0001000100010001
0001000100010001
0001000100010001
0001000100010001
0001000100010001
0001000100010001
0001000100010001
0001000100010001
0001000100010001
0001000100010001
0001000100010001
0001000100010001
0001000100010001
0001000100010001
0001000100010001
0001000100010001
0001000100010001
0001000100010001
0001000100010001
0001000100010001
0001000100010001
0001000100010001
0001000100010001
0001000100010001
0001000100010001
0001000100010001
0001000100010001
0001000100010001
0001000100010001
0001000100010001
0001000100010001
0001000100010001
0001000100010001
0001000100010001
0001000100010001
0001000100010001
0001000100010001
0001000100010001
0001000100010001
0001000100010001
0001000100010001
0001000100010001
0001000100010001
0001000100010001
0001000100010001
0001000100010001
0001000100010001
0001000100010001
0001000100010001
0001000100010001
0001000100010001
0001000100010001
0001000100010001
0001000100010001
0001000100010001
0001000100010001
0001000100010001
0001000100010001
0001000100010001
0111011101110778
0111011101110111
0555077701110111
0000000000000000
0111000100000000
0000011100000000
0111000000000000
0000000000000222
0111011101110111
0000022201110111
0001000100000222
0001000100010001
0111011100000BBB
0111011102220111
0333044400000000
0000000000000000
0111000000000000
0000000000000000
0322000000000000
0000000001110555
0111011101110111
0000000002220111
0001000100010000
0666000100010001
0211022103330000
0111011102220222
0222055500000000
0111000000000000
0100000001110000
0000011100000111
0333000000000000
0000000000000222
0111011101110111
0000077706660111
0001000100010555
0888033300010001
0111022103330000
0111011101110222
0000055504440000
0111000000000000
0000011101110000
0000011100000111
0444011100000000
0111000000000333
0111011101110111
0BBB088804440111
0001000100010001
0333033300000001
0111011101110333
0000000001110111
0000022202220111
0000000000000000
0000011100000111
0000011100000111
0555010000000000
0111000000000111
0222011101110111
0001033300000111
0001000100010001
0001000100010001
0001000100010001
0001000100010001
0001000100010001
0001000100010001
0001000100010001
0001000100010001
0001000100010001
0001000100010001
0001000100010001
0001000100010001
0001000100010001
0001000100010001
0001000100010001
0001000100010001
0001000100010001
0001000100010001
0001000100010001
0001000100010001
0001000100010001
0001000100010001
0001000100010001
0001000100010001
0001000100010001
0001000100010001
0001000100010001
0001000100010001
0001000100010001
0001000100010001
0001000100010001
0001000100010001
0001000100010001
0001000100010001
0001000100010001
0001000100010001
0001000100010001
0001000100010001
0001000100010001
0001000100010001
0001000100010001
0001000100010001
0001000100010001
0001000100010001
0001000100010001
0001000100010001
0001000100010001
0001000100010001
0001000100010001
0001000100010001
0001000100010001
0001000100010001
0001000100010001
0001000100010001
0001000100010001
0001000100010001
0001000100010001
0001000100010001
0001000100010001
0001000100010001
0001000100010001
0001000100010001
0001000100010001
0001000100010001
0001000100010001
0001000100010001
0001000100010001
0001000100010001
0001000100010001
0001000100010001
0001000100010001
0001000100010001
0001000100010001
0001000100010001
0001000100010001
0001000100010001
0001000100010001
0001000100010001
0001000100010001
0001000100010001
0001000100010001
0001000100010001
0001000100010001
0001000100010001
0001000100010001
0001000100010001
0001000100010001
0001000100010001
0001000100010001
0001000100010001
0001000100010001
0001000100010001
0001000100010001
0001000100010001
0001000100010001
0001000100010001
0001000100010001
0001000100010001
0001000100010001
0001000100010001
0001000100010001
0001000100010001
0222011101110888
0111011102220221
0444033201110111
0000011004440444
0000000000000000
0000000000000000
0111043301110000
0111011100000000
0111011101110111
0000022201110111
0001000100000222
0001000100010001
0111011100000BBB
0111011102220111
0333011101110111
0000011105550555
0000000000000000
0000000000000000
0222044401110000
0111000000000111
0111011101110222
0000000002220111
0001000100010000
0666000100010001
0221022103330000
0211011102220222
0333022201100111
0000000001110444
0000000000000000
0000000000000000
0000044402220000
0111011100000100
0111011101110111
0000055606660111
0001000100010555
0888044300010001
0212022203330000
0111011102220222
0555011101110221
0000000002220555
0000000000000000
0000000000000000
0111044406660111
0111011100000000
0111011101110111
0CBC066605550111
0001000100010001
0333033300000001
0111011101110333
0111011102220222
0444011100000111
0000000000000333
0000000000000000
0000000000000000
0000033305550111
0111011100000000
0222012102210221
0001033300000111
0001000100010001
0001000100010001
0001000100010001
0001000100010001
0001000100010001
0001000100010001
0001000100010001
0001000100010001
0001000100010001
0001000100010001
0001000100010001
0001000100010001
0001000100010001
0001000100010001
0001000100010001
0001000100010001
0001000100010001
0001000100010001
0001000100010001
0001000100010001
0001000100010001
0001000100010001
0001000100010001
0001000100010001
0001000100010001
0001000100010001
0001000100010001
0001000100010001
0001000100010001
0001000100010001
0001000100010001
0001000100010001
0001000100010001
0001000100010001
0001000100010001
0001000100010001
0001000100010001
0001000100010001
0001000100010001
0001000100010001
0001000100010001
0001000100010001
0001000100010001
0001000100010001
0001000100010001
0001000100010001
0001000100010001
0001000100010001
0001000100010001
0001000100010001
0001000100010001
0001000100010001
0001000100010001
0001000100010001
0001000100010001
0001000100010001
0001000100010001
0001000100010001
0001000100010001
0001000100010001
0001000100010001
0001000100010001
0001000100010001
0001000100010001
0001000100010001
0001000100010001
0001000100010001
0001000100010001
0001000100010001
0001000100010001
0001000100010001
0001000100010001
0001000100010001
0001000100010001
0001000100010001
0001000100010001
0001000100010001
0001000100010001
0001000100010001
0001000100010001
0001000100010001
0001000100010001
0001000100010001
0001000100010001
0001000100010001
0001000100010001
0001000100010001
0001000100010001
0001000100010001
0001000100010001
0001000100010001
0001000100010001
0001000100010001
0001000100010001
0001000100010001
0001000100010001
0001000100010001
0001000100010001
0001000100010001
0001000100010001
0001000100010001
0001000100010001
0221011101120989
0111022202220222
0222011101110111
0333022201110555
0000000001110111
0222011100000000
0000000001110222
0111011101110111
0111011101110111
0000022201110111
0001000100000222
0001000100010001
0111011100000BBB
0111022202220111
0333022101110111
0555033301110333
0000000001110111
0111011100000000
0000000001110444
0222011101110111
0111011101110222
0000000002220111
0001000100010000
0666000100010001
0221022204440000
0222022202220222
0333011101110221
0222034301110222
0000000001100111
0444011101110000
0000000000000222
0111011101110111
0111011101110111
0000066606660111
0001000100010555
0888044400010001
0222022204440000
0222022202220222
0444022202120111
0222044402220111
0000000000000111
0444011101110000
0000000000000111
0111011101110111
0111022201110111
0CCC066605550222
0001000100010001
0333033300000001
0222011101110444
0111022202220222
0111022201110111
0111022203330222
0000000000000000
0444011101110100
0111000000000222
0211011101110111
0222022202220221
0001033300000111
0001000100010001
0001000100010001
0001000100010001
0001000100010001
0001000100010001
0001000100010001
0001000100010001
0001000100010001
0001000100010001
0001000100010001
0001000100010001
0001000100010001
0001000100010001
0001000100010001
0001000100010001
0001000100010001
0001000100010001
0001000100010001
0001000100010001
0001000100010001
0001000100010001
0001000100010001
0001000100010001
0001000100010001
0001000100010001
0001000100010001
0001000100010001
0001000100010001
0001000100010001
0001000100010001
0001000100010001
0001000100010001
0001000100010001
0001000100010001
0001000100010001
0001000100010001
0001000100010001
0001000100010001
0001000100010001
0001000100010001
0001000100010001
0001000100010001
0001000100010001
0001000100010001
0001000100010001
0001000100010001
0001000100010001
0001000100010001
0001000100010001
0001000100010001
0001000100010001
0001000100010001
0001000100010001
0001000100010001
0001000100010001
0001000100010001
0001000100010001
0001000100010001
0001000100010001
0001000100010001
0001000100010001
0001000100010001
0001000100010001
0001000100010001
0001000100010001
0001000100010001
0001000100010001
0001000100010001
0001000100010001
0001000100010001
0001000100010001
0001000100010001
0001000100010001
0001000100010001
0001000100010001
0001000100010001
0001000100010001
0001000100010001
0001000100010001
0001000100010001
0001000100010001
0001000100010001
0001000100010001
0001000100010001
0001000100010001
0001000100010001
0001000100010001
0001000100010001
0001000100010001
0001000100010001
0001000100010001
0001000100010001
0001000100010001
0001000100010001
0001000100010001
0001000100010001
0001000100010001
0001000100010001
0001000100010001
0001000100010001
0001000100010001
0001000100010001
0111011102220999
0222022202220222
0222022202220222
0000000003330222
0333033303330333
0222022203330333
0111000000000000
0111011101110111
0111011101110111
0000022201110111
0001000100000222
0001000100010001
0111011100000BBB
0222022202220222
0222022202220222
0000011102220222
0444033303330333
0222033303330444
0111011100000000
0111011101110111
0111011101110111
0000000002220111
0001000100010000
0666000100010001
0222022205540000
0222022202220222
0111022202220222
0111000002220222
0333033303330333
0000033303330333
0111011000000000
0111011101110111
0221011101110111
0000066606660111
0001000100010555
0888044400010001
0222022204440000
0222022202220222
0222022201220222
0111000001110222
0333033303330333
0000022203330333
0111011100000000
0111011101110111
0221011101110111
0CCC066605550222
0001000100010001
0333033300000001
0222011101110444
0222022202220222
0222022202220222
0333022200000222
0333033303330333
0000022203330333
0111011100000000
0221011101110111
0222022202220222
0001033300000111
0001000100010001
0001000100010001
0001000100010001
0001000100010001
0001000100010001
0001000100010001
0001000100010001
0001000100010001
0001000100010001
0001000100010001
0001000100010001
0001000100010001
0001000100010001
0001000100010001
0001000100010001
0001000100010001
0001000100010001
0001000100010001
0001000100010001
0001000100010001
0001000100010001
0001000100010001
0001000100010001
0001000100010001
0001000100010001
0001000100010001
0001000100010001
0001000100010001
0001000100010001
0001000100010001
0001000100010001
0001000100010001
0001000100010001
0001000100010001
0001000100010001
0001000100010001
0001000100010001
0001000100010001
0001000100010001
0001000100010001
0001000100010001
0001000100010001
0001000100010001
0001000100010001
0001000100010001
0001000100010001
0001000100010001
0001000100010001
0001000100010001
0001000100010001
0001000100010001
0001000100010001
0001000100010001
0001000100010001
0001000100010001
0001000100010001
0001000100010001
0001000100010001
0001000100010001
0001000100010001
0001000100010001
0001000100010001
0001000100010001
0001000100010001
0001000100010001
0001000100010001
0001000100010001
0001000100010001
0001000100010001
0001000100010001
0001000100010001
0001000100010001
0001000100010001
0001000100010001
0001000100010001
0001000100010001
0001000100010001
0001000100010001
0001000100010001
0001000100010001
0001000100010001
0001000100010001
0001000100010001
0001000100010001
0001000100010001
0001000100010001
0001000100010001
0001000100010001
0001000100010001
0001000100010001
0001000100010001
0001000100010001
0001000100010001
0001000100010001
0001000100010001
0001000100010001
0001000100010001
0001000100010001
0001000100010001
0001000100010001
0001000100010001
0001000100010001
0222011102220999
0222022202220222
0222033302220222
0000000000000000
0000000000000000
0000000000000000
0000000000000000
0111011101110111
0111011102220111
0000022201110111
0001000100000222
0001000100010001
0222022100000BBB
0222022202220222
0111022202220222
0000000000000000
0000000000000000
0000000000000000
0000000000000000
0111011101110111
0111011101110111
0000000002220111
0001000100010000
0666000100010001
0222022205550000
0222022202220222
0111022202220222
0000000000000000
0000000000000000
0000000000000000
0111000000000000
0111011101110111
0111011101110111
0000066606660122
0001000100010656
0888033300010001
0222022204440000
0222022202220222
0111011102220222
0000000000000000
0000000000000000
0000000000000000
0111000000000000
0222022202210111
0111011101110111
0001066605550222
0001000100010001
0333033300000001
0222022201110444
0222022202220222
0000011102220222
0000000000000000
0000000000000000
0000000000000000
0111011100000000
0221011101110111
0222022202220222
0001044400000111
0001000100010001
0001000100010001
0001000100010001
0001000100010001
0001000100010001
0001000100010001
0001000100010001
0001000100010001
0001000100010001
0001000100010001
0001000100010001
0001000100010001
0001000100010001
0001000100010001
0001000100010001
0001000100010001
0001000100010001
0001000100010001
0001000100010001
0001000100010001
0001000100010001
0001000100010001
0001000100010001
0001000100010001
0001000100010001
0001000100010001
0001000100010001
0001000100010001
0001000100010001
0001000100010001
0001000100010001
0001000100010001
0001000100010001
0001000100010001
0001000100010001
0001000100010001
0001000100010001
0001000100010001
0001000100010001
0001000100010001
0001000100010001
0001000100010001
0001000100010001
0001000100010001
0001000100010001
0001000100010001
0001000100010001
0001000100010001
0001000100010001
0001000100010001
0001000100010001
0001000100010001
0001000100010001
0001000100010001
0001000100010001
0001000100010001
0001000100010001
0001000100010001
0001000100010001
0001000100010001
0001000100010001
0001000100010001
0001000100010001
0001000100010001
0001000100010001
0001000100010001
0001000100010001
0001000100010001
0001000100010001
0001000100010001
0001000100010001
0001000100010001
0001000100010001
0001000100010001
0001000100010001
0001000100010001
0001000100010001
0001000100010001
0001000100010001
0001000100010001
0001000100010001
0001000100010001
0001000100010001
0001000100010001
0001000100010001
0001000100010001
0001000100010001
0001000100010001
0001000100010001
0001000100010001
0001000100010001
0001000100010001
0001000100010001
0001000100010001
0001000100010001
0001000100010001
0001000100010001
0001000100010001
0001000100010001
0001000100010001
0001000100010001
0001000100010001
0222011102220989
0222022202220222
0000000003330222
0000000000000000
0555044402220111
0000011103330444
0000000000000000
0111011100000000
0222011102220111
0111033201110222
0001000100000221
0001000100010001
0222022200000BBB
0222022202220222
0000000002220222
0000000000000000
0555044403320111
0000022103330444
0000000000000000
0111011100000000
0222011101110111
0000000002220111
0001000100010000
0666000100010001
0222022205550000
0222022202220222
0000000001110222
0000000000000000
0555055502220111
0000011102220545
0000000000000000
0111011101110000
0221011101110111
0111066607770222
0001000100010555
0888033300010001
0222022205550000
0222022202220222
0000000000000222
0000000000000000
0444055404440111
0000011103330444
0000000000000000
0222022201110000
0221022202220222
0CCC077705550222
0001000100010001
0333033300000001
0222022201110444
0222022202220222
0000000000000000
0000000000000000
0444055505540222
0000000001110333
0000000000000000
0222022201110111
0222022202220222
0001044400000111
0001000100010001
0001000100010001
0001000100010001
0001000100010001
0001000100010001
0001000100010001
0001000100010001
0001000100010001
0001000100010001
0001000100010001
0001000100010001
0001000100010001
0001000100010001
0001000100010001
0001000100010001
0001000100010001
0001000100010001
0001000100010001
0001000100010001
0001000100010001
0001000100010001
0001000100010001
0001000100010001
0001000100010001
0001000100010001
0001000100010001
0001000100010001
0001000100010001
0001000100010001
0001000100010001
0001000100010001
0001000100010001
0001000100010001
0001000100010001
0001000100010001
0001000100010001
0001000100010001
0001000100010001
0001000100010001
0001000100010001
0001000100010001
0001000100010001
0001000100010001
0001000100010001
0001000100010001
0001000100010001
0001000100010001
0001000100010001
0001000100010001
0001000100010001
0001000100010001
0001000100010001
0001000100010001
0001000100010001
0001000100010001
0001000100010001
0001000100010001
0001000100010001
0001000100010001
0001000100010001
0001000100010001
0001000100010001
0001000100010001
0001000100010001
0001000100010001
0001000100010001
0001000100010001
0001000100010001
0001000100010001
0001000100010001
0001000100010001
0001000100010001
0001000100010001
0001000100010001
0001000100010001
0001000100010001
0001000100010001
0001000100010001
0001000100010001
0001000100010001
0001000100010001
0001000100010001
0001000100010001
0001000100010001
0001000100010001
0001000100010001
0001000100010001
0001000100010001
0001000100010001
0001000100010001
0001000100010001
0001000100010001
0001000100010001
0001000100010001
0001000100010001
0001000100010001
0001000100010001
0001000100010001
0001000100010001
0001000100010001
0001000100010001
0001000100010001
0222011102220888
0111022202220222
0111011100000333
0666087702220000
0221033303330554
0544033302220222
0000022205550555
0111000001110000
0222022102220111
0000033301110211
0001000100000111
0001000100010001
0222022200000BBB
0222022202220222
0111000000000000
0766065501110000
0222022203320544
0444033303220222
0000011103330544
0111000000000000
0111011101110111
0000000002220111
0001000100010000
0666000100010001
0222022204440000
0221022202220222
0000000000000000
0666088805550000
0111022203220544
0554043303220111
0000000003220665
0222000001110000
0111011101110111
0111066608880222
0001000100010555
0888033300010001
0222022205550000
0333022202220222
0000000000000000
0666088806550000
0332032205440444
0554044404440333
0000000001110544
0212000000000000
0221021102220222
0BBB077705550222
0001000100010001
0333022200000001
0222022201110444
0000011102220222
0000000000000000
0555076609880322
0222022102220433
0655054404440333
0000000000000444
0222022201110000
0222022202220222
0001033300000111
0001000100010001
0001000100010001
0001000100010001
0001000100010001
0001000100010001
0001000100010001
0001000100010001
0001000100010001
0001000100010001
0001000100010001
0001000100010001
0001000100010001
0001000100010001
0001000100010001
0001000100010001
0001000100010001
0001000100010001
0001000100010001
0001000100010001
0001000100010001
0001000100010001
0001000100010001
0001000100010001
0001000100010001
0001000100010001
0001000100010001
0001000100010001
0001000100010001
0001000100010001
0001000100010001
0001000100010001
0001000100010001
0001000100010001
0001000100010001
0001000100010001
0001000100010001
0001000100010001
0001000100010001
0001000100010001
0001000100010001
0001000100010001
0001000100010001
0001000100010001
0001000100010001
0001000100010001
0001000100010001
0001000100010001
0001000100010001
0001000100010001
0001000100010001
0001000100010001
0001000100010001
0001000100010001
0001000100010001
0001000100010001
0001000100010001
0001000100010001
0001000100010001
0001000100010001
0001000100010001
0001000100010001
0001000100010001
0001000100010001
0001000100010001
0001000100010001
0001000100010001
0001000100010001
0001000100010001
0001000100010001
0001000100010001
0001000100010001
0001000100010001
0001000100010001
0001000100010001
0001000100010001
0001000100010001
0001000100010001
0001000100010001
0001000100010001
0001000100010001
0001000100010001
0001000100010001
0001000100010001
0001000100010001
0001000100010001
0001000100010001
0001000100010001
0001000100010001
0001000100010001
0001000100010001
0001000100010001
0001000100010001
0001000100010001
0001000100010001
0001000100010001
0001000100010001
0001000100010001
0001000100010001
0001000100010001
0001000100010001
0001000100010001
0001000100010001
0222011102220888
0BBB011102220222
0433011100000000
0000000002220777
0500070003000100
0100020005000600
0444011100000000
000000010AAA0333
0221011101110111
0111033301110221
0001000100000111
0001000100010001
0222022200000BBB
0111011102220222
0BBB011100000000
0000000006550999
0610040005000000
0000010004000500
0444022200000000
0000000000010545
0211022102120111
0000000002220111
0001000100010000
0666000100010001
0222022204440000
0000011102220222
04440CCB00000000
0100000000000444
0400070005000200
0000020005000500
0333022200000000
000000000AAA0333
0111011101110111
0000066608880222
0001000100010555
0888033300010001
0222022205550000
0000022102220222
00010AAA00000000
0000000000000777
0400060007000200
0000010006000700
0222033201110000
011100000BBB0222
0221011102210111
0BBB088805550222
0001000100010001
0444022200000001
0222022201110444
0000000001110222
0777000101000000
0100000000000111
0600050004000300
0000010004000500
0111044403330000
0111033300010444
0222022202220222
0001033300000111
0001000100010001
0001000100010001
0001000100010001
0001000100010001
0001000100010001
0001000100010001
0001000100010001
0001000100010001
0001000100010001
0001000100010001
0001000100010001
0001000100010001
0001000100010001
0001000100010001
0001000100010001
0001000100010001
0001000100010001
0001000100010001
0001000100010001
0001000100010001
0001000100010001
0001000100010001
0001000100010001
0001000100010001
0001000100010001
0001000100010001
0001000100010001
0001000100010001
0001000100010001
0001000100010001
0001000100010001
0001000100010001
0001000100010001
0001000100010001
0001000100010001
0001000100010001
0001000100010001
0001000100010001
0001000100010001
0001000100010001
0001000100010001
0001000100010001
0001000100010001
0001000100010001
0001000100010001
0001000100010001
0001000100010001
0001000100010001
0001000100010001
0001000100010001
0001000100010001
0001000100010001
0001000100010001
0001000100010001
0001000100010001
0001000100010001
0001000100010001
0001000100010001
0001000100010001
0001000100010001
0001000100010001
0001000100010001
0001000100010001
0001000100010001
0001000100010001
0001000100010001
0001000100010001
0001000100010001
0001000100010001
0001000100010001
0001000100010001
0001000100010001
0001000100010001
0001000100010001
0001000100010001
0001000100010001
0001000100010001
0001000100010001
0001000100010001
0001000100010001
0001000100010001
0001000100010001
0001000100010001
0001000100010001
0001000100010001
0001000100010001
0001000100010001
0001000100010001
0001000100010001
0001000100010001
0001000100010001
0001000100010001
0001000100010001
0001000100010001
0001000100010001
0001000100010001
0001000100010001
0001000100010001
0001000100010001
0001000100010001
0001000100010001
0001000100010001
0222011102220888
0000066601110111
0222000103330000
0300070003000000
0100010000000000
0200010001000100
000001000B110900
03330BBA05440111
0211011105550000
0000033301110221
0001000100000111
0001000100010001
0222022200000BBB
0000011101110222
0544000101110000
05000A0001000000
0100010000000000
0100000001000100
0000000008000C11
0000088805550221
0111011103330000
0000000002220111
0001000100010000
0666000100010001
0222022205550000
0000010001110111
0000088808770100
000005000B110000
0100010000000000
0700010000000100
000000000C000700
01110BBA05550332
0221011102220111
0000066608880222
0001000100010555
0888033300010001
0222022205550000
0000011101110222
0000066609990111
010008000C110000
0100010001000000
0200010001000100
0000000002000F22
0000099805450322
0211011101110AAA
0BBB088805440222
0001000100010001
0444022200000001
0222022201110444
0000000001110111
0000044507770222
0000040008000400
0100010001000000
0700000000000100
0222000000000E11
0000066601110222
0222022202210111
0001033300000111
0001000100010001
0001000100010001
0001000100010001
0001000100010001
0001000100010001
0001000100010001
0001000100010001
0001000100010001
0001000100010001
0001000100010001
0001000100010001
0001000100010001
0001000100010001
0001000100010001
0001000100010001
0001000100010001
0001000100010001
0001000100010001
0001000100010001
0001000100010001
0001000100010001
0001000100010001
0001000100010001
0001000100010001
0001000100010001
0001000100010001
0001000100010001
0001000100010001
0001000100010001
0001000100010001
0001000100010001
0001000100010001
0001000100010001
0001000100010001
0001000100010001
0001000100010001
0001000100010001
0001000100010001
0001000100010001
0001000100010001
0001000100010001
0001000100010001
0001000100010001
0001000100010001
0001000100010001
0001000100010001
0001000100010001
0001000100010001
0001000100010001
0001000100010001
0001000100010001
0001000100010001
0001000100010001
0001000100010001
0001000100010001
0001000100010001
0001000100010001
0001000100010001
0001000100010001
0001000100010001
0001000100010001
0001000100010001
0001000100010001
0001000100010001
0001000100010001
0001000100010001
0001000100010001
0001000100010001
0001000100010001
0001000100010001
0001000100010001
0001000100010001
0001000100010001
0001000100010001
0001000100010001
0001000100010001
0001000100010001
0001000100010001
0001000100010001
0001000100010001
0001000100010001
0001000100010001
0001000100010001
0001000100010001
0001000100010001
0001000100010001
0001000100010001
0001000100010001
0001000100010001
0001000100010001
0001000100010001
0001000100010001
0001000100010001
0001000100010001
0001000100010001
0001000100010001
0001000100010001
0001000100010001
0001000100010001
0001000100010001
0001000100010001
0001000100010001
0111011102220888
0221011101110111
0200000006660211
0200010001000700
0200020002000200
0200020002000200
0E11010001000100
0444044300000000
0111011100000322
0000033301110211
0001000100000111
0001000100010001
0111022200000BBB
0000000001110111
0000000009880555
0100010000000800
0100020001000100
0100010002000200
0600040001000100
0444033300000000
0111011101110000
0001000002220111
0001000100010000
0666000100010001
0221022205550000
0211000001110111
0A110000077709AA
0100010001000100
0200020001000100
0200020002000200
0500050001000100
0444043301110000
0111011102220000
0000076709990222
0001000100010555
0888034300010001
0221022205550000
0111000001110211
0C11000000000444
0100010001000100
0200020002000200
0100010002000200
07000B0101000100
0222043301000000
0211011102220111
0BBB099904440211
0001000100010001
0444022200000001
0111022201110444
0332000000000111
0500020000000666
0100010001000100
0200020001000100
0100020002000200
00000D1101000200
0211022203320000
0222022102110000
0001044400000111
0001000100010001
0001000100010001
0001000100010001
0001000100010001
0001000100010001
0001000100010001
0001000100010001
0001000100010001
0001000100010001
0001000100010001
0001000100010001
0001000100010001
0001000100010001
0001000100010001
0001000100010001
0001000100010001
0001000100010001
0001000100010001
0001000100010001
0001000100010001
0001000100010001
0001000100010001
0001000100010001
0001000100010001
0001000100010001
0001000100010001
0001000100010001
0001000100010001
0001000100010001
0001000100010001
0001000100010001
0001000100010001
0001000100010001
0001000100010001
0001000100010001
0001000100010001
0001000100010001
0001000100010001
0001000100010001
0001000100010001
0001000100010001
0001000100010001
0001000100010001
0001000100010001
0001000100010001
0001000100010001
0001000100010001
0001000100010001
0001000100010001
0001000100010001
0001000100010001
0001000100010001
0001000100010001
0001000100010001
0001000100010001
0001000100010001
0001000100010001
0001000100010001
0001000100010001
0001000100010001
0001000100010001
0001000100010001
0001000100010001
0001000100010001
0001000100010001
0001000100010001
0001000100010001
0001000100010001
0001000100010001
0001000100010001
0001000100010001
0001000100010001
0001000100010001
0001000100010001
0001000100010001
0001000100010001
0001000100010001
0001000100010001
0001000100010001
0001000100010001
0001000100010001
0001000100010001
0001000100010001
0001000100010001
0001000100010001
0001000100010001
0001000100010001
0001000100010001
0001000100010001
0001000100010001
0001000100010001
0001000100010001
0001000100010001
0001000100010001
0001000100010001
0001000100010001
0001000100010001
0001000100010001
0001000100010001
0001000100010001
0001000100010001
0001000100010001
0111011102220888
0111022201110111
0B01030000000444
0300020001000100
0400040003000300
0300030004000400
0100020002000200
0222000000000D11
0111021100000222
0000033301110211
0001000100000111
0001000100010001
0111022200000BBB
0000000001110111
0901000000000565
0200010001000100
0300030003000300
0200020003000300
0400010001000100
0222011100000E21
0100011100000111
0001000002220111
0001000100010000
0666000100010001
0111022205550000
0877000001000111
0100060000000222
0200020001000100
0400040003000200
0200030003000300
0300010002000200
0221022200000900
0111022200000010
0000077709990111
0001000100010555
0888034400010001
0111021105550000
0221000001110111
01000A0100000111
0300020001000100
0300030004000300
0200030003000300
0300010001000200
0333011100000600
0111000001110000
0BBB099904440111
0001000100010001
0444044400000001
0111011101110444
0222011100000111
0100040003000000
0200020001000100
0300030004000300
0200030003000300
0C11010002000200
0211022200000000
0222011101110000
0001044400000111
0001000100010001
0001000100010001
0001000100010001
0001000100010001
0001000100010001
0001000100010001
0001000100010001
0001000100010001
0001000100010001
0001000100010001
0001000100010001
0001000100010001
0001000100010001
0001000100010001
0001000100010001
0001000100010001
0001000100010001
0001000100010001
0001000100010001
0001000100010001
0001000100010001
0001000100010001
0001000100010001
0001000100010001
0001000100010001
0001000100010001
0001000100010001
0001000100010001
0001000100010001
0001000100010001
0001000100010001
0001000100010001
0001000100010001
0001000100010001
0001000100010001
0001000100010001
0001000100010001
0001000100010001
0001000100010001
0001000100010001
0001000100010001
0001000100010001
0001000100010001
0001000100010001
0001000100010001
0001000100010001
0001000100010001
0001000100010001
0001000100010001
0001000100010001
0001000100010001
0001000100010001
0001000100010001
0001000100010001
0001000100010001
0001000100010001
0001000100010001
0001000100010001
0001000100010001
0001000100010001
0001000100010001
0001000100010001
0001000100010001
0001000100010001
0001000100010001
0001000100010001
0001000100010001
0001000100010001
0001000100010001
0001000100010001
0001000100010001
0001000100010001
0001000100010001
0001000100010001
0001000100010001
0001000100010001
0001000100010001
0001000100010001
0001000100010001
0001000100010001
0001000100010001
0001000100010001
0001000100010001
0001000100010001
0001000100010001
0001000100010001
0001000100010001
0001000100010001
0001000100010001
0001000100010001
0001000100010001
0001000100010001
0001000100010001
0001000100010001
0001000100010001
0001000100010001
0001000100010001
0001000100010001
0001000100010001
0001000100010001
0001000100010001
0001000100010001
0111011101110888
0545044401000111
0100000003000000
0901040003000100
0FAA0F880E440FCC
0D110E550F880A00
0200020003000500
0100000008000100
0111000001110222
0000033301110111
0001000100000111
0001000100010001
0111021100000BBB
0332011101000111
0100020000000000
0400030002000200
0F780E550C110001
0E660A000F990A00
0200020003000400
0211000009110100
0000011100000222
0000000002220110
0001000100010000
0666000100010001
0111011102220000
0332021200000111
0100000004000000
0F78050003000100
0F880B010F660F99
0800000109000E34
0200020003000400
011100000A110100
0111011100000222
0000077709990111
0001000100010555
0888044400010001
0111011103330000
0111011101110111
0100010005000000
0FBC050002000200
0F770E450F880B00
060000010C010E45
0100010002000400
0111000007100100
0111033300000211
0BBB099902220111
0001000100010001
0444044400000001
0111011101110222
0000022201110000
0100010001000200
0FAA0E4503000200
0F440F770A000F67
05000FBB0D110F77
0000020003000400
0211033301000700
0111021101110111
0001044400000111
0001000100010001
0001000100010001
0001000100010001
0001000100010001
0001000100010001
0001000100010001
0001000100010001
0001000100010001
0001000100010001
0001000100010001
0001000100010001
0001000100010001
0001000100010001
0001000100010001
0001000100010001
0001000100010001
0001000100010001
0001000100010001
0001000100010001
0001000100010001
0001000100010001
0001000100010001
0001000100010001
0001000100010001
0001000100010001
0001000100010001
0001000100010001
0001000100010001
0001000100010001
0001000100010001
0001000100010001
0001000100010001
0001000100010001
0001000100010001
0001000100010001
0001000100010001
0001000100010001
0001000100010001
0001000100010001
0001000100010001
0001000100010001
0001000100010001
0001000100010001
0001000100010001
0001000100010001
0001000100010001
0001000100010001
0001000100010001
0001000100010001
0001000100010001
0001000100010001
0001000100010001
0001000100010001
0001000100010001
0001000100010001
0001000100010001
0001000100010001
0001000100010001
0001000100010001
0001000100010001
0001000100010001
0001000100010001
0001000100010001
0001000100010001
0001000100010001
0001000100010001
0001000100010001
0001000100010001
0001000100010001
0001000100010001
0001000100010001
0001000100010001
0001000100010001
0001000100010001
0001000100010001
0001000100010001
0001000100010001
0001000100010001
0001000100010001
0001000100010001
0001000100010001
0001000100010001
0001000100010001
0001000100010001
0001000100010001
0001000100010001
0001000100010001
0001000100010001
0001000100010001
0001000100010001
0001000100010001
0001000100010001
0001000100010001
0001000100010001
0001000100010001
0001000100010001
0001000100010001
0001000100010001
0001000100010001
0001000100010001
0001000100010001
0001000100010001
0111011101110888
0000055409880111
0200020001000200
090008000B120400
0D11090008000A00
0800080009000800
030005000D330800
0000040001000200
0111000002220000
0000033300000111
0001000100000111
0001000100010001
0111011100000BBB
0111044305550111
0200010002000000
08000D2306000300
0A000B0009000A00
080008000A000700
030006000A110901
0000050001000200
0211000002220111
0000000001110100
0001000100010000
0332000100010001
0111011102220000
0000033301110110
0200010001000300
0A000A000E340300
0900050008000900
08000B0008000900
0200040008000B01
0000020001000100
0111000002220221
0000077708880111
0001000100010444
0444044400010001
0111011103330000
0000021109880322
0300010001000300
09000A0007000900
0B000A0009000700
08000A0007000900
020003000B120800
0000091001000200
0000011101110211
0CCC099800000111
0001000100010001
0333055400000001
0111011101110211
0300000003320555
0500010001000100
090009000C010A00
0700090007000800
0800090008000B00
0200030004000B11
0543000001000100
0111010001000211
0001033300000111
0001000100010001
0001000100010001
0001000100010001
0001000100010001
0001000100010001
0001000100010001
0001000100010001
0001000100010001
0001000100010001
0001000100010001
0001000100010001
0001000100010001
0001000100010001
0001000100010001
0001000100010001
0001000100010001
0001000100010001
0001000100010001
0001000100010001
0001000100010001
0001000100010001
0001000100010001
0001000100010001
0001000100010001
0001000100010001
0001000100010001
0001000100010001
0001000100010001
0001000100010001
0001000100010001
0001000100010001
0001000100010001
0001000100010001
0001000100010001
0001000100010001
0001000100010001
0001000100010001
0001000100010001
0001000100010001
0001000100010001
0001000100010001
0001000100010001
0001000100010001
0001000100010001
0001000100010001
0001000100010001
0001000100010001
0001000100010001
0001000100010001
0001000100010001
0001000100010001
0001000100010001
0001000100010001
0001000100010001
0001000100010001
0001000100010001
0001000100010001
0001000100010001
0001000100010001
0001000100010001
0001000100010001
0001000100010001
0001000100010001
0001000100010001
0001000100010001
0001000100010001
0001000100010001
0001000100010001
0001000100010001
0001000100010001
0001000100010001
0001000100010001
0001000100010001
0001000100010001
0001000100010001
0001000100010001
0001000100010001
0001000100010001
0001000100010001
0001000100010001
0001000100010001
0001000100010001
0001000100010001
0001000100010001
0001000100010001
0001000100010001
0001000100010001
0001000100010001
0001000100010001
0001000100010001
0001000100010001
0001000100010001
0001000100010001
0001000100010001
0001000100010001
0001000100010001
0001000100010001
0001000100010001
0001000100010001
0001000100010001
0001000100010001
0001000100010001
0111011101110666
010000000BAA0111
0400020002000100
09000D220E540800
00010F440E340F55
0D330F550F440D00
08000A000E550A00
0400020002000400
0000033201000000
0000033300000111
0001000100000111
0001000100010001
0111011100000BBB
0000022209990000
0500020001000300
0F440C220A000F67
0F880F660B000F66
0D220B110F980B00
05000D120D330F66
0500010002000300
0000022202220000
0000000001110100
0001000100010000
0222000100010001
0111011102220000
0400000003330444
0D34020001000100
0D110E120F440A00
0F5509000E230F55
0A000F560D120FAA
04000E230C110F76
0300010002000200
0111010002220000
0000077707770111
0001000100010444
0222044400010001
0110011103330000
0300000001110998
0700030001000100
0D330D2209000C22
0F990F770F550A00
0C220F440B000F88
08000E560E330900
0400010001000200
0000022202210000
0BBB088800000111
0001000100010001
0333033300000001
0000011101110222
0100000000000655
0D33040002000200
0F440D220F550B22
0F550E230D120F66
0A010F660B000F88
030009010F890A00
0000010002000200
0111000002110422
0001033300000111
0001000100010001
0001000100010001
0001000100010001
0001000100010001
0001000100010001
0001000100010001
0001000100010001
0001000100010001
0001000100010001
0001000100010001
0001000100010001
0001000100010001
0001000100010001
0001000100010001
0001000100010001
0001000100010001
0001000100010001
0001000100010001
0001000100010001
0001000100010001
0001000100010001
0001000100010001
0001000100010001
0001000100010001
0001000100010001
0001000100010001
0001000100010001
0001000100010001
0001000100010001
0001000100010001
0001000100010001
0001000100010001
0001000100010001
0001000100010001
0001000100010001
0001000100010001
0001000100010001
0001000100010001
0001000100010001
0001000100010001
0001000100010001
0001000100010001
0001000100010001
0001000100010001
0001000100010001
0001000100010001
0001000100010001
0001000100010001
0001000100010001
0001000100010001
0001000100010001
0001000100010001
0001000100010001
0001000100010001
0001000100010001
0001000100010001
0001000100010001
0001000100010001
0001000100010001
0001000100010001
0001000100010001
0001000100010001
0001000100010001
0001000100010001
0001000100010001
0001000100010001
0001000100010001
0001000100010001
0001000100010001
0001000100010001
0001000100010001
0001000100010001
0001000100010001
0001000100010001
0001000100010001
0001000100010001
0001000100010001
0001000100010001
0001000100010001
0001000100010001
0001000100010001
0001000100010001
0001000100010001
0001000100010001
0001000100010001
0001000100010001
0001000100010001
0001000100010001
0001000100010001
0001000100010001
0001000100010001
0001000100010001
0001000100010001
0001000100010001
0001000100010001
0001000100010001
0001000100010001
0001000100010001
0001000100010001
0001000100010001
0001000100010001
0001000100010001
0111011101110666
0300000000000999
0FBB080002000200
0B000E340E450A00
0F330D120D220E33
0D110E330E340B00
0F650C110E450A00
0200020003000800
0433033300000300
0000022201110111
0001000100000111
0001000100010001
0111011100000BBB
0400000001010888
0B01050002000100
0E3409000B000D11
0E230E550B000E56
0D330D220F770B01
00010C220C120E23
0100020003000C22
0444033301000200
0000000002110100
0001000100010000
0666000100010001
0111011102220000
0100020002220999
0E44070002000200
0F660E110F770700
0E3309000E220F99
0A000E230C000E34
0FBB0E330D120F23
0100020002000500
0100066602110100
0000088808880111
0001000100010555
0888044400010001
0101011103330000
0100020000000877
0B010E5504000200
0F550F440B000D22
0F770F770E330B00
0D220E230A000D23
0B000B000F550A00
0100020003000600
0000076601110100
0CCC088802110100
0001000100010001
0333033300000001
0655011101110222
0200020000000211
0B010F7808000200
0E110D110E440900
0C110B000C000F99
0C010E3309000E23
0C120A000F550D01
0100020003000300
0111000003220411
0001033300000111
0001000100010001
0001000100010001
0001000100010001
0001000100010001
0001000100010001
0001000100010001
0001000100010001
0001000100010001
0001000100010001
0001000100010001
0001000100010001
0001000100010001
0001000100010001
0001000100010001
0001000100010001
0001000100010001
0001000100010001
0001000100010001
0001000100010001
0001000100010001
0001000100010001
0001000100010001
0001000100010001
0001000100010001
0001000100010001
0001000100010001
0001000100010001
0001000100010001
0001000100010001
0001000100010001
0001000100010001
0001000100010001
0001000100010001
0001000100010001
0001000100010001
0001000100010001
0001000100010001
0001000100010001
0001000100010001
0001000100010001
0001000100010001
0001000100010001
0001000100010001
0001000100010001
0001000100010001
0001000100010001
0001000100010001
0001000100010001
0001000100010001
0001000100010001
0001000100010001
0001000100010001
0001000100010001
0001000100010001
0001000100010001
0001000100010001
0001000100010001
0001000100010001
0001000100010001
0001000100010001
0001000100010001
0001000100010001
0001000100010001
0001000100010001
0001000100010001
0001000100010001
0001000100010001
0001000100010001
0001000100010001
0001000100010001
0001000100010001
0001000100010001
0001000100010001
0001000100010001
0001000100010001
0001000100010001
0001000100010001
0001000100010001
0001000100010001
0001000100010001
0001000100010001
0001000100010001
0001000100010001
0001000100010001
0001000100010001
0001000100010001
0001000100010001
0001000100010001
0001000100010001
0001000100010001
0001000100010001
0001000100010001
0001000100010001
0001000100010001
0001000100010001
0001000100010001
0001000100010001
0001000100010001
0001000100010001
0001000100010001
0001000100010001
0001000100010001
0100011101110666
010003000000099A
0A00080007000200
0F230E120B000900
0D000D000B000C00
09000C110D010D00
09000C010E220C00
0300040008000E34
0777021202000200
0000022201110100
0001000100000111
0001000100010001
0000011100000BBB
0100000000000999
0B11080003000200
0D010B0009000B11
0D000D110D000B00
0B000C000D120D00
0C00080007000A00
0200030008000A00
0888066600000200
0000000002220100
0001000100010000
0666000100010001
0111011102220000
0200040000000999
0B000D2305000200
0F110F230D000600
0D0009000C000E12
0C000C000A000D00
090008000C000F55
0200020007000900
0000066600000200
0000098908880111
0001000100010555
0888033300010001
0999011103330000
0200020000000111
08000B000F340300
0F110F660E000900
0C110E110C000A00
0E110E010C000B00
0B1109110A000C00
0200020003000E23
0222066600000400
0CCC099902110000
0001000100010001
0333033300000001
0888010001110222
0200010002000000
09000C1109000400
0F230E010D000900
0E110C000B000E23
0E110D000A000C01
090006000A000E01
0200020004000901
0111044406540200
0001033300000111
0001000100010001
0001000100010001
0001000100010001
0001000100010001
0001000100010001
0001000100010001
0001000100010001
0001000100010001
0001000100010001
0001000100010001
0001000100010001
0001000100010001
0001000100010001
0001000100010001
0001000100010001
0001000100010001
0001000100010001
0001000100010001
0001000100010001
0001000100010001
0001000100010001
0001000100010001
0001000100010001
0001000100010001
0001000100010001
0001000100010001
0001000100010001
0001000100010001
0001000100010001
0001000100010001
0001000100010001
0001000100010001
0001000100010001
0001000100010001
0001000100010001
0001000100010001
0001000100010001
0001000100010001
0001000100010001
0001000100010001
0001000100010001
0001000100010001
0001000100010001
0001000100010001
0001000100010001
0001000100010001
0001000100010001
0001000100010001
0001000100010001
0001000100010001
0001000100010001
0001000100010001
0001000100010001
0001000100010001
0001000100010001
0001000100010001
0001000100010001
0001000100010001
0001000100010001
0001000100010001
0001000100010001
0001000100010001
0001000100010001
0001000100010001
0001000100010001
0001000100010001
0001000100010001
0001000100010001
0001000100010001
0001000100010001
0001000100010001
0001000100010001
0001000100010001
0001000100010001
0001000100010001
0001000100010001
0001000100010001
0001000100010001
0001000100010001
0001000100010001
0001000100010001
0001000100010001
0001000100010001
0001000100010001
0001000100010001
0001000100010001
0001000100010001
0001000100010001
0001000100010001
0001000100010001
0001000100010001
0001000100010001
0001000100010001
0001000100010001
0001000100010001
0001000100010001
0001000100010001
0001000100010001
0001000100010001
0001000100010001
0001000100010001
0001000100010001
0555011101110777
0200010001000777
0F550C000F880300
0F330F770F340A00
00010F660F550F44
0F770F450F660E11
0B000E230FCC0E11
04000D220FBB0F77
0888000003000200
0000021101110100
0001000100000111
0001000100010001
0111011100000BBB
0100030000000999
0F440C110E550300
0F330E020F130F44
0FBB0F440D110FCC
0D110E110F770E11
0F670D110C110F76
030006000F990D11
0878000002000100
0000000002220000
0001000100010000
0656000100010001
0655011102220000
0200020007100232
0F990A000F880500
0E010F880F330900
0F550C000F330F45
0E110F770D000F55
0F560D120D010001
030004000E340D33
0211054402000200
0000088809890110
0001000100010555
0888044400010001
09AA010003330000
0300010003000100
0C220B000F550C11
0F330FBB0F010E44
0F550E330F760D00
0F9800010E010F44
0F450A110F770D00
020004000E330E34
0555021101000200
0001099902110100
0001000100010001
0333033300000001
0878011101100211
0400020001000000
0E220F880D120F55
0FCC0FCC0F990D00
00010F220C110F55
0F6500010E000F34
0C110A110F660E33
030003000C120FBB
0100088801110100
0001033300000211
0001000100010001
0001000100010001
0001000100010001
0001000100010001
0001000100010001
0001000100010001
0001000100010001
0001000100010001
0001000100010001
0001000100010001
0001000100010001
0001000100010001
0001000100010001
0001000100010001
0001000100010001
0001000100010001
0001000100010001
0001000100010001
0001000100010001
0001000100010001
0001000100010001
0001000100010001
0001000100010001
0001000100010001
0001000100010001
0001000100010001
0001000100010001
0001000100010001
0001000100010001
0001000100010001
0001000100010001
0001000100010001
0001000100010001
0001000100010001
0001000100010001
0001000100010001
0001000100010001
0001000100010001
0001000100010001
0001000100010001
0001000100010001
0001000100010001
0001000100010001
0001000100010001
0001000100010001
0001000100010001
0001000100010001
0001000100010001
0001000100010001
0001000100010001
0001000100010001
0001000100010001
0001000100010001
0001000100010001
0001000100010001
0001000100010001
0001000100010001
0001000100010001
0001000100010001
0001000100010001
0001000100010001
0001000100010001
0001000100010001
0001000100010001
0001000100010001
0001000100010001
0001000100010001
0001000100010001
0001000100010001
0001000100010001
0001000100010001
0001000100010001
0001000100010001
0001000100010001
0001000100010001
0001000100010001
0001000100010001
0001000100010001
0001000100010001
0001000100010001
0001000100010001
0001000100010001
0001000100010001
0001000100010001
0001000100010001
0001000100010001
0001000100010001
0001000100010001
0001000100010001
0001000100010001
0001000100010001
0001000100010001
0001000100010001
0001000100010001
0001000100010001
0001000100010001
0001000100010001
0001000100010001
0001000100010001
0001000100010001
0001000100010001
0001000100010001
0666011101110777
0400010001000100
0E3409000E230800
0B000F120F980C00
0F770F220D110E33
0E110E340E110F01
0A000C010E330B00
050009000C110D22
0777010002000300
0000021101110000
0001000100000111
0001000100010001
0777021100000AAA
0200020002000222
0D2209000B110700
0F880F550D110B00
0E220E120C000F87
0D110D000E120C00
0E450D230E330F99
08000C010E670B11
0666000002000200
0000010002220000
0001000100010000
0555000100010001
0777000002220000
0700020001000000
0F5609000B120700
0B000D0100010900
0F330E440F780F34
0C000F120D000F99
0E340B110D120F55
05000E450C120C11
0655033302000200
0000098808880100
0001000100010333
0888044400010001
0666022203330000
0500020002000200
0B110C110F560E22
0E340E330E110C12
0E330D110F440D00
0C010F330E110E44
0E340A010E330B00
03000E440A000B11
0767010001000200
0001099802110000
0001000100010001
0333033300000001
0887033300000111
0911030001000200
0D120E3409000B11
0E110E010F980E01
0E010C000C010E22
0E110F550E000E12
0B010B110E450C11
03000C340B000E55
0000077700000200
0001033300000211
0001000100010001
0001000100010001
0001000100010001
0001000100010001
0001000100010001
0001000100010001
0001000100010001
0001000100010001
0001000100010001
0001000100010001
0001000100010001
0001000100010001
0001000100010001
0001000100010001
0001000100010001
0001000100010001
0001000100010001
0001000100010001
0001000100010001
0001000100010001
0001000100010001
0001000100010001
0001000100010001
0001000100010001
0001000100010001
0001000100010001
0001000100010001
0001000100010001
0001000100010001
0001000100010001
0001000100010001
0001000100010001
0001000100010001
0001000100010001
0001000100010001
0001000100010001
0001000100010001
0001000100010001
0001000100010001
0001000100010001
0001000100010001
0001000100010001
0001000100010001
0001000100010001
0001000100010001
0001000100010001
0001000100010001
0001000100010001
0001000100010001
0001000100010001
0001000100010001
0001000100010001
0001000100010001
0001000100010001
0001000100010001
0001000100010001
0001000100010001
0001000100010001
0001000100010001
0001000100010001
0001000100010001
0001000100010001
0001000100010001
0001000100010001
0001000100010001
0001000100010001
0001000100010001
0001000100010001
0001000100010001
0001000100010001
0001000100010001
0001000100010001
0001000100010001
0001000100010001
0001000100010001
0001000100010001
0001000100010001
0001000100010001
0001000100010001
0001000100010001
0001000100010001
0001000100010001
0001000100010001
0001000100010001
0001000100010001
0001000100010001
0001000100010001
0001000100010001
0001000100010001
0001000100010001
0001000100010001
0001000100010001
0001000100010001
0001000100010001
0001000100010001
0001000100010001
0001000100010001
0001000100010001
0001000100010001
0001000100010001
0001000100010001
0001000100010001
0767032201110777
0700020001000100
0E440A000F440D22
0D000E220FBA0D00
0F990F230F230F55
0F220F770F230F00
0E120E230F550B00
0F440A000F760FA9
0666020002000500
0000011101110000
0001000100000111
0001000100010001
0888021100000AAA
0200010001000000
0F550A110D230F33
0F440D120F450E12
0F980F230D000F65
0E220E000F440C00
0F660C110E330E34
0C220A000E550C11
0555010002000200
0000010002220111
0001000100010000
0555000100010001
0555000002220000
0B12020001000000
0F5509000D340900
0D000F120F760900
0D010E220F550F11
0C000F230D000E33
0F440F340C120F55
06000F880B010D22
0777011102000200
0000098808880100
0001000100010333
0888044400010001
0222087703330000
0901030001000000
0D110C010F770800
0E550F230B000E33
0F340E120F990F11
0B110F450F870F89
0F770C110F450B00
03000F660A010C22
0777010001000200
0001099802110000
0001000100010001
0333033300000001
0211087700000111
0E33050001000200
0E440F990A000D23
0F120E010FBA0E23
0F440E000D110F55
0D110F230F010F76
0C110E220F660D11
03000E450A000E66
0000066601000200
0001033300000111
0001000100010001
0001000100010001
0001000100010001
0001000100010001
0001000100010001
0001000100010001
0001000100010001
0001000100010001
0001000100010001
0001000100010001
0001000100010001
0001000100010001
0001000100010001
0001000100010001
0001000100010001
0001000100010001
0001000100010001
0001000100010001
0001000100010001
0001000100010001
0001000100010001
0001000100010001
0001000100010001
0001000100010001
0001000100010001
0001000100010001
0001000100010001
0001000100010001
0001000100010001
0001000100010001
0001000100010001
0001000100010001
0001000100010001
0001000100010001
0001000100010001
0001000100010001
0001000100010001
0001000100010001
0001000100010001
0001000100010001
0001000100010001
0001000100010001
0001000100010001
0001000100010001
0001000100010001
0001000100010001
0001000100010001
0001000100010001
0001000100010001
0001000100010001
0001000100010001
0001000100010001
0001000100010001
0001000100010001
0001000100010001
0001000100010001
0001000100010001
0001000100010001
0001000100010001
0001000100010001
0001000100010001
0001000100010001
0001000100010001
0001000100010001
0001000100010001
0001000100010001
0001000100010001
0001000100010001
0001000100010001
0001000100010001
0001000100010001
0001000100010001
0001000100010001
0001000100010001
0001000100010001
0001000100010001
0001000100010001
0001000100010001
0001000100010001
0001000100010001
0001000100010001
0001000100010001
0001000100010001
0001000100010001
0001000100010001
0001000100010001
0001000100010001
0001000100010001
0001000100010001
0001000100010001
0001000100010001
0001000100010001
0001000100010001
0001000100010001
0001000100010001
0001000100010001
0001000100010001
0001000100010001
0001000100010001
0001000100010001
0001000100010001
0001000100010001
0666043301110766
0C33030001000100
0E450A000F560D33
0D000F340E330C00
0F440E120F120001
0E120F330FBB0F23
0E330F660E330C00
0E650B000D330E55
0555020003000500
0100021101110000
0001000100000111
0001000100010001
0887021100000AAA
0700010001000000
0D220A000D230F99
0E110E230D110D12
0E220F440E000001
0F980F330F990C00
0F660D120E230E12
0F6709000F670C11
0433010002000200
0000010002110111
0001000100010000
0555000100010001
0444011102220000
0F77020002000100
0F6709000E340900
0E450E120F450A00
0F230E330F550001
0D000F330D000F88
0E330D110C110F66
0A120F670C120D22
0655010002000300
0000099907660000
0001000100010333
0777044400010001
0111076603330000
0F98030001000000
0E550D230F780A00
0E780F340C010D12
0F440E010F550F33
0C110F340F220E12
00010F670F340C01
06000F560B110D22
0555010002000300
0001099802110000
0001000100010001
0222033300000001
0000077700000111
0E330B1203000100
0D110F660A000D12
0F660E340F430C00
0F320C000C000F33
0E120E110E010FBB
0C010E230FCB0D00
03000F780B000E67
0100054402000300
0001033300000111
0001000100010001
0001000100010001
0001000100010001
0001000100010001
0001000100010001
0001000100010001
0001000100010001
0001000100010001
0001000100010001
0001000100010001
0001000100010001
0001000100010001
0001000100010001
0001000100010001
0001000100010001
0001000100010001
0001000100010001
0001000100010001
0001000100010001
0001000100010001
0001000100010001
0001000100010001
0001000100010001
0001000100010001
0001000100010001
0001000100010001
0001000100010001
0001000100010001
0001000100010001
0001000100010001
0001000100010001
0001000100010001
0001000100010001
0001000100010001
0001000100010001
0001000100010001
0001000100010001
0001000100010001
0001000100010001
0001000100010001
0001000100010001
0001000100010001
0001000100010001
0001000100010001
0001000100010001
0001000100010001
0001000100010001
0001000100010001
0001000100010001
0001000100010001
0001000100010001
0001000100010001
0001000100010001
0001000100010001
0001000100010001
0001000100010001
0001000100010001
0001000100010001
0001000100010001
0001000100010001
0001000100010001
0001000100010001
0001000100010001
0001000100010001
0001000100010001
0001000100010001
0001000100010001
0001000100010001
0001000100010001
0001000100010001
0001000100010001
0001000100010001
0001000100010001
0001000100010001
0001000100010001
0001000100010001
0001000100010001
0001000100010001
0001000100010001
0001000100010001
0001000100010001
0001000100010001
0001000100010001
0001000100010001
0001000100010001
0001000100010001
0001000100010001
0001000100010001
0001000100010001
0001000100010001
0001000100010001
0001000100010001
0001000100010001
0001000100010001
0001000100010001
0001000100010001
0001000100010001
0001000100010001
0001000100010001
0001000100010001
0001000100010001
0001000100010001
0655043301110767
0700030001000100
0C0108000B010900
0D0009000C000800
0E110E000F000F55
0E000E110C000E00
0C010E330F110D00
0B0109000B000C11
0544020002000500
0100011101110100
0001000100000111
0001000100010001
0766021100000AAA
0400020001000000
0C0008000A000B10
09000D010D000D10
0E000F110F000D00
0C000E000F550D00
0B000C000E000B00
0B0006000B000800
0322020002000300
0000000001110111
0001000100010000
0555000100010001
0333011102220000
0A00020002000100
0B00070009000500
0D000D000F220800
0D000D000D000D00
0F330F990E000E00
0D000C000A000C00
07000B0108000B00
0544010002000200
0000099906550000
0001000100010333
0777033300010001
0100076603330000
0B00030002000100
0D220B000B000600
0D110B000B000C00
0E000E000E010D00
0C000D000A000F01
0C110C000E010D00
04000B0007000A00
0544010002000300
0001099902100000
0001000100010001
0222033300000001
0100077600000111
0900070003000100
0A000D1108000900
0F880F440C000A00
0D000D000E000F01
0A000F110F000F65
08000C000D330900
03000C1106000B00
0111043302000200
0001033300000100
0001000100010001
0001000100010001
0001000100010001
0001000100010001
0001000100010001
0001000100010001
0001000100010001
0001000100010001
0001000100010001
0001000100010001
0001000100010001
0001000100010001
0001000100010001
0001000100010001
0001000100010001
0001000100010001
0001000100010001
0001000100010001
0001000100010001
0001000100010001
0001000100010001
0001000100010001
0001000100010001
0001000100010001
0001000100010001
0001000100010001
0001000100010001
0001000100010001
0001000100010001
0001000100010001
0001000100010001
0001000100010001
0001000100010001
0001000100010001
0001000100010001
0001000100010001
0001000100010001
0001000100010001
0001000100010001
0001000100010001
0001000100010001
0001000100010001
0001000100010001
0001000100010001
0001000100010001
0001000100010001
0001000100010001
0001000100010001
0001000100010001
0001000100010001
0001000100010001
0001000100010001
0001000100010001
0001000100010001
0001000100010001
0001000100010001
0001000100010001
0001000100010001
0001000100010001
0001000100010001
0001000100010001
0001000100010001
0001000100010001
0001000100010001
0001000100010001
0001000100010001
0001000100010001
0001000100010001
0001000100010001
0001000100010001
0001000100010001
0001000100010001
0001000100010001
0001000100010001
0001000100010001
0001000100010001
0001000100010001
0001000100010001
0001000100010001
0001000100010001
0001000100010001
0001000100010001
0001000100010001
0001000100010001
0001000100010001
0001000100010001
0001000100010001
0001000100010001
0001000100010001
0001000100010001
0001000100010001
0001000100010001
0001000100010001
0001000100010001
0001000100010001
0001000100010001
0001000100010001
0001000100010001
0001000100010001
0001000100010001
0001000100010001
0001000100010001
0555033301110777
0C33030001000100
0FBB0D000F880F44
0E010F440F880E00
000100010F9A0F66
00010F660F220E11
0D010E110FAA0F44
0F980C010F880F88
0321020002000700
0000021101110100
0001000100000111
0001000100010001
0655021100000AAA
0600020001000100
0F660D110F560F98
0D000F670F980001
0F9800010E000F99
0F880D000FAA0E00
0F990E550F990F77
0F770B000F990E22
0311020002000300
0000000001110111
0001000100010000
0555000100010001
0332011102220000
0F77020002000100
0F990C010F560C11
0E0000010F880A00
0F010F330E120F45
0E100F880E000001
00010F220C000FAA
0E330F770E230E22
0333010003000200
00000A9906550000
0001000100010555
0777033300010001
0100066603330000
0F66030002000100
0E330C110F880B00
0E440F550F660F67
00010E550F560D00
0F780F450E010F33
0F880C110F880F77
07000F770D220E33
0322010002000300
0BBB099902110000
0001000100010001
0222033300000001
0100065500000111
0F440C2204000100
0F2200010E230F55
0F340F010F770D01
0F660E000FAA0001
0F110FBB0F000001
0D110E330F670F33
03000F990C000F99
0100032202000200
0001033300000200
0001000100010001
0001000100010001
0001000100010001
0001000100010001
0001000100010001
0001000100010001
0001000100010001
0001000100010001
0001000100010001
0001000100010001
0001000100010001
0001000100010001
0001000100010001
0001000100010001
0001000100010001
0001000100010001
0001000100010001
0001000100010001
0001000100010001
0001000100010001
0001000100010001
0001000100010001
0001000100010001
0001000100010001
0001000100010001
0001000100010001
0001000100010001
0001000100010001
0001000100010001
0001000100010001
0001000100010001
0001000100010001
0001000100010001
0001000100010001
0001000100010001
0001000100010001
0001000100010001
0001000100010001
0001000100010001
0001000100010001
0001000100010001
0001000100010001
0001000100010001
0001000100010001
0001000100010001
0001000100010001
0001000100010001
0001000100010001
0001000100010001
0001000100010001
0001000100010001
0001000100010001
0001000100010001
0001000100010001
0001000100010001
0001000100010001
0001000100010001
0001000100010001
0001000100010001
0001000100010001
0001000100010001
0001000100010001
0001000100010001
0001000100010001
0001000100010001
0001000100010001
0001000100010001
0001000100010001
0001000100010001
0001000100010001
0001000100010001
0001000100010001
0001000100010001
0001000100010001
0001000100010001
0001000100010001
0001000100010001
0001000100010001
0001000100010001
0001000100010001
0001000100010001
0001000100010001
0001000100010001
0001000100010001
0001000100010001
0001000100010001
0001000100010001
0001000100010001
0001000100010001
0001000100010001
0001000100010001
0001000100010001
0001000100010001
0001000100010001
0001000100010001
0001000100010001
0001000100010001
0001000100010001
0001000100010001
0001000100010001
0001000100010001
0001000100010001
0555032201110766
0800030002000100
0D110A000C110B01
0B000B000E230C00
0E000F330E110E01
0F110D000C000D00
0A000B000E110E00
0B0109000C110D22
0200020002000400
0000021102110000
0001000100000111
0001000100010001
0555021100000AAA
0400020001000100
0A0009000A000B11
0C000C000D010C00
0E000E110C000D00
0C000A000D000C00
0B000A000E000B00
0B1106000B010800
0200020002000300
0000000001110100
0001000100010000
0555000100010001
0322011102220000
0B11030002000100
0C0106000B000500
0B000E010E120700
0F010E000E000C00
0B000D000C000E00
0E000C0109000C00
08010B0108000A00
0211010003000200
00000A9907560000
0001000100010555
0666033300010001
0100054403330000
0A01030002000100
0A0009000B110700
0B000B000D000D00
0D000E000D010D00
0C000C000D000D00
0C0009000B000C00
04000B0107000700
0200010002000300
0BBB099902110000
0001000100010001
0222033300000001
0100043300000111
0800060004000100
0D000F4408000800
0D010A0009000C00
0C000D000F000E00
0C000D000C000E01
0A000F440D120B00
04000C0108000B11
0000021103000200
0001033300000211
0001000100010001
0001000100010001
0001000100010001
0001000100010001
0001000100010001
0001000100010001
0001000100010001
0001000100010001
0001000100010001
0001000100010001
0001000100010001
0001000100010001
0001000100010001
0001000100010001
0001000100010001
0001000100010001
0001000100010001
0001000100010001
0001000100010001
0001000100010001
0001000100010001
0001000100010001
0001000100010001
0001000100010001
0001000100010001
0001000100010001
0001000100010001
0001000100010001
0001000100010001
0001000100010001
0001000100010001
0001000100010001
0001000100010001
0001000100010001
0001000100010001
0001000100010001
0001000100010001
0001000100010001
0001000100010001
0001000100010001
0001000100010001
0001000100010001
0001000100010001
0001000100010001
0001000100010001
0001000100010001
0001000100010001
0001000100010001
0001000100010001
0001000100010001
0001000100010001
0001000100010001
0001000100010001
0001000100010001
0001000100010001
0001000100010001
0001000100010001
0001000100010001
0001000100010001
0001000100010001
0001000100010001
0001000100010001
0001000100010001
0001000100010001
0001000100010001
0001000100010001
0001000100010001
0001000100010001
0001000100010001
0001000100010001
0001000100010001
0001000100010001
0001000100010001
0001000100010001
0001000100010001
0001000100010001
0001000100010001
0001000100010001
0001000100010001
0001000100010001
0001000100010001
0001000100010001
0001000100010001
0001000100010001
0001000100010001
0001000100010001
0001000100010001
0001000100010001
0001000100010001
0001000100010001
0001000100010001
0001000100010001
0001000100010001
0001000100010001
0001000100010001
0001000100010001
0001000100010001
0001000100010001
0001000100010001
0001000100010001
0001000100010001
0001000100010001
0544021101110666
0A11030002000200
0F450C000F660E22
0D000E220F880E11
0F990F560E340F23
0F120F760F010F22
0E000E220E340C00
0E440A000E550F77
0100020002000500
0000021103230000
0001000100000111
0001000100010001
0433021100000AAA
0600020001000100
0F440A000D330F66
0E660F440E440E77
0E220E330D000F55
0F550F0000010E11
0E340D220E450F23
0F450B000F770D01
0100010003000300
0000000001110000
0001000100010000
0555000100010001
0322021102220000
0F45030002000100
0F440D110F560A00
0D010D110F330900
0F0100010F440F55
0E000F440D000FBB
0F560E220D000F66
0C110E230C110C00
0100010003000200
0000099907660000
0001000100010555
0666033300010001
0311043303330000
0E33030002000100
0D110C000FBB0B00
0F560F340C000D12
0F230F1200010F11
0C010F440F440F44
0F450F1100010E00
06000F440C120D12
0200010002000300
0BBB099903220000
0001000100010001
0222033300000001
0100021101000111
0D220A1103000100
0F340F560B000D12
0E120F330F540D00
0E000E000FAA0F34
0E220E660D000F44
0C000F550F880E00
04000F770A000E33
0000020003000200
0001033300000211
0001000100010001
0001000100010001
0001000100010001
0001000100010001
0001000100010001
0001000100010001
0001000100010001
0001000100010001
0001000100010001
0001000100010001
0001000100010001
0001000100010001
0001000100010001
0001000100010001
0001000100010001
0001000100010001
0001000100010001
0001000100010001
0001000100010001
0001000100010001
0001000100010001
0001000100010001
0001000100010001
0001000100010001
0001000100010001
0001000100010001
0001000100010001
0001000100010001
0001000100010001
0001000100010001
0001000100010001
0001000100010001
0001000100010001
0001000100010001
0001000100010001
0001000100010001
0001000100010001
0001000100010001
0001000100010001
0001000100010001
0001000100010001
0001000100010001
0001000100010001
0001000100010001
0001000100010001
0001000100010001
0001000100010001
0001000100010001
0001000100010001
0001000100010001
0001000100010001
0001000100010001
0001000100010001
0001000100010001
0001000100010001
0001000100010001
0001000100010001
0001000100010001
0001000100010001
0001000100010001
0001000100010001
0001000100010001
0001000100010001
0001000100010001
0001000100010001
0001000100010001
0001000100010001
0001000100010001
0001000100010001
0001000100010001
0001000100010001
0001000100010001
0001000100010001
0001000100010001
0001000100010001
0001000100010001
0001000100010001
0001000100010001
0001000100010001
0001000100010001
0001000100010001
0001000100010001
0001000100010001
0001000100010001
0001000100010001
0001000100010001
0001000100010001
0001000100010001
0001000100010001
0001000100010001
0001000100010001
0001000100010001
0001000100010001
0001000100010001
0001000100010001
0001000100010001
0001000100010001
0001000100010001
0001000100010001
0001000100010001
0001000100010001
0001000100010001
0322011101110666
0D23030001000411
0F450C000F880D22
0E220FAB0F440B00
0F560E220E220E23
0E120F220FAA0F45
0F440F770F770C00
0F660A000F340F77
0000020002000600
0000021103330000
0001000100000111
0001000100010001
0211021100000AAA
0700020001000200
0F450B000E340F77
0D010F120F230E22
0E120F230D000F44
0D110F000E220E00
0F440C110D120E45
0F670C000E560D12
0100010004000300
0000000002110000
0001000100010000
0555000100010001
0432021102220000
0F67030001000100
0FBB0C000F450C00
0D010E120F780C00
0F120F220F110F56
0E010F230E010F12
0F330E230E010FBB
0D330F670C220C11
0000020004000200
01000A9907660000
0001000100010555
0666033300010001
0432010003330000
0F77040002000100
0D110D110F770B00
0E220F340D000F67
0FBA0F890F330E00
0C010F340E000F66
0F560D110F770E12
06000F890C120B01
0000010002000300
0BBB099903330000
0001000100010001
0222033300000001
0200010001110111
0D120C1203000100
0E230F550A000E34
0F120E120F870F22
0F660F0100010F45
0E110F440E000F33
0C010E230F770E12
04000F880A000F77
0000010003000300
0001033300000311
0001000100010001
0001000100010001
0001000100010001
0001000100010001
0001000100010001
0001000100010001
0001000100010001
0001000100010001
0001000100010001
0001000100010001
0001000100010001
0001000100010001
0001000100010001
0001000100010001
0001000100010001
0001000100010001
0001000100010001
0001000100010001
0001000100010001
0001000100010001
0001000100010001
0001000100010001
0001000100010001
0001000100010001
0001000100010001
0001000100010001
0001000100010001
0001000100010001
0001000100010001
0001000100010001
0001000100010001
0001000100010001
0001000100010001
0001000100010001
0001000100010001
0001000100010001
0001000100010001
0001000100010001
0001000100010001
0001000100010001
0001000100010001
0001000100010001
0001000100010001
0001000100010001
0001000100010001
0001000100010001
0001000100010001
0001000100010001
0001000100010001
0001000100010001
0001000100010001
0001000100010001
0001000100010001
0001000100010001
0001000100010001
0001000100010001
0001000100010001
0001000100010001
0001000100010001
0001000100010001
0001000100010001
0001000100010001
0001000100010001
0001000100010001
0001000100010001
0001000100010001
0001000100010001
0001000100010001
0001000100010001
0001000100010001
0001000100010001
0001000100010001
0001000100010001
0001000100010001
0001000100010001
0001000100010001
0001000100010001
0001000100010001
0001000100010001
0001000100010001
0001000100010001
0001000100010001
0001000100010001
0001000100010001
0001000100010001
0001000100010001
0001000100010001
0001000100010001
0001000100010001
0001000100010001
0001000100010001
0001000100010001
0001000100010001
0001000100010001
0001000100010001
0001000100010001
0001000100010001
0001000100010001
0001000100010001
0001000100010001
0001000100010001
0001000100010001
0221011101110666
0A11030001000411
0D1209000E440C12
0F110F880E010800
0E220D010E120E11
0E110F220F550F23
0E220E440E330C00
0F760A000C110E33
0000010003000500
0000021103330000
0001000100000111
0001000100010001
0100022100000AAA
0500020001000422
0D220A000C220E44
0D110E340E220D22
0F450F9A0E000D22
0E110F1100010F11
0E220C110D110E44
0E550A000E450C11
0000010005000200
0000000002220000
0001000100010000
0555000100010001
0311021102220000
0F55030001000100
0F8809000E340A00
0E110D010E230B00
0E110F330D010D11
0E110D000C000F12
0D120B010E010001
0C220E440C110C11
0000010002000200
01000A9907670000
0001000100010555
0666033300010001
0533011103330000
0E44040002000000
0D110B110E330A00
0E110D110D000F45
0F880F550E220C00
0D110E110E000E44
0E230B110E550B00
05000F550C110A01
0000010001000400
0BBB099903330000
0001000100010001
0222032200000001
0421000001110111
0C120C1203000100
0D110D2309000D23
0D010E110F870F55
0F990E010F660E22
0C010F220F000F44
0A000B110E220C00
03000E5509000D43
0000000004000200
0001033300000311
0001000100010001
0001000100010001
0001000100010001
0001000100010001
0001000100010001
0001000100010001
0001000100010001
0001000100010001
0001000100010001
0001000100010001
0001000100010001
0001000100010001
0001000100010001
0001000100010001
0001000100010001
0001000100010001
0001000100010001
0001000100010001
0001000100010001
0001000100010001
0001000100010001
0001000100010001
0001000100010001
0001000100010001
0001000100010001
0001000100010001
0001000100010001
0001000100010001
0001000100010001
0001000100010001
0001000100010001
0001000100010001
0001000100010001
0001000100010001
0001000100010001
0001000100010001
0001000100010001
0001000100010001
0001000100010001
0001000100010001
0001000100010001
0001000100010001
0001000100010001
0001000100010001
0001000100010001
0001000100010001
0001000100010001
0001000100010001
0001000100010001
0001000100010001
0001000100010001
0001000100010001
0001000100010001
0001000100010001
0001000100010001
0001000100010001
0001000100010001
0001000100010001
0001000100010001
0001000100010001
0001000100010001
0001000100010001
0001000100010001
0001000100010001
0001000100010001
0001000100010001
0001000100010001
0001000100010001
0001000100010001
0001000100010001
0001000100010001
0001000100010001
0001000100010001
0001000100010001
0001000100010001
0001000100010001
0001000100010001
0001000100010001
0001000100010001
0001000100010001
0001000100010001
0001000100010001
0001000100010001
0001000100010001
0001000100010001
0001000100010001
0001000100010001
0001000100010001
0001000100010001
0001000100010001
0001000100010001
0001000100010001
0001000100010001
0001000100010001
0001000100010001
0001000100010001
0001000100010001
0001000100010001
0001000100010001
0001000100010001
0001000100010001
0001000100010001
0111021101110666
0300030001000522
0F660C000F770A11
0D000FCB0F330B00
0F550F330F560FBB
0F9800010F110E00
0D110D110FAA0D00
06000D120F560F88
0000010004000300
0100010003220000
0001000100000111
0001000100010001
0110022200000AAA
0300020001000533
0F770B110F560600
0C010E230E230E45
0F340F770E110F99
0E220E000F870E00
0F770F440E120FCC
05000C120F780E34
0000020004000200
0000000003220000
0001000100010000
0544000100010001
0100021103220000
0400020001000421
0F670C110F450A01
0F660F660F880A00
0E120F660D010D01
0E000F660E010F88
0F770E220F220F99
02000C120E440B00
0000010001000300
0101055506660211
0001000100010555
0777044400010001
0422011103330000
0400030001000100
0D120B000E220FA9
0F440F990E000F45
0F440E220F770E00
0E1100010E000F45
0F880B010F670E22
02000B010F440D12
0000010001000400
0CBB098803330110
0001000100010001
0222032200000001
0422010001110111
0800040002000100
0F880F770A000F77
0F550E230F760E11
0F230D000E220FAA
0E120FBB0F110001
0C110E330F770C11
030009000D110FBB
0000000001000400
0001033300000311
0001000100010001
0001000100010001
0001000100010001
0001000100010001
0001000100010001
0001000100010001
0001000100010001
0001000100010001
0001000100010001
0001000100010001
0001000100010001
0001000100010001
0001000100010001
0001000100010001
0001000100010001
0001000100010001
0001000100010001
0001000100010001
0001000100010001
0001000100010001
0001000100010001
0001000100010001
0001000100010001
0001000100010001
0001000100010001
0001000100010001
0001000100010001
0001000100010001
0001000100010001
0001000100010001
0001000100010001
0001000100010001
0001000100010001
0001000100010001
0001000100010001
0001000100010001
0001000100010001
0001000100010001
0001000100010001
0001000100010001
0001000100010001
0001000100010001
0001000100010001
0001000100010001
0001000100010001
0001000100010001
0001000100010001
0001000100010001
0001000100010001
0001000100010001
0001000100010001
0001000100010001
0001000100010001
0001000100010001
0001000100010001
0001000100010001
0001000100010001
0001000100010001
0001000100010001
0001000100010001
0001000100010001
0001000100010001
0001000100010001
0001000100010001
0001000100010001
0001000100010001
0001000100010001
0001000100010001
0001000100010001
0001000100010001
0001000100010001
0001000100010001
0001000100010001
0001000100010001
0001000100010001
0001000100010001
0001000100010001
0001000100010001
0001000100010001
0001000100010001
0001000100010001
0001000100010001
0001000100010001
0001000100010001
0001000100010001
0001000100010001
0001000100010001
0001000100010001
0001000100010001
0001000100010001
0001000100010001
0001000100010001
0001000100010001
0001000100010001
0001000100010001
0001000100010001
0001000100010001
0001000100010001
0001000100010001
0001000100010001
0001000100010001
0001000100010001
0111021101110666
0300010001000411
0C0009000D230400
0A000D000E550A00
0D000E330E330D00
0F010F110C000B00
08000A000D010C00
040007000B010B00
0000010001000200
0100010003220100
0001000100000111
0001000100010001
0111022200000AAA
0200010002100211
0B1108000A120400
0C000B110B000900
0D010E010D000D00
0D120C000D010E00
0B0009000A000D01
030004000C010900
0000000001000200
0000000003220000
0001000100010000
0544000100010001
0110021103330000
0200020001000422
0B0006000C010300
0B000D000F340700
0D010B000D010B00
09000F770D000D11
0A0008000A000C01
0200030008000700
0000000002000400
0000066606670222
0001000100010444
0666044400010001
0322021103330000
0400020001000322
070008000A010900
0B000E440C000900
0C000C000D110B00
0C000F450D000B00
0B0007000B000B00
020003000A000800
0000000001000300
0CBC088804330211
0001000100010001
0222033300000001
0210021101110111
0400030002000200
0A000C1107000B01
0F660D110C000B00
0C000C000C000D00
0B000F660E000D01
09000A000B000A00
0200040007000D11
0100000001000500
0001033300000222
0001000100010001
0001000100010001
0001000100010001
0001000100010001
0001000100010001
0001000100010001
0001000100010001
0001000100010001
0001000100010001
0001000100010001
0001000100010001
0001000100010001
0001000100010001
0001000100010001
0001000100010001
0001000100010001
0001000100010001
0001000100010001
0001000100010001
0001000100010001
0001000100010001
0001000100010001
0001000100010001
0001000100010001
0001000100010001
0001000100010001
0001000100010001
0001000100010001
0001000100010001
0001000100010001
0001000100010001
0001000100010001
0001000100010001
0001000100010001
0001000100010001
0001000100010001
0001000100010001
0001000100010001
0001000100010001
0001000100010001
0001000100010001
0001000100010001
0001000100010001
0001000100010001
0001000100010001
0001000100010001
0001000100010001
0001000100010001
0001000100010001
0001000100010001
0001000100010001
0001000100010001
0001000100010001
0001000100010001
0001000100010001
0001000100010001
0001000100010001
0001000100010001
0001000100010001
0001000100010001
0001000100010001
0001000100010001
0001000100010001
0001000100010001
0001000100010001
0001000100010001
0001000100010001
0001000100010001
0001000100010001
0001000100010001
0001000100010001
0001000100010001
0001000100010001
0001000100010001
0001000100010001
0001000100010001
0001000100010001
0001000100010001
0001000100010001
0001000100010001
0001000100010001
0001000100010001
0001000100010001
0001000100010001
0001000100010001
0001000100010001
0001000100010001
0001000100010001
0001000100010001
0001000100010001
0001000100010001
0001000100010001
0001000100010001
0001000100010001
0001000100010001
0001000100010001
0001000100010001
0001000100010001
0001000100010001
0001000100010001
0001000100010001
0001000100010001
0111011101110556
0200010005220100
0E440C000E550300
0B000E230E660C11
0F540F550F670E23
0E330F550E220E11
0C000D120F660E12
030007000E440F76
0000000001000400
0110000003330211
0001000100000111
0001000100010001
0211022200000AAA
0200020004220000
0E220A000A120300
0D010E770C000C22
00010F220D010C01
0E440E230E440E01
0E440E340B000E33
020004000F670D12
0000000002000400
0000000002220211
0001000100010000
0555000100010001
0211021103330000
0200010004220100
0E440B010E330400
0D120C010FA90B00
0E110F220F550D12
0B000F990D010E23
0E440D120B110E33
030002000C120D12
0000000001000200
0000066607770222
0001000100010444
0666044400010001
0100021103330000
0300010002110432
0B110A000E550400
0E330FBA0E000D33
0F230E110F760E01
0D110F560C000E34
0E440B000F440C01
020003000B110C11
0000000000000100
0CBB077704440211
0001000100010001
0222033300000001
0000021101110111
0300020001000422
0D220F440A000C33
0E660E440D220900
0D110E000E230F22
0C110F550C000E34
0C110D120F440C00
0200020008000F77
0211000000000200
0001032200000211
0001000100010001
0001000100010001
0001000100010001
0001000100010001
0001000100010001
0001000100010001
0001000100010001
0001000100010001
0001000100010001
0001000100010001
0001000100010001
0001000100010001
0001000100010001
0001000100010001
0001000100010001
0001000100010001
0001000100010001
0001000100010001
0001000100010001
0001000100010001
0001000100010001
0001000100010001
0001000100010001
0001000100010001
0001000100010001
0001000100010001
0001000100010001
0001000100010001
0001000100010001
0001000100010001
0001000100010001
0001000100010001
0001000100010001
0001000100010001
0001000100010001
0001000100010001
0001000100010001
0001000100010001
0001000100010001
0001000100010001
0001000100010001
0001000100010001
0001000100010001
0001000100010001
0001000100010001
0001000100010001
0001000100010001
0001000100010001
0001000100010001
0001000100010001
0001000100010001
0001000100010001
0001000100010001
0001000100010001
0001000100010001
0001000100010001
0001000100010001
0001000100010001
0001000100010001
0001000100010001
0001000100010001
0001000100010001
0001000100010001
0001000100010001
0001000100010001
0001000100010001
0001000100010001
0001000100010001
0001000100010001
0001000100010001
0001000100010001
0001000100010001
0001000100010001
0001000100010001
0001000100010001
0001000100010001
0001000100010001
0001000100010001
0001000100010001
0001000100010001
0001000100010001
0001000100010001
0001000100010001
0001000100010001
0001000100010001
0001000100010001
0001000100010001
0001000100010001
0001000100010001
0001000100010001
0001000100010001
0001000100010001
0001000100010001
0001000100010001
0001000100010001
0001000100010001
0001000100010001
0001000100010001
0001000100010001
0001000100010001
0001000100010001
0001000100010001
0111011101110666
0200052201000211
00010B1103000200
0B000F450E440B00
00010F220F230F34
0C110F340F660F22
0D220E440F880B00
0200030004000F76
0000000001000300
0111000003330211
0001000100000111
0001000100010001
0211022200000AAA
0100042201000100
0F87060003000200
0E230E340E550FBB
0F660FBA0D000E23
0D110D010FCB0D00
0FAA0E3409000F44
0200020003000E33
0000000000000200
0000000002220211
0001000100010000
0555000100010001
0211021103330000
0200021102110000
0F770E4403000200
0C120C010F550C11
0F2200010F220A00
0C000F440B000F77
0FBA0E340C010F88
0200020002000900
0111000000000200
0000066607770222
0001000100010444
0767033300010001
0211021103330000
0200010003220100
0D330D010C120300
0E440F450B000E33
00010FAA00010B00
0C010E130B000F33
0F990E1100010B00
0300020003000600
0111000000000000
0BBB066604440211
0001000100010001
0222033300000001
0000021101110111
0300010002110100
0D220F990A010400
0F330D010F880900
0E540FCC0FBA0C00
0D220F340B000F99
0E330F3300010C01
0300020003000300
0221000000000100
0001032200000111
0001000100010001
0001000100010001
0001000100010001
0001000100010001
0001000100010001
0001000100010001
0001000100010001
0001000100010001
0001000100010001
0001000100010001
0001000100010001
0001000100010001
0001000100010001
0001000100010001
0001000100010001
0001000100010001
0001000100010001
0001000100010001
0001000100010001
0001000100010001
0001000100010001
0001000100010001
0001000100010001
0001000100010001
0001000100010001
0001000100010001
0001000100010001
0001000100010001
0001000100010001
0001000100010001
0001000100010001
0001000100010001
0001000100010001
0001000100010001
0001000100010001
0001000100010001
0001000100010001
0001000100010001
0001000100010001
0001000100010001
0001000100010001
0001000100010001
0001000100010001
0001000100010001
0001000100010001
0001000100010001
0001000100010001
0001000100010001
0001000100010001
0001000100010001
0001000100010001
0001000100010001
0001000100010001
0001000100010001
0001000100010001
0001000100010001
0001000100010001
0001000100010001
0001000100010001
0001000100010001
0001000100010001
0001000100010001
0001000100010001
0001000100010001
0001000100010001
0001000100010001
0001000100010001
0001000100010001
0001000100010001
0001000100010001
0001000100010001
0001000100010001
0001000100010001
0001000100010001
0001000100010001
0001000100010001
0001000100010001
0001000100010001
0001000100010001
0001000100010001
0001000100010001
0001000100010001
0001000100010001
0001000100010001
0001000100010001
0001000100010001
0001000100010001
0001000100010001
0001000100010001
0001000100010001
0001000100010001
0001000100010001
0001000100010001
0001000100010001
0001000100010001
0001000100010001
0001000100010001
0001000100010001
0001000100010001
0001000100010001
0001000100010001
0001000100010001
0211011101110666
0200011000000211
0900030002000200
09000A000A000800
0E110C000B000B00
0A000A000B000C00
0A000A000B000A00
0100030003000900
0211000000000100
0111011102220221
0001000100000000
0CCC000100010001
0111022200000BBB
0311000000000211
0500030002000100
0A000B0008000C01
0D000C000B000B00
09000B000D000C00
0C010B0008000900
0100020003000700
0100000000000000
0000000002220211
0001000100010000
0555000100010001
0211021103330000
0200032200000100
0D11020002000200
0C0109000C000800
0D000D000D000900
08000B000A000D00
0B01090007000900
0200020002000300
0221000000000000
0000066607770222
0001000100010444
0777033300010001
0211021103330000
0100031101000000
0B11040003000200
0B000B000A000900
0D000D000D000A00
07000C000A000B00
0B0009000D000800
0100010002000300
0211000000000000
0BBB066604440112
0001000100010001
0333033300000001
0211021101110111
0200010003220000
0800070004000200
0C0009000B000A00
0C000E000D000A00
08000A000A000C00
050007000E000900
0200020002000300
0222021100000000
0001033200000111
0001000100010001
0001000100010001
0001000100010001
0001000100010001
0001000100010001
0001000100010001
0001000100010001
0001000100010001
0001000100010001
0001000100010001
0001000100010001
0001000100010001
0001000100010001
0001000100010001
0001000100010001
0001000100010001
0001000100010001
0001000100010001
0001000100010001
0001000100010001
0001000100010001
0001000100010001
0001000100010001
0001000100010001
0001000100010001
0001000100010001
0001000100010001
0001000100010001
0001000100010001
0001000100010001
0001000100010001
0001000100010001
0001000100010001
0001000100010001
0001000100010001
0001000100010001
0001000100010001
0001000100010001
0001000100010001
0001000100010001
0001000100010001
0001000100010001
0001000100010001
0001000100010001
0001000100010001
0001000100010001
0001000100010001
0001000100010001
0001000100010001
0001000100010001
0001000100010001
0001000100010001
0001000100010001
0001000100010001
0001000100010001
0001000100010001
0001000100010001
0001000100010001
0001000100010001
0001000100010001
0001000100010001
0001000100010001
0001000100010001
0001000100010001
0001000100010001
0001000100010001
0001000100010001
0001000100010001
0001000100010001
0001000100010001
0001000100010001
0001000100010001
0001000100010001
0001000100010001
0001000100010001
0001000100010001
0001000100010001
0001000100010001
0001000100010001
0001000100010001
0001000100010001
0001000100010001
0001000100010001
0001000100010001
0001000100010001
0001000100010001
0001000100010001
0001000100010001
0001000100010001
0001000100010001
0001000100010001
0001000100010001
0001000100010001
0001000100010001
0001000100010001
0001000100010001
0001000100010001
0001000100010001
0001000100010001
0001000100010001
0001000100010001
0001000100010001
0211011101110444
0322000001000211
0300020002000100
0D000FBA0FBA0800
00010F550F760F98
0F760F880F660D01
08000D2300010D00
0100010002000300
0211000000000000
0111010002220222
0001000100000000
0001000100010001
0111022200000333
0111000000000211
0300020001000422
0C0000010B010500
0FAA0E560D110FBA
0D430C0100010D01
04000F660D110001
0100010002000300
0211000000000000
0000000002220222
0001000100010000
0221000100010001
0211021103330000
0533000000000211
0300020002000100
0F670F3400010800
0E220E340FBB0D01
0C110FCB0B000FCC
03000F660E220FCB
0000020001000200
0222010000000000
0000033306770222
0001000100010444
0333033300010001
0211011103330000
0422000000000100
0700030002000100
0F880F990E110D66
0F990F450FBB0D00
0E5400010D000F56
030006000F990F76
0000010001000200
0211010000000000
0CBC033305550222
0001000100010001
0000033300000001
0211021101110111
0100042200000000
0B22040002000100
0F880E1100010D23
0D110F550FA90E22
0E650FBA0E230FBB
030004000FBB0E33
0000030001000200
0222021101000000
0001022200000111
0001000100010001
0001000100010001
0001000100010001
0001000100010001
0001000100010001
0001000100010001
0001000100010001
0001000100010001
0001000100010001
0001000100010001
0001000100010001
0001000100010001
0001000100010001
0001000100010001
0001000100010001
0001000100010001
0001000100010001
0001000100010001
0001000100010001
0001000100010001
0001000100010001
0001000100010001
0001000100010001
0001000100010001
0001000100010001
0001000100010001
0001000100010001
0001000100010001
0001000100010001
0001000100010001
0001000100010001
0001000100010001
0001000100010001
0001000100010001
0001000100010001
0001000100010001
0001000100010001
0001000100010001
0001000100010001
0001000100010001
0001000100010001
0001000100010001
0001000100010001
0001000100010001
0001000100010001
0001000100010001
0001000100010001
0001000100010001
0001000100010001
0001000100010001
0001000100010001
0001000100010001
0001000100010001
0001000100010001
0001000100010001
0001000100010001
0001000100010001
0001000100010001
0001000100010001
0001000100010001
0001000100010001
0001000100010001
0001000100010001
0001000100010001
0001000100010001
0001000100010001
0001000100010001
0001000100010001
0001000100010001
0001000100010001
0001000100010001
0001000100010001
0001000100010001
0001000100010001
0001000100010001
0001000100010001
0001000100010001
0001000100010001
0001000100010001
0001000100010001
0001000100010001
0001000100010001
0001000100010001
0001000100010001
0001000100010001
0001000100010001
0001000100010001
0001000100010001
0001000100010001
0001000100010001
0001000100010001
0001000100010001
0001000100010001
0001000100010001
0001000100010001
0001000100010001
0001000100010001
0001000100010001
0001000100010001
0001000100010001
0001000100010001
0001000100010001
0211011101110222
0000010002000211
0200020002000322
0B00060005000300
0E330C120C110D34
0A000D220C120B00
0200030005000700
0000000001000200
0222021100000000
0111011102220222
0001000100000000
0001000100010001
0111022200000322
0000000002110111
0200010003110211
0700060003000200
0D220C110C000E44
0B110B000D230B00
0200030005000700
0000020001000200
0222021101000000
0000000002220222
0001000100010000
0111000100010001
0111012103330000
0100000001000211
0200020002000422
0C12070006000300
0B010A000D220B00
06000E330A000E23
0200030004000600
0000000002000100
0222022201000000
0000022206660222
0001000100010444
0222033300010001
0111011103330000
0000000000000211
0300020001000422
0C12080005000400
0D230D110E230A00
08000E330B000D12
0200020003000700
0000000001000100
0222011102000000
0CCC022205550222
0001000100010001
0000033300000001
0211021101110111
0322000000000200
0300020001000211
0E34090007000500
0B000D110D120900
07000E330C110E45
0200030003000600
0000000002000100
0222022202100000
0001022200000111
0001000100010001
0001000100010001
0001000100010001
0001000100010001
0001000100010001
0001000100010001
0001000100010001
0001000100010001
0001000100010001
0001000100010001
0001000100010001
0001000100010001
0001000100010001
0001000100010001
0001000100010001
0001000100010001
0001000100010001
0001000100010001
0001000100010001
0001000100010001
0001000100010001
0001000100010001
0001000100010001
0001000100010001
0001000100010001
0001000100010001
0001000100010001
0001000100010001
0001000100010001
0001000100010001
0001000100010001
0001000100010001
0001000100010001
0001000100010001
0001000100010001
0001000100010001
0001000100010001
0001000100010001
0001000100010001
0001000100010001
0001000100010001
0001000100010001
0001000100010001
0001000100010001
0001000100010001
0001000100010001
0001000100010001
0001000100010001
0001000100010001
0001000100010001
0001000100010001
0001000100010001
0001000100010001
0001000100010001
0001000100010001
0001000100010001
0001000100010001
0001000100010001
0001000100010001
0001000100010001
0001000100010001
0001000100010001
0001000100010001
0001000100010001
0001000100010001
0001000100010001
0001000100010001
0001000100010001
0001000100010001
0001000100010001
0001000100010001
0001000100010001
0001000100010001
0001000100010001
0001000100010001
0001000100010001
0001000100010001
0001000100010001
0001000100010001
0001000100010001
0001000100010001
0001000100010001
0001000100010001
0001000100010001
0001000100010001
0001000100010001
0001000100010001
0001000100010001
0001000100010001
0001000100010001
0001000100010001
0001000100010001
0001000100010001
0001000100010001
0001000100010001
0001000100010001
0001000100010001
0001000100010001
0001000100010001
0001000100010001
0001000100010001
0001000100010001
0211011101110333
0000010002110211
0200020003110100
0800040003000200
0FCB0E440F450FCB
09000F980E660C01
0200030003000400
0000000001000100
0222021102100000
0111000002220122
0001000100000000
0001000100010001
0111022200000333
0000010002110111
0100031102110000
0400040002000100
0F990E450D120FBA
0E440D220FBB0C00
0200030003000300
0000000002110100
0222022102110000
0000000002220222
0001000100010000
0111000100010001
0111022103330000
0000000002000211
0200020004220100
0FAA040003000200
0E330C220FAA0D22
05000FBA0B000FAA
0200020003000400
0000000000000200
0222022201000100
0000022206660222
0001000100010444
0222033300010001
0111011103330000
0000000001000211
0200010003110111
0F77050003000300
0F990E450FAA0C00
05000FA90C000E56
0100020003000300
0000000001000100
0222021102110000
0CCC022205550222
0001000100010001
0111033300000001
0211022101110111
0000000001000100
0200010002000322
0FBA080004000300
0C110F660F770D01
04000FBA0E330001
0100020003000400
0000000000000100
0222022202110211
0001022200000111
0001000100010001
0001000100010001
0001000100010001
0001000100010001
0001000100010001
0001000100010001
0001000100010001
0001000100010001
0001000100010001
0001000100010001
0001000100010001
0001000100010001
0001000100010001
0001000100010001
0001000100010001
0001000100010001
0001000100010001
0001000100010001
0001000100010001
0001000100010001
0001000100010001
0001000100010001
0001000100010001
0001000100010001
0001000100010001
0001000100010001
0001000100010001
0001000100010001
0001000100010001
0001000100010001
0001000100010001
0001000100010001
0001000100010001
0001000100010001
0001000100010001
0001000100010001
0001000100010001
0001000100010001
0001000100010001
0001000100010001
0001000100010001
0001000100010001
0001000100010001
0001000100010001
0001000100010001
0001000100010001
0001000100010001
0001000100010001
0001000100010001
0001000100010001
0001000100010001
0001000100010001
0001000100010001
0001000100010001
0001000100010001
0001000100010001
0001000100010001
0001000100010001
0001000100010001
0001000100010001
0001000100010001
0001000100010001
0001000100010001
0001000100010001
0001000100010001
0001000100010001
0001000100010001
0001000100010001
0001000100010001
0001000100010001
0001000100010001
0001000100010001
0001000100010001
0001000100010001
0001000100010001
0001000100010001
0001000100010001
0001000100010001
0001000100010001
0001000100010001
0001000100010001
0001000100010001
0001000100010001
0001000100010001
0001000100010001
0001000100010001
0001000100010001
0001000100010001
0001000100010001
0001000100010001
0001000100010001
0001000100010001
0001000100010001
0001000100010001
0001000100010001
0001000100010001
0001000100010001
0001000100010001
0001000100010001
0001000100010001
0001000100010001
0001000100010001
0111011101110444
0100010002110111
0411010000000000
0400030003000200
0600050005000500
0400050006000600
0200020003000300
0000000000000000
0222022202110100
0111000002220111
0001000100000000
0001000100010001
0111022200000555
0000021102110111
0321000000000000
0300020001000200
0500050005000400
0400050005000500
0211020003000300
0000000000000211
0222022202110211
0000000002220222
0001000100010000
0222000100010001
0211022204440000
0000010002110211
0311021100000000
0400030002000200
0500050005000500
0300040005000500
0211020002000300
0100000000000000
0222022202210200
0000022207770222
0001000100010444
0333034300010001
0111011103330000
0000010002110211
0200032200000000
0400030003000200
0500050005000500
0300050005000500
0311020002000300
0100000000000000
0111011102110211
0BBB011105550111
0001000100010001
0222033300000001
0211022201110111
0000010001000222
0100031101000000
0400030002000200
0500050005000500
0300050005000500
0100020002000300
0110000000000000
0111021102210211
0001033300000111
0001000100010001
0001000100010001
0001000100010001
0001000100010001
0001000100010001
0001000100010001
0001000100010001
0001000100010001
0001000100010001
0001000100010001
0001000100010001
0001000100010001
0001000100010001
0001000100010001
0001000100010001
0001000100010001
0001000100010001
0001000100010001
0001000100010001
0001000100010001
0001000100010001
0001000100010001
0001000100010001
0001000100010001
0001000100010001
0001000100010001
0001000100010001
0001000100010001
0001000100010001
0001000100010001
0001000100010001
0001000100010001
0001000100010001
0001000100010001
0001000100010001
0001000100010001
0001000100010001
0001000100010001
0001000100010001
0001000100010001
0001000100010001
0001000100010001
0001000100010001
0001000100010001
0001000100010001
0001000100010001
0001000100010001
0001000100010001
0001000100010001
0001000100010001
0001000100010001
0001000100010001
0001000100010001
0001000100010001
0001000100010001
0001000100010001
0001000100010001
0001000100010001
0001000100010001
0001000100010001
0001000100010001
0001000100010001
0001000100010001
0001000100010001
0001000100010001
0001000100010001
0001000100010001
0001000100010001
0001000100010001
0001000100010001
0001000100010001
0001000100010001
0001000100010001
0001000100010001
0001000100010001
0001000100010001
0001000100010001
0001000100010001
0001000100010001
0001000100010001
0001000100010001
0001000100010001
0001000100010001
0001000100010001
0001000100010001
0001000100010001
0001000100010001
0001000100010001
0001000100010001
0001000100010001
0001000100010001
0001000100010001
0001000100010001
0001000100010001
0001000100010001
0001000100010001
0001000100010001
0001000100010001
0001000100010001
0001000100010001
0001000100010001
0001000100010001
0111011102220666
0100011101110111
0000000000000100
0200020002000100
0200020002000200
0200020002000200
0000011002000200
0211000000000000
0222022201110211
0111000002220111
0001000100000000
0001000100010001
0111021100000AAA
0100022201110111
0000000000000100
0100010003220100
0200020002000100
0200020002000200
0000021102100100
0211000000000000
0222022202220211
0000000002220111
0001000100010000
0666000100010001
0111022204440000
0100011101110111
0000000000000000
0100020003110211
0200020002000200
0200020002000200
0000000002110100
0100010000000000
0221022102220111
0000022208880222
0001000100010444
0666044400010001
0111011103330000
0100020002110111
0000000000000000
0100020002110211
0200020002000200
0100020002000200
0000000002110100
0211010000000000
0111022102210111
0BBB011106660111
0001000100010001
0444044400000001
0221022201110111
0000010002110111
0101000000000000
0200020002000211
0200020002000200
0100020002000200
0000000001000200
0111020000000000
0111011101110211
0001044400000111
0001000100010001
0001000100010001
0001000100010001
0001000100010001
0001000100010001
0001000100010001
0001000100010001
0001000100010001
0001000100010001
0001000100010001
0001000100010001
0001000100010001
0001000100010001
0001000100010001
0001000100010001
0001000100010001
0001000100010001
0001000100010001
0001000100010001
0001000100010001
0001000100010001
0001000100010001
0001000100010001
0001000100010001
0001000100010001
0001000100010001
0001000100010001
0001000100010001
0001000100010001
0001000100010001
0001000100010001
0001000100010001
0001000100010001
0001000100010001
0001000100010001
0001000100010001
0001000100010001
0001000100010001
0001000100010001
0001000100010001
0001000100010001
0001000100010001
0001000100010001
0001000100010001
0001000100010001
0001000100010001
0001000100010001
0001000100010001
0001000100010001
0001000100010001
0001000100010001
0001000100010001
0001000100010001
0001000100010001
0001000100010001
0001000100010001
0001000100010001
0001000100010001
0001000100010001
0001000100010001
0001000100010001
0001000100010001
0001000100010001
0001000100010001
0001000100010001
0001000100010001
0001000100010001
0001000100010001
0001000100010001
0001000100010001
0001000100010001
0001000100010001
0001000100010001
0001000100010001
0001000100010001
0001000100010001
0001000100010001
0001000100010001
0001000100010001
0001000100010001
0001000100010001
0001000100010001
0001000100010001
0001000100010001
0001000100010001
0001000100010001
0001000100010001
0001000100010001
0001000100010001
0001000100010001
0001000100010001
0001000100010001
0001000100010001
0001000100010001
0001000100010001
0001000100010001
0001000100010001
0001000100010001
0001000100010001
0001000100010001
0001000100010001
0001000100010001
0111011104440888
0211033302110111
0000010001000110
0100000000000000
0200020002000100
0100010001000200
0000000000000000
0211010001000000
0222012102210211
0111010002220111
0001000100000000
0CCC000100010001
0111011102220001
0111022201110111
0000000001000100
0000000000000000
0100010001000100
0100010001000100
0000000000000000
0211010001000000
0221012102220221
0000000002220111
0001000100010000
0999000100010001
0111022204440000
0111011101110111
0000000001000100
0100000000000000
0100010001000100
0000010001000100
0000000000000000
0211011001000100
0221012102210111
0000022208880222
0001000100010444
0777034300010001
0111011103330000
0211011101110111
0000000000000100
0100000000000000
0200010001000100
0100010001000100
0000000000000000
0211011101000000
0111011101110211
0AAA034406660111
0001000100010001
0777044400000001
0221022201110222
0100021101110211
0000000000000100
0100010000000000
0100020001000100
0000010001000100
0000000000000000
0211011101000100
0111011101110211
0001044400000333
0001000100010001
0001000100010001
0001000100010001
0001000100010001
0001000100010001
0001000100010001
0001000100010001
0001000100010001
0001000100010001
0001000100010001
0001000100010001
0001000100010001
0001000100010001
0001000100010001
0001000100010001
0001000100010001
0001000100010001
0001000100010001
0001000100010001
0001000100010001
0001000100010001
0001000100010001
0001000100010001
0001000100010001
0001000100010001
0001000100010001
0001000100010001
0001000100010001
0001000100010001
0001000100010001
0001000100010001
0001000100010001
0001000100010001
0001000100010001
0001000100010001
0001000100010001
0001000100010001
0001000100010001
0001000100010001
0001000100010001
0001000100010001
0001000100010001
0001000100010001
0001000100010001
0001000100010001
0001000100010001
0001000100010001
0001000100010001
0001000100010001
0001000100010001
0001000100010001
0001000100010001
0001000100010001
0001000100010001
0001000100010001
0001000100010001
0001000100010001
0001000100010001
0001000100010001
0001000100010001
0001000100010001
0001000100010001
0001000100010001
0001000100010001
0001000100010001
0001000100010001
0001000100010001
0001000100010001
0001000100010001
0001000100010001
0001000100010001
0001000100010001
0001000100010001
0001000100010001
0001000100010001
0001000100010001
0001000100010001
0001000100010001
0001000100010001
0001000100010001
0001000100010001
0001000100010001
0001000100010001
0001000100010001
0001000100010001
0001000100010001
0001000100010001
0001000100010001
0001000100010001
0001000100010001
0001000100010001
0001000100010001
0001000100010001
0001000100010001
0001000100010001
0001000100010001
0001000100010001
0001000100010001
0001000100010001
0001000100010001
0001000100010001
0001000100010001
011102220AAA0777
0111011101110111
0100010001110111
0744000000000100
0422042205220633
0522052205220422
0100010000000000
0111010001000100
0111021101110111
0101000002220221
0001000100000000
0BBB000100010001
0111011105550001
0111011101110111
0100010001110111
0422000000000000
0422042205220633
0633052205220422
0100010000000321
0211010001000100
0211022102210222
0000000002220111
0001000100010000
0AAA000100010001
0111022203330000
0111011101110111
0100010001000111
0633000000000000
0422042204220533
0533053204220422
0100010000000000
0111011101000100
0111011101110111
0000022208880222
0001000100010444
0888033300010001
0111011103330000
0111011101110111
0100010001000111
0633000000000000
0421042205220533
0533052205220421
0100000000000000
0111011101000100
0111011101110111
0AAA099906660221
0001000100010001
0777044402220001
0211021101110323
0111011101110211
0100010001000100
0532063300000000
0422042104220522
0533063305320522
0100010000000000
0111011101100100
0111011101110111
0001044400000333
0001000100010001
0001000100010001
0001000100010001
0001000100010001
0001000100010001
0001000100010001
0001000100010001
0001000100010001
0001000100010001
0001000100010001
0001000100010001
0001000100010001
0001000100010001
0001000100010001
0001000100010001
0001000100010001
0001000100010001
0001000100010001
0001000100010001
0001000100010001
0001000100010001
0001000100010001
0001000100010001
0001000100010001
0001000100010001
0001000100010001
0001000100010001
0001000100010001
0001000100010001
0001000100010001
0001000100010001
0001000100010001
0001000100010001
0001000100010001
0001000100010001
0001000100010001
0001000100010001
0001000100010001
0001000100010001
0001000100010001
0001000100010001
0001000100010001
0001000100010001
0001000100010001
0001000100010001
0001000100010001
0001000100010001
0001000100010001
0001000100010001
0001000100010001
0001000100010001
0001000100010001
0001000100010001
0001000100010001
0001000100010001
0001000100010001
0001000100010001
0001000100010001
0001000100010001
0001000100010001
0001000100010001
0001000100010001
0001000100010001
0001000100010001
0001000100010001
0001000100010001
0001000100010001
0001000100010001
0001000100010001
0001000100010001
0001000100010001
0001000100010001
0001000100010001
0001000100010001
0001000100010001
0001000100010001
0001000100010001
0001000100010001
0001000100010001
0001000100010001
0001000100010001
0001000100010001
0001000100010001
0001000100010001
0001000100010001
0001000100010001
0001000100010001
0001000100010001
0001000100010001
0001000100010001
0001000100010001
0001000100010001
0001000100010001
0001000100010001
0001000100010001
0001000100010001
0001000100010001
0001000100010001
0001000100010001
0001000100010001
0001000100010001
0001000100010001
0221022200010666
0111011101110111
0211011101110111
0754000001000100
0633063306430644
0533053305330633
0100010001000000
0111011101110110
0222011101110111
0000011102220222
0001000101110000
0BBB000100010001
0111011100010888
0111011101110111
0100011101110111
0533000001000100
0533053306430644
0533053305330533
0100010001000322
0111011102110100
0111011101110211
0000000003330111
0001000100010000
0AAA000100010001
0111022205550000
0111011101110111
0100021101110111
0543010001000100
0633063305330543
0544053305330633
0110010001000100
0111011101110111
0111011101110111
0000033309990222
0001000100010444
0888033300010001
0111011104440000
0111011101110111
0100011101110111
0644000001000100
0633063306330644
0544053305330533
0100010001000100
0111011101110111
0111011101110111
0BBB0BBB06660222
0001000100010001
0888033304440001
0221021101110555
0111011101110111
0100010001110111
0644064400000100
0533053305330644
0533053305330533
0111010001000100
0111011101110111
0121011101110111
0001044403330555
0001000100010001
0001000100010001
0001000100010001
0001000100010001
0001000100010001
0001000100010001
0001000100010001
0001000100010001
0001000100010001
0001000100010001
0001000100010001
0001000100010001
0001000100010001
0001000100010001
0001000100010001
0001000100010001
0001000100010001
0001000100010001
0001000100010001
0001000100010001
0001000100010001
0001000100010001
0001000100010001
0001000100010001
0001000100010001
0001000100010001
0001000100010001
0001000100010001
0001000100010001
0001000100010001
0001000100010001
0001000100010001
0001000100010001
0001000100010001
0001000100010001
0001000100010001
0001000100010001
0001000100010001
0001000100010001
0001000100010001
0001000100010001
0001000100010001
0001000100010001
0001000100010001
0001000100010001
0001000100010001
0001000100010001
0001000100010001
0001000100010001
0001000100010001
0001000100010001
0001000100010001
0001000100010001
0001000100010001
0001000100010001
0001000100010001
0001000100010001
0001000100010001
0001000100010001
0001000100010001
0001000100010001
0001000100010001
0001000100010001
0001000100010001
0001000100010001
0001000100010001
0001000100010001
0001000100010001
0001000100010001
0001000100010001
0001000100010001
0001000100010001
0001000100010001
0001000100010001
0001000100010001
0001000100010001
0001000100010001
0001000100010001
0001000100010001
0001000100010001
0001000100010001
0001000100010001
0001000100010001
0001000100010001
0001000100010001
0001000100010001
0001000100010001
0001000100010001
0001000100010001
0001000100010001
0001000100010001
0001000100010001
0001000100010001
0001000100010001
0001000100010001
0001000100010001
0001000100010001
0001000100010001
0001000100010001
0001000100010001
0001000100010001
0001000100010001
0000000000000777
0000000000000000
0000000000000000
0000000000000000
0000000000000000
0000000000000000
0000000000000000
0000000000000000
0000000000000000
0333011100000000
0001000100000000
0001000100010001
0000000006660CBB
0000000000000000
0000000000000000
0000000000000000
0000000000000000
0000000000000000
0000000000000000
0000000000000000
0000000000000000
0555066601110000
0001000100010000
0AAA000100010001
0000000000000000
0000000000000000
0000000000000000
0000000000000000
0000000000000000
0000000000000000
0000000000000000
0000000000000000
0000000000000000
0000011100010000
0001000100010888
0999055500010001
0000000000000333
0000000000000000
0000000000000000
0000000000000000
0000000000000000
0000000000000000
0000000000000000
0000000000000000
0000000000000000
00010BCB02220000
0001000100010001
0555000108880001
0000000000000111
0000000000000000
0000000000000000
0000000000000000
0000000000000000
0000000000000000
0000000000000000
0000000000000000
0000000000000000
0001034301110999
0001000100010001
0001000100010001
0001000100010001
0001000100010001
0001000100010001
0001000100010001
0001000100010001
0001000100010001
0001000100010001
0001000100010001
0001000100010001
0001000100010001
0001000100010001
0001000100010001
0001000100010001
0001000100010001
0001000100010001
0001000100010001
0001000100010001
0001000100010001
0001000100010001
0001000100010001
0001000100010001
0001000100010001
0001000100010001
0001000100010001
0001000100010001
0001000100010001
0001000100010001
0001000100010001
0001000100010001
0001000100010001
0001000100010001
0001000100010001
0001000100010001
0001000100010001
0001000100010001
0001000100010001
0001000100010001
0001000100010001
0001000100010001
0001000100010001
0001000100010001
0001000100010001
0001000100010001
0001000100010001
0001000100010001
0001000100010001
0001000100010001
0001000100010001
0001000100010001
0001000100010001
0001000100010001
0001000100010001
0001000100010001
0001000100010001
0001000100010001
0001000100010001
0001000100010001
0001000100010001
0001000100010001
0001000100010001
0001000100010001
0001000100010001
0001000100010001
0001000100010001
0001000100010001
0001000100010001
0001000100010001
0001000100010001
0001000100010001
0001000100010001
0001000100010001
0001000100010001
0001000100010001
0001000100010001
0001000100010001
0001000100010001
0001000100010001
0001000100010001
0001000100010001
0001000100010001
0001000100010001
0001000100010001
0001000100010001
0001000100010001
0001000100010001
0001000100010001
0001000100010001
0001000100010001
0001000100010001
0001000100010001
0001000100010001
0001000100010001
0001000100010001
0001000100010001
0001000100010001
0001000100010001
0001000100010001
0001000100010001
0001000100010001
0001000100010001
0555044402220333
0444044405440554
0444055507760101
0333033303330444
0211021103220322
0332032203220311
0444044303330333
0222055505550554
0777066607770888
0000033305550777
0001000107770000
0001000100010001
0333044400000555
0333033303330333
0444044401110443
0322033303330333
0311031103220322
0332033203220322
0333033303330333
0333033204330443
0433044404440444
0000022201120444
0001000100010222
0555000100010001
0444044404440000
0444044404440444
0333044404440000
0322032203330333
0421021103210322
0322032203220211
0444033303330322
0444011104440444
0444044404440444
0000077700000BBB
0001000100010001
0AAA0AAA00010001
0444054504430111
0444044404440444
0333033303330000
0222022203220322
0311031102110222
0322032203220311
0554044403330333
0444011105550555
0444044404440444
0001000002220BBB
0001000100010001
0000022209990001
0333033303330111
0000033303330333
0222033304440444
0221022102220222
0311032103110321
0333032203220221
0666054404440443
0555044404440999
0888044404440555
0001011102220111
0001000100010001
0001000100010001
0001000100010001
0001000100010001
0001000100010001
0001000100010001
0001000100010001
0001000100010001
0001000100010001
0001000100010001
0001000100010001
0001000100010001
0001000100010001
0001000100010001
0001000100010001
0001000100010001
0001000100010001
0001000100010001
0001000100010001
0001000100010001
0001000100010001
0001000100010001
0001000100010001
0001000100010001
0001000100010001
0001000100010001
0001000100010001
0001000100010001
0001000100010001
0001000100010001
0001000100010001
0001000100010001
0001000100010001
0001000100010001
0001000100010001
0001000100010001
0001000100010001
0001000100010001
0001000100010001
0001000100010001
0001000100010001
0001000100010001
0001000100010001
0001000100010001
0001000100010001
0001000100010001
0001000100010001
0001000100010001
0001000100010001
0001000100010001
0001000100010001
0001000100010001
0001000100010001
0001000100010001
0001000100010001
0001000100010001
0001000100010001
0001000100010001
0001000100010001
0001000100010001
0001000100010001
0001000100010001
0001000100010001
0001000100010001
0001000100010001
0001000100010001
0001000100010001
0001000100010001
0001000100010001
0001000100010001
0001000100010001
0001000100010001
0001000100010001
0001000100010001
0001000100010001
0001000100010001
0001000100010001
0001000100010001
0001000100010001
0001000100010001
0001000100010001
0001000100010001
0001000100010001
0001000100010001
0001000100010001
0001000100010001
0001000100010001
0001000100010001
0001000100010001
0001000100010001
0001000100010001
0001000100010001
0001000100010001
0001000100010001
0001000100010001
0001000100010001
0001000100010001
0001000100010001
0001000100010001
0001000100010001
0001000100010001
0001000100010001
0000000002220777
0000000000000000
0000000000000000
0000000000000000
0000000000000000
0000000000000000
0000000000000000
0000000000000000
0000000000000000
0000000003330000
0001000100010000
0001000100010001
0000000001110222
0000000000000000
0000000000000000
0000000000000000
0000000000000000
0000000000000000
0000000000000000
0000000000000000
0000000000000000
0000000000000222
0001000100010555
0444000100010001
0000000000000222
0000000000000000
0000000000000000
0000000000000000
0000000000000000
0000000000000000
0000000000000000
0000000000000000
0000000000000000
0000000000000666
0001000100010001
0222000100010001
0000000001110111
0000000000000000
0000000000000000
0000000000000000
0000000000000000
0000000000000000
0000000000000000
0000000000000000
0100000000000000
0001000000000444
0001000100010001
0000000000010001
0000000000000222
0000000000000000
0000000000000000
0000000000000000
0000000000000000
0000000000000000
0000000000000000
0000000000000000
0000011100000000
0001000000000000
0001000100010001
0001000100010001
0001000100010001
0001000100010001
0001000100010001
0001000100010001
0001000100010001
0001000100010001
0001000100010001
0001000100010001
0001000100010001
0001000100010001
0001000100010001
0001000100010001
0001000100010001
0001000100010001
0001000100010001
0001000100010001
0001000100010001
0001000100010001
0001000100010001
0001000100010001
0001000100010001
0001000100010001
0001000100010001
0001000100010001
0001000100010001
0001000100010001
0001000100010001
0001000100010001
0001000100010001
0001000100010001
0001000100010001
0001000100010001
0001000100010001
0001000100010001
0001000100010001
0001000100010001
0001000100010001
0001000100010001
0001000100010001
0001000100010001
0001000100010001
0001000100010001
0001000100010001
0001000100010001
0001000100010001
0001000100010001
0001000100010001
0001000100010001
0001000100010001
0001000100010001
0001000100010001
0001000100010001
0001000100010001
0001000100010001
0001000100010001
0001000100010001
0001000100010001
0001000100010001
0001000100010001
0001000100010001
0001000100010001
0001000100010001
0001000100010001
0001000100010001
0001000100010001
0001000100010001
0001000100010001
0001000100010001
0001000100010001
0001000100010001
0001000100010001
0001000100010001
0001000100010001
0001000100010001
0001000100010001
0001000100010001
0001000100010001
0001000100010001
0001000100010001
0001000100010001
0001000100010001
0001000100010001
0001000100010001
0001000100010001
0001000100010001
0001000100010001
0001000100010001
0001000100010001
0001000100010001
0001000100010001
0001000100010001
0001000100010001
0001000100010001
0001000100010001
0001000100010001
0001000100010001
0001000100010001
0001000100010001
0001000100010001
0001000100010001
0111011101110444
0000000000000111
0000000000000000
0000000000000000
0000000000000000
0000000000000000
0000000000000000
0000000000000000
0111000000000000
0000000002220111
000100010CCC0000
0001000100010001
0000000001110111
0000000000000111
0000000000000000
0000000000000000
0000000000000000
0000000000000000
0000000000000000
0000000000000000
0111011100000000
0000000001110111
0001000100010333
0222000100010001
0000000000000001
0000000000000000
0000000000000000
0000000000000000
0000000000000000
0000000000000000
0000000000000000
0000000000000000
0111011100000000
0000000000000000
0001000100010001
0222000100010001
0000011100000111
0000000000000000
0000000000000000
0000000000000000
0000000000000000
0000000000000000
0000000000000000
0000000000000000
0111011101110000
0001000000000000
0001000100010001
0000000000010001
0100011101110111
0000000000000000
0000000000000000
0000000000000000
0000000000000000
0000000000000000
0000000000000000
0000000000000000
0111011101110000
0001011100000222
0001000100010001
0001000100010001
0001000100010001
0001000100010001
0001000100010001
0001000100010001
0001000100010001
0001000100010001
0001000100010001
0001000100010001
0001000100010001
0001000100010001
0001000100010001
0001000100010001
0001000100010001
0001000100010001
0001000100010001
0001000100010001
0001000100010001
0001000100010001
0001000100010001
0001000100010001
0001000100010001
0001000100010001
0001000100010001
0001000100010001
0001000100010001
0001000100010001
0001000100010001
0001000100010001
0001000100010001
0001000100010001
0001000100010001
0001000100010001
0001000100010001
0001000100010001
0001000100010001
0001000100010001
0001000100010001
0001000100010001
0001000100010001
0001000100010001
0001000100010001
0001000100010001
0001000100010001
0001000100010001
0001000100010001
0001000100010001
0001000100010001
0001000100010001
0001000100010001
0001000100010001
0001000100010001
0001000100010001
0001000100010001
0001000100010001
0001000100010001
0001000100010001
0001000100010001
0001000100010001
0001000100010001
0001000100010001
0001000100010001
0001000100010001
0001000100010001
0001000100010001
0001000100010001
0001000100010001
0001000100010001
0001000100010001
0001000100010001
0001000100010001
0001000100010001
0001000100010001
0001000100010001
0001000100010001
0001000100010001
0001000100010001
0001000100010001
0001000100010001
0001000100010001
0001000100010001
0001000100010001
0001000100010001
0001000100010001
0001000100010001
0001000100010001
0001000100010001
0001000100010001
0001000100010001
0001000100010001
0001000100010001
0001000100010001
0001000100010001
0001000100010001
0001000100010001
0001000100010001
0001000100010001
0001000100010001
0001000100010001
0001000100010001
0001000100010001
0111011101110222
0000011101110111
0000000000000000
0000000000000000
0000000000000000
0000000000000000
0000000000000000
0000000000000000
0111011101110000
0000000002220111
000100010AAA0111
0001000100010001
0111011101110111
0000000001110111
0000000000000000
0000000000000000
0000000000000000
0000000000000000
0000000000000000
0000000000000000
0111011101110000
0000000002110111
0001000100010222
0222000100010001
0111000000000111
0000011101110000
0000000000000000
0000000000000000
0000000000000000
0000000000000000
0000000000000000
0000000000000000
0111011101110000
0111000002220111
0001000100010001
0222000100010001
0111011100000111
0000000000000111
0000000000000000
0000000000000000
0000000000000000
0000000000000000
0000000000000000
0000000000000000
0111011101110000
0001000001110000
0001000100010001
0000000000010001
0111011101110111
0000000000000111
0000000000000000
0000000000000000
0000000000000000
0000000000000000
0000000000000000
0000000000000000
0111011101110111
0001022200000333
0001000100010001
0001000100010001
0001000100010001
0001000100010001
0001000100010001
0001000100010001
0001000100010001
0001000100010001
0001000100010001
0001000100010001
0001000100010001
0001000100010001
0001000100010001
0001000100010001
0001000100010001
0001000100010001
0001000100010001
0001000100010001
0001000100010001
0001000100010001
0001000100010001
0001000100010001
0001000100010001
0001000100010001
0001000100010001
0001000100010001
0001000100010001
0001000100010001
0001000100010001
0001000100010001
0001000100010001
0001000100010001
0001000100010001
0001000100010001
0001000100010001
0001000100010001
0001000100010001
0001000100010001
0001000100010001
0001000100010001
0001000100010001
0001000100010001
0001000100010001
0001000100010001
0001000100010001
0001000100010001
0001000100010001
0001000100010001
0001000100010001
0001000100010001
0001000100010001
0001000100010001
0001000100010001
0001000100010001
0001000100010001
0001000100010001
0001000100010001
0001000100010001
0001000100010001
0001000100010001
0001000100010001
0001000100010001
0001000100010001
0001000100010001
0001000100010001
0001000100010001
0001000100010001
0001000100010001
0001000100010001
0001000100010001
0001000100010001
0001000100010001
0001000100010001
0001000100010001
0001000100010001
0001000100010001
0001000100010001
0001000100010001
0001000100010001
0001000100010001
0001000100010001
0001000100010001
0001000100010001
0001000100010001
0001000100010001
0001000100010001
0001000100010001
0001000100010001
0001000100010001
0001000100010001
0001000100010001
0001000100010001
0001000100010001
0001000100010001
0001000100010001
0001000100010001
0001000100010001
0001000100010001
0001000100010001
0001000100010001
0001000100010001
0001000100010001
0111011101110111
0000011101110111
0000000000000000
0000000000000000
0000000000000000
0000000000000000
0000000000000000
0000000000000000
0111011101110111
0000011102220111
0001000108880000
0001000100010001
0111011100000000
0000011101110111
0000000000000000
0000000000000000
0000000000000000
0000000000000000
0000000000000000
0100000000000000
0111011101110111
0000022201110111
0001000100010222
0111000100010001
0111011101110777
0111011101100111
0000000000000000
0000000000000000
0000000000000000
0000000000000000
0000000000000000
0000000000000000
0111011101110111
0111022206660111
0001000100010001
0222000100010001
0111011101110AAA
0000000001110111
0000000000000000
0000000000000000
0000000000000000
0000000000000000
0000000000000000
0000000000000000
0111011101110100
0001000003330111
0001000100010001
0555000000010001
0111011101110111
0000000001110111
0000000000000000
0000000000000000
0000000000000000
0000000000000000
0000000000000000
0000000000000000
0111011101110111
0001044405550111
0001000100010001
0001000100010001
0001000100010001
0001000100010001
0001000100010001
0001000100010001
0001000100010001
0001000100010001
0001000100010001
0001000100010001
0001000100010001
0001000100010001
0001000100010001
0001000100010001
0001000100010001
0001000100010001
0001000100010001
0001000100010001
0001000100010001
0001000100010001
0001000100010001
0001000100010001
0001000100010001
0001000100010001
0001000100010001
0001000100010001
0001000100010001
0001000100010001
0001000100010001
0001000100010001
0001000100010001
0001000100010001
0001000100010001
0001000100010001
0001000100010001
0001000100010001
0001000100010001
0001000100010001
0001000100010001
0001000100010001
0001000100010001
0001000100010001
0001000100010001
0001000100010001
0001000100010001
0001000100010001
0001000100010001
0001000100010001
0001000100010001
0001000100010001
0001000100010001
0001000100010001
0001000100010001
0001000100010001
0001000100010001
0001000100010001
0001000100010001
0001000100010001
0001000100010001
0001000100010001
0001000100010001
0001000100010001
0001000100010001
0001000100010001
0001000100010001
0001000100010001
0001000100010001
0001000100010001
0001000100010001
0001000100010001
0001000100010001
0001000100010001
0001000100010001
0001000100010001
0001000100010001
0001000100010001
0001000100010001
0001000100010001
0001000100010001
0001000100010001
0001000100010001
0001000100010001
0001000100010001
0001000100010001
0001000100010001
0001000100010001
0001000100010001
0001000100010001
0001000100010001
0001000100010001
0001000100010001
0001000100010001
0001000100010001
0001000100010001
0001000100010001
0001000100010001
0001000100010001
0001000100010001
0001000100010001
0001000100010001
0001000100010001
0001000100010001
0222022201110112
0222022202220222
0000011102220111
0000000000000000
0000000000000000
0000000000000000
0000000000000000
0111011100000000
0222022202220111
011106660AAA0111
0001000100010111
0001000100010001
0222033301110000
0111011102220222
0000011102220111
0000000000000000
0000000000000000
0000000000000000
0000000000000000
0111011101110000
0222022202220222
0111022203330222
0001000100010222
0000000100010001
022202220BBB0001
0111011101110222
0111011101110000
0000000000000000
0000000000000000
0000000000000000
0000000000000000
0111011100000111
0222022201110111
0111055502220322
0001000100010001
0222000100010001
022202220AAA0001
0111011101110222
0000011101110111
0000000000000000
0000000000000000
0000000000000000
0111000000000000
0111000001110111
0222022202220222
0001000003330444
0001000100010001
0666000000010001
0222022204440444
0111011101110222
0000010001110111
0000000000000000
0000000000000000
0000000000000000
0111011100000000
0222011101110111
0333022202220222
000102220CCC0444
0001000100010001
0001000100010001
0001000100010001
0001000100010001
0001000100010001
0001000100010001
0001000100010001
0001000100010001
0001000100010001
0001000100010001
0001000100010001
0001000100010001
0001000100010001
0001000100010001
0001000100010001
0001000100010001
0001000100010001
0001000100010001
0001000100010001
0001000100010001
0001000100010001
0001000100010001
0001000100010001
0001000100010001
0001000100010001
0001000100010001
0001000100010001
0001000100010001
0001000100010001
0001000100010001
0001000100010001
0001000100010001
0001000100010001
0001000100010001
0001000100010001
0001000100010001
0001000100010001
0001000100010001
0001000100010001
0001000100010001
0001000100010001
0001000100010001
0001000100010001
0001000100010001
0001000100010001
0001000100010001
0001000100010001
0001000100010001
0001000100010001
0001000100010001
0001000100010001
0001000100010001
0001000100010001
0001000100010001
0001000100010001
0001000100010001
0001000100010001
0001000100010001
0001000100010001
0001000100010001
0001000100010001
0001000100010001
0001000100010001
0001000100010001
0001000100010001
0001000100010001
0001000100010001
0001000100010001
0001000100010001
0001000100010001
0001000100010001
0001000100010001
0001000100010001
0001000100010001
0001000100010001
0001000100010001
0001000100010001
0001000100010001
0001000100010001
0001000100010001
0001000100010001
0001000100010001
0001000100010001
0001000100010001
0001000100010001
0001000100010001
0001000100010001
0001000100010001
0001000100010001
0001000100010001
0001000100010001
0001000100010001
0001000100010001
0001000100010001
0001000100010001
0001000100010001
0001000100010001
0001000100010001
0001000100010001
0001000100010001
0001000100010001
0001000100010001
0111011106660000
0000011101110111
0111011101110111
0111011101110111
0111011101110111
0111011101100110
0111011101110111
0111010100000111
0111011101110111
0111022204440000
0001000100010000
0001000100010001
0111011107770000
0000011101110111
0111011101010111
0111011101110111
0110011001110111
0111011101000100
0101011101110111
0111011101110000
0111011101110111
0111000002220111
0001000100010666
0000000100010001
0111011100000333
0111011101110111
0111011101110000
0111011101110111
0110010001100111
0111011101110100
0111011101110111
0111011100000111
0111011101110111
011102220AA90111
0001000100010001
0333000100010001
0111011101110112
0111011101110111
0111011101110111
0111011101110111
0110011001100111
0111011101110100
0111011101110111
0111000000000111
0111011101110111
0001000007770000
0001000100010001
0111022200010001
0111011101110555
0111000001110111
0111011101110111
0111011101110111
0100011001110111
0111011101110100
0111011101110111
0111011100000000
0111011101110111
0001022204550665
0001000100010001
0001000100010001
0001000100010001
0001000100010001
0001000100010001
0001000100010001
0001000100010001
0001000100010001
0001000100010001
0001000100010001
0001000100010001
0001000100010001
0001000100010001
0001000100010001
0001000100010001
0001000100010001
0001000100010001
0001000100010001
0001000100010001
0001000100010001
0001000100010001
0001000100010001
0001000100010001
0001000100010001
0001000100010001
0001000100010001
0001000100010001
0001000100010001
0001000100010001
0001000100010001
0001000100010001
0001000100010001
0001000100010001
0001000100010001
0001000100010001
0001000100010001
0001000100010001
0001000100010001
0001000100010001
0001000100010001
0001000100010001
0001000100010001
0001000100010001
0001000100010001
0001000100010001
0001000100010001
0001000100010001
0001000100010001
0001000100010001
0001000100010001
0001000100010001
0001000100010001
0001000100010001
0001000100010001
0001000100010001
0001000100010001
0001000100010001
0001000100010001
0001000100010001
0001000100010001
0001000100010001
0001000100010001
0001000100010001
0001000100010001
0001000100010001
0001000100010001
0001000100010001
0001000100010001
0001000100010001
0001000100010001
0001000100010001
0001000100010001
0001000100010001
0001000100010001
0001000100010001
0001000100010001
0001000100010001
0001000100010001
0001000100010001
0001000100010001
0001000100010001
0001000100010001
0001000100010001
0001000100010001
0001000100010001
0001000100010001
0001000100010001
0001000100010001
0001000100010001
0001000100010001
0001000100010001
0001000100010001
0001000100010001
0001000100010001
0001000100010001
0001000100010001
0001000100010001
0001000100010001
0001000100010001
0001000100010001
0001000100010001
0001000100010001
0555055501110001
0555055505550555
0777077707770666
0555066606660666
0333044404440555
0555044403330333
0666065505550555
0555066606660666
0666055505550555
0000000002210665
0001000100010001
0001000100010001
0555045400000222
0555055505440544
0777077707770555
0666066606660666
0444055505550666
0555055504440444
0666066606660655
0555076606660666
0444044404440444
0000000001110444
0001000100010001
0001000100010001
0444044405550111
0444043304440444
0767066605550544
0555066606660777
0333033305440555
0555055504440333
0555055505550555
0554055505550555
0444044404440444
0555011100000444
0001000100010001
0001000100010001
0444044401110010
0444044404440444
0777077706660555
0666066606660766
0333044405550555
0444044404440333
0666066605550555
0444055505550665
0444044404440554
0001000000000555
0001000100010001
0111000100010001
0555055505550000
0555055505550555
0666066606660555
0555055506550666
0333033304440555
0555044404440433
0555066605550555
0554055505550555
0666055505550544
0001000101110111
0001000100010001
0001000100010001
0001000100010001
0001000100010001
0001000100010001
0001000100010001
0001000100010001
0001000100010001
0001000100010001
0001000100010001
0001000100010001
0001000100010001
0001000100010001
0001000100010001
0001000100010001
0001000100010001
0001000100010001
0001000100010001
0001000100010001
0001000100010001
0001000100010001
0001000100010001
0001000100010001
0001000100010001
0001000100010001
0001000100010001
0001000100010001
0001000100010001
0001000100010001
0001000100010001
0001000100010001
0001000100010001
0001000100010001
0001000100010001
0001000100010001
0001000100010001
0001000100010001
0001000100010001
0001000100010001
0001000100010001
0001000100010001
0001000100010001
0001000100010001
0001000100010001
0001000100010001
0001000100010001
0001000100010001
0001000100010001
0001000100010001
0001000100010001
0001000100010001
0001000100010001
0001000100010001
0001000100010001
0001000100010001
0001000100010001
0001000100010001
0001000100010001
0001000100010001
0001000100010001
0001000100010001
0001000100010001
0001000100010001
0001000100010001
0001000100010001
0001000100010001
0001000100010001
0001000100010001
0001000100010001
0001000100010001
0001000100010001
0001000100010001
0001000100010001
0001000100010001
0001000100010001
0001000100010001
0001000100010001
0001000100010001
0001000100010001
0001000100010001
0001000100010001
0001000100010001
0001000100010001
0001000100010001
0001000100010001
0001000100010001
0001000100010001
0001000100010001
0001000100010001
0001000100010001
0001000100010001
0001000100010001
0001000100010001
0001000100010001
0001000100010001
0001000100010001
0001000100010001
0001000100010001
0001000100010001
0001000100010001
0001000100010001
0001000100010001
0000000002220001
0000000000000000
0000000000000000
0000000000000000
0000000000000000
0000000000000000
0000000000000000
0000000000000000
0000000000000000
0001000001110000
0001000100010001
0001000100010001
0000000000000001
0000000000000000
0000000000000000
0000000000000000
0000000000000000
0000000000000000
0000000000000000
0000000000000000
0000000000000000
0BBB000000000000
0001000100010001
0001000100010001
0000000000000222
0000000000000000
0000000000000000
0000000000000000
0000000000000000
0000000000000000
0000000000000000
0000000000000000
0000000000000000
0001000001100000
0001000100010001
0001000100010001
0000000000000444
0000000000000000
0000000000000000
0000000000000000
0000000000000000
0000000000000000
0000000000000000
0000000000000000
0000000000000000
0001000100000000
0001000100010001
0777000100010001
0000000000000000
0000000000000000
0000000000000000
0000000000000000
0000000000000000
0000000000000000
0000000000000000
0000000000000000
0000000000000000
0001000102220000
0001000100010001
0001000100010001
0001000100010001
0001000100010001
0001000100010001
0001000100010001
0001000100010001
0001000100010001
0001000100010001
0001000100010001
0001000100010001
0001000100010001
0001000100010001
0001000100010001
0001000100010001
0001000100010001
0001000100010001
0001000100010001
0001000100010001
0001000100010001
0001000100010001
0001000100010001
0001000100010001
0001000100010001
0001000100010001
0001000100010001
0001000100010001
0001000100010001
0001000100010001
0001000100010001
0001000100010001
0001000100010001
0001000100010001
0001000100010001
0001000100010001
0001000100010001
0001000100010001
0001000100010001
0001000100010001
0001000100010001
0001000100010001
0001000100010001
0001000100010001
0001000100010001
0001000100010001
0001000100010001
0001000100010001
0001000100010001
0001000100010001
0001000100010001
0001000100010001
0001000100010001
0001000100010001
0001000100010001
0001000100010001
0001000100010001
0001000100010001
0001000100010001
0001000100010001
0001000100010001
0001000100010001
0001000100010001
0001000100010001
0001000100010001
0001000100010001
0001000100010001
0001000100010001
0001000100010001
0001000100010001
0001000100010001
0001000100010001
0001000100010001
0001000100010001
0001000100010001
0001000100010001
0001000100010001
0001000100010001
0001000100010001
0001000100010001
0001000100010001
0001000100010001
0001000100010001
0001000100010001
0001000100010001
0001000100010001
0001000100010001
0001000100010001
0001000100010001
0001000100010001
0001000100010001
0001000100010001
0001000100010001
0001000100010001
0001000100010001
0001000100010001
0001000100010001
0001000100010001
0001000100010001
0001000100010001
0001000100010001
0001000100010001
0001000100010001
0001000100010001
0001000100010001
0001000100010001
0001000100010001
0001000100010001
0001000100010001
0001000100010001
0001000100010001
0001000100010001
0001000100010001
0001000100010001
0001000100010001
0001000100010001
0001000100010001
0001000100010001
0001000100010001
0001000100010001
0001000100010001
0001000100010001
0001000100010001
0001000100010001
0001000100010001
0001000100010001
0001000100010001
0001000100010001
0001000100010001
0001000100010001
0001000100010001
0001000100010001
0001000100010001
0001000100010001
0001000100010001
0001000100010001
0001000100010001
0001000100010001
0001000100010001
0001000100010001
0001000100010001
0001000100010001
0001000100010001
0001000100010001
0001000100010001
0001000100010001
0001000100010001
0001000100010001
0001000100010001
0001000100010001
0001000100010001
0001000100010001
0001000100010001
0001000100010001
0001000100010001
0001000100010001
0001000100010001
0001000100010001
0001000100010001
0001000100010001
0001000100010001
0001000100010001
0001000100010001
0001000100010001
0001000100010001
0001000100010001
0001000100010001
0001000100010001
0001000100010001
0001000100010001
0001000100010001
0001000100010001
0001000100010001
0001000100010001
0001000100010001
0001000100010001
0001000100010001
0001000100010001
0001000100010001
0001000100010001
0001000100010001
0001000100010001
0001000100010001
0001000100010001
0001000100010001
0001000100010001
0001000100010001
0001000100010001
0001000100010001
0001000100010001
0001000100010001
0001000100010001
0001000100010001
0001000100010001
0001000100010001
0001000100010001
0001000100010001
0001000100010001
0001000100010001
0001000100010001
0001000100010001
0001000100010001
0001000100010001
0001000100010001
0001000100010001
0001000100010001
0001000100010001
0001000100010001
0001000100010001
0001000100010001
0001000100010001
0001000100010001
0001000100010001
0001000100010001
0001000100010001
0001000100010001
0001000100010001
0001000100010001
0001000100010001
0001000100010001
0001000100010001
0001000100010001
0001000100010001
0001000100010001
0001000100010001
0001000100010001
0001000100010001
0001000100010001
0001000100010001
0001000100010001
0001000100010001
0001000100010001
0001000100010001
0001000100010001
0001000100010001
0001000100010001
0001000100010001
0001000100010001
0001000100010001
0001000100010001
0001000100010001
0001000100010001
0001000100010001
0001000100010001
0001000100010001
0001000100010001
0001000100010001
0001000100010001
0001000100010001
0001000100010001
0001000100010001
0001000100010001
0001000100010001
0001000100010001
0001000100010001
0001000100010001
0001000100010001
0001000100010001
0001000100010001
0001000100010001
0001000100010001
0001000100010001
0001000100010001
0001000100010001
0001000100010001
0001000100010001
0001000100010001
0001000100010001
0001000100010001
0001000100010001
0001000100010001
0001000100010001
0001000100010001
0001000100010001
0001000100010001
0001000100010001
0001000100010001
0001000100010001
0001000100010001
0001000100010001
0001000100010001
0001000100010001
0001000100010001
0001000100010001
0001000100010001
0001000100010001
0001000100010001
0001000100010001
0001000100010001
0001000100010001
0001000100010001
0001000100010001
0001000100010001
0001000100010001
0001000100010001
0001000100010001
0001000100010001
0001000100010001
0001000100010001
0001000100010001
0001000100010001
0001000100010001
0001000100010001
0001000100010001
0001000100010001
0001000100010001
0001000100010001
0001000100010001
0001000100010001
0001000100010001
0001000100010001
0001000100010001
0001000100010001
0001000100010001
0001000100010001
0001000100010001
0001000100010001
0001000100010001
0001000100010001
0001000100010001
0001000100010001
0001000100010001
0001000100010001
0001000100010001
0001000100010001
0001000100010001
0001000100010001
0001000100010001
0001000100010001
0001000100010001
0001000100010001
0001000100010001
0001000100010001
0001000100010001
0001000100010001
0001000100010001
0001000100010001
0001000100010001
0001000100010001
0001000100010001
0001000100010001
0001000100010001
0001000100010001
0001000100010001
0001000100010001
0001000100010001
0001000100010001
0001000100010001
0001000100010001
0001000100010001
0001000100010001
0001000100010001
0001000100010001
0001000100010001
0001000100010001
0001000100010001
0001000100010001
0001000100010001
0001000100010001
0001000100010001
0001000100010001
0001000100010001
0001000100010001
0001000100010001
0001000100010001
0001000100010001
0001000100010001
0001000100010001
0001000100010001
0001000100010001
0001000100010001
0001000100010001
0001000100010001
0001000100010001
0001000100010001
0001000100010001
0001000100010001
0001000100010001
0001000100010001
0001000100010001
0001000100010001
0001000100010001
0001000100010001
0001000100010001
0001000100010001
0001000100010001
0001000100010001
0001000100010001
0001000100010001
0001000100010001
0001000100010001
0001000100010001
0001000100010001
0001000100010001
0001000100010001
0001000100010001
0001000100010001
0001000100010001
0001000100010001
0001000100010001
0001000100010001
0001000100010001
0001000100010001
0001000100010001
0001000100010001
0001000100010001
0001000100010001
0001000100010001
0001000100010001
0001000100010001
0001000100010001
0001000100010001
0001000100010001
0001000100010001
0001000100010001
0001000100010001
0001000100010001
0001000100010001
0001000100010001
0001000100010001
0001000100010001
0001000100010001
0001000100010001
0001000100010001
0001000100010001
0001000100010001
0001000100010001
0001000100010001
0001000100010001
0001000100010001
0001000100010001
0001000100010001
0001000100010001
0001000100010001
0001000100010001
0001000100010001
0001000100010001
0001000100010001
0001000100010001
0001000100010001
0001000100010001
0001000100010001
0001000100010001
0001000100010001
0001000100010001
0001000100010001
0001000100010001
0001000100010001
0001000100010001
0001000100010001
0001000100010001
0001000100010001
0001000100010001
0001000100010001
0001000100010001
0001000100010001
0001000100010001
0001000100010001
0001000100010001
0001000100010001
0001000100010001
0001000100010001
0001000100010001
0001000100010001
0001000100010001
0001000100010001
0001000100010001
0001000100010001
0001000100010001
0001000100010001
0001000100010001
0001000100010001
0001000100010001
0001000100010001
0001000100010001
0001000100010001
0001000100010001
0001000100010001
0001000100010001
0001000100010001
0001000100010001
0001000100010001
0001000100010001
0001000100010001
0001000100010001
0001000100010001
0001000100010001
0001000100010001
0001000100010001
0001000100010001
0001000100010001
0001000100010001
0001000100010001
0001000100010001
0001000100010001
0001000100010001
0001000100010001
0001000100010001
0001000100010001
0001000100010001
0001000100010001
0001000100010001
0001000100010001
0001000100010001
0001000100010001
0001000100010001
0001000100010001
0001000100010001
0001000100010001
0001000100010001
0001000100010001
0001000100010001
0001000100010001
0001000100010001
0001000100010001
0001000100010001
0001000100010001
0001000100010001
0001000100010001
0001000100010001
0001000100010001
0001000100010001
0001000100010001
0001000100010001
0001000100010001
0001000100010001
0001000100010001
0001000100010001
0001000100010001
0001000100010001
0001000100010001
0001000100010001
0001000100010001
0001000100010001
0001000100010001
0001000100010001
0001000100010001
0001000100010001
0001000100010001
0001000100010001
0001000100010001
0001000100010001
0001000100010001
0001000100010001
0001000100010001
0001000100010001
0001000100010001
0001000100010001
0001000100010001
0001000100010001
0001000100010001
0001000100010001
0001000100010001
0001000100010001
0001000100010001
0001000100010001
0001000100010001
0001000100010001
0001000100010001
0001000100010001
0001000100010001
0001000100010001
0001000100010001
0001000100010001
0001000100010001
0001000100010001
0001000100010001
0001000100010001
0001000100010001
0001000100010001
0001000100010001
0001000100010001
0001000100010001
0001000100010001
0001000100010001
0001000100010001
0001000100010001
0001000100010001
0001000100010001
0001000100010001
0001000100010001
0001000100010001
0001000100010001
0001000100010001
0001000100010001
0001000100010001
0001000100010001
0001000100010001
0001000100010001
0001000100010001
0001000100010001
0001000100010001
0001000100010001
0001000100010001
0001000100010001
0001000100010001
0001000100010001
0001000100010001
0001000100010001
0001000100010001
0001000100010001
0001000100010001
0001000100010001
0001000100010001
0001000100010001
0001000100010001
0001000100010001
0001000100010001
0001000100010001
0001000100010001
0001000100010001
0001000100010001
0001000100010001
0001000100010001
0001000100010001
0001000100010001
0001000100010001
0001000100010001
0001000100010001
0001000100010001
0001000100010001
0001000100010001
0001000100010001
0001000100010001
0001000100010001
0001000100010001
0001000100010001
0001000100010001
0001000100010001
0001000100010001
0001000100010001
0001000100010001
0001000100010001
0001000100010001
0001000100010001
0001000100010001
0001000100010001
0001000100010001
0001000100010001
0001000100010001
0001000100010001
0001000100010001
0001000100010001
0001000100010001
0001000100010001
0001000100010001
0001000100010001
0001000100010001
0001000100010001
0001000100010001
0001000100010001
0001000100010001
0001000100010001
0001000100010001
0001000100010001
0001000100010001
0001000100010001
0001000100010001
0001000100010001
0001000100010001
0001000100010001
0001000100010001
0001000100010001
0001000100010001
0001000100010001
0001000100010001
0001000100010001
0001000100010001
0001000100010001
0001000100010001
0001000100010001
0001000100010001
0001000100010001
0001000100010001
0001000100010001
0001000100010001
0001000100010001
0001000100010001
0001000100010001
0001000100010001
0001000100010001
0001000100010001
0001000100010001
0001000100010001
0001000100010001
0001000100010001
0001000100010001
0001000100010001
0001000100010001
0001000100010001
0001000100010001
0001000100010001
0001000100010001
0001000100010001
0001000100010001
0001000100010001
0001000100010001
0001000100010001
0001000100010001
0001000100010001
0001000100010001
0001000100010001
0001000100010001
0001000100010001
0001000100010001
0001000100010001
0001000100010001
0001000100010001
0001000100010001
0001000100010001
0001000100010001
0001000100010001
0001000100010001
0001000100010001
0001000100010001
0001000100010001
0001000100010001
0001000100010001
0001000100010001
0001000100010001
0001000100010001
0001000100010001
0001000100010001
0001000100010001
0001000100010001
0001000100010001
0001000100010001
0001000100010001
0001000100010001
0001000100010001
0001000100010001
0001000100010001
0001000100010001
0001000100010001
0001000100010001
0001000100010001
0001000100010001
0001000100010001
0001000100010001
0001000100010001
0001000100010001
0001000100010001
0001000100010001
0001000100010001
0001000100010001
0001000100010001
0001000100010001
0001000100010001
0001000100010001
0001000100010001
0001000100010001
0001000100010001
0001000100010001
0001000100010001
0001000100010001
0001000100010001
0001000100010001
0001000100010001
0001000100010001
0001000100010001
0001000100010001
0001000100010001
0001000100010001
0001000100010001
0001000100010001
0001000100010001
0001000100010001
0001000100010001
0001000100010001
0001000100010001
0001000100010001
0001000100010001
0001000100010001
0001000100010001
0001000100010001
0001000100010001
0001000100010001
0001000100010001
0001000100010001
0001000100010001
0001000100010001
0001000100010001
0001000100010001
0001000100010001
0001000100010001
0001000100010001
0001000100010001
0001000100010001
0001000100010001
0001000100010001
0001000100010001
0001000100010001
0001000100010001
0001000100010001
0001000100010001
0001000100010001
0001000100010001
0001000100010001
0001000100010001
0001000100010001
0001000100010001
0001000100010001
0001000100010001
0001000100010001
0001000100010001
0001000100010001
0001000100010001
0001000100010001
0001000100010001
0001000100010001
0001000100010001
0001000100010001
0001000100010001
0001000100010001
0001000100010001
0001000100010001
0001000100010001
0001000100010001
0001000100010001
0001000100010001
0001000100010001
0001000100010001
0001000100010001
0001000100010001
0001000100010001
0001000100010001
0001000100010001
0001000100010001
0001000100010001
0001000100010001
0001000100010001
0001000100010001
0001000100010001
0001000100010001
0001000100010001
0001000100010001
0001000100010001
0001000100010001
0001000100010001
0001000100010001
0001000100010001
0001000100010001
0001000100010001
0001000100010001
0001000100010001
0001000100010001
0001000100010001
0001000100010001
0001000100010001
0001000100010001
0001000100010001
0001000100010001
0001000100010001
0001000100010001
0001000100010001
0001000100010001
0001000100010001
0001000100010001
0001000100010001
0001000100010001
0001000100010001
0001000100010001
0001000100010001
0001000100010001
0001000100010001
0001000100010001
0001000100010001
0001000100010001
0001000100010001
0001000100010001
0001000100010001
0001000100010001
0001000100010001
0001000100010001
0001000100010001
0001000100010001
0001000100010001
0001000100010001
0001000100010001
0001000100010001
0001000100010001
0001000100010001
0001000100010001
0001000100010001
0001000100010001
0001000100010001
0001000100010001
0001000100010001
0001000100010001
0001000100010001
0001000100010001
0001000100010001
0001000100010001
0001000100010001
0001000100010001
0001000100010001
0001000100010001
0001000100010001
0001000100010001
0001000100010001
0001000100010001
0001000100010001
0001000100010001
0001000100010001
0001000100010001
0001000100010001
0001000100010001
0001000100010001
0001000100010001
0001000100010001
0001000100010001
0001000100010001
0001000100010001
0001000100010001
0001000100010001
0001000100010001
0001000100010001
0001000100010001
0001000100010001
0001000100010001
0001000100010001
0001000100010001
0001000100010001
0001000100010001
0001000100010001
0001000100010001
0001000100010001
0001000100010001
0001000100010001
0001000100010001
0001000100010001
0001000100010001
0001000100010001
0001000100010001
0001000100010001
0001000100010001
0001000100010001
0001000100010001
0001000100010001
0001000100010001
0001000100010001
0001000100010001
0001000100010001
0001000100010001
0001000100010001
0001000100010001
0001000100010001
0001000100010001
0001000100010001
0001000100010001
0001000100010001
0001000100010001
0001000100010001
0001000100010001
0001000100010001
0001000100010001
0001000100010001
0001000100010001
0001000100010001
0001000100010001
0001000100010001
0001000100010001
0001000100010001
0001000100010001
0001000100010001
0001000100010001
0001000100010001
0001000100010001
0001000100010001
0001000100010001
0001000100010001
0001000100010001
0001000100010001
0001000100010001
0001000100010001
0001000100010001
0001000100010001
0001000100010001
0001000100010001
0001000100010001
0001000100010001
0001000100010001
0001000100010001
0001000100010001
0001000100010001
0001000100010001
0001000100010001
0001000100010001
0001000100010001
0001000100010001
0001000100010001
0001000100010001
0001000100010001
0001000100010001
0001000100010001
0001000100010001
0001000100010001
0001000100010001
0001000100010001
0001000100010001
0001000100010001
0001000100010001
0001000100010001
0001000100010001
0001000100010001
0001000100010001
0001000100010001
0001000100010001
0001000100010001
0001000100010001
0001000100010001
0001000100010001
0001000100010001
0001000100010001
0001000100010001
0001000100010001
0001000100010001
0001000100010001
0001000100010001
0001000100010001
0001000100010001
0001000100010001
0001000100010001
0001000100010001
0001000100010001
0001000100010001
0001000100010001
0001000100010001
0001000100010001
0001000100010001
0001000100010001
0001000100010001
0001000100010001
0001000100010001
0001000100010001
0001000100010001
0001000100010001
0001000100010001
0001000100010001
0001000100010001
0001000100010001
0001000100010001
0001000100010001
0001000100010001
0001000100010001
0001000100010001
0001000100010001
0001000100010001
0001000100010001
0001000100010001
0001000100010001
0001000100010001
0001000100010001
0001000100010001
0001000100010001
0001000100010001
0001000100010001
0001000100010001
0001000100010001
0001000100010001
0001000100010001
0001000100010001
0001000100010001
0001000100010001
0001000100010001
0001000100010001
0001000100010001
0001000100010001
0001000100010001
0001000100010001
0001000100010001
0001000100010001
0001000100010001
0001000100010001
0001000100010001
0001000100010001
0001000100010001
0001000100010001
0001000100010001
0001000100010001
0001000100010001
0001000100010001
0001000100010001
0001000100010001
0001000100010001
0001000100010001
0001000100010001
0001000100010001
0001000100010001
0001000100010001
0001000100010001
0001000100010001
0001000100010001
0001000100010001
0001000100010001
0001000100010001
0001000100010001
0001000100010001
0001000100010001
0001000100010001
0001000100010001
0001000100010001
0001000100010001
0001000100010001
0001000100010001
0001000100010001
0001000100010001
0001000100010001
0001000100010001
0001000100010001
0001000100010001
0001000100010001
0001000100010001
0001000100010001
0001000100010001
0001000100010001
0001000100010001
0001000100010001
0001000100010001
0001000100010001
0001000100010001
0001000100010001
0001000100010001
0001000100010001
0001000100010001
0001000100010001
0001000100010001
0001000100010001
0001000100010001
0001000100010001
0001000100010001
0001000100010001
0001000100010001
0001000100010001
0001000100010001
0001000100010001
0001000100010001
0001000100010001
0001000100010001
0001000100010001
0001000100010001
0001000100010001
0001000100010001
0001000100010001
0001000100010001
0001000100010001
0001000100010001
0001000100010001
0001000100010001
0001000100010001
0001000100010001
0001000100010001
0001000100010001
0001000100010001
0001000100010001
0001000100010001
0001000100010001
0001000100010001
0001000100010001
0001000100010001
0001000100010001
0001000100010001
0001000100010001
0001000100010001
0001000100010001
0001000100010001
0001000100010001
0001000100010001
0001000100010001
0001000100010001
0001000100010001
0001000100010001
0001000100010001
0001000100010001
0001000100010001
0001000100010001
0001000100010001
0001000100010001
0001000100010001
0001000100010001
0001000100010001
0001000100010001
0001000100010001
0001000100010001
0001000100010001
0001000100010001
0001000100010001
0001000100010001
0001000100010001
0001000100010001
0001000100010001
0001000100010001
0001000100010001
0001000100010001
0001000100010001
0001000100010001
0001000100010001
0001000100010001
0001000100010001
0001000100010001
0001000100010001
0001000100010001
0001000100010001
0001000100010001
0001000100010001
0001000100010001
0001000100010001
0001000100010001
0001000100010001
0001000100010001
0001000100010001
0001000100010001
0001000100010001
0001000100010001
0001000100010001
0001000100010001
0001000100010001
0001000100010001
0001000100010001
0001000100010001
0001000100010001
0001000100010001
0001000100010001
0001000100010001
0001000100010001
0001000100010001
0001000100010001
0001000100010001
0001000100010001
0001000100010001
0001000100010001
0001000100010001
0001000100010001
0001000100010001
0001000100010001
0001000100010001
0001000100010001
0001000100010001
0001000100010001
0001000100010001
0001000100010001
0001000100010001
0001000100010001
0001000100010001
0001000100010001
0001000100010001
0001000100010001
0001000100010001
0001000100010001
0001000100010001
0001000100010001
0001000100010001
0001000100010001
0001000100010001
0001000100010001
0001000100010001
0001000100010001
0001000100010001
0001000100010001
0001000100010001
0001000100010001
0001000100010001
0001000100010001
0001000100010001
0001000100010001
0001000100010001
0001000100010001
0001000100010001
0001000100010001
0001000100010001
0001000100010001
0001000100010001
0001000100010001
0001000100010001
0001000100010001
0001000100010001
0001000100010001
0001000100010001
0001000100010001
0001000100010001
0001000100010001
0001000100010001
0001000100010001
0001000100010001
0001000100010001
0001000100010001
0001000100010001
0001000100010001
0001000100010001
0001000100010001
0001000100010001
0001000100010001
0001000100010001
0001000100010001
0001000100010001
0001000100010001
0001000100010001
0001000100010001
0001000100010001
0001000100010001
0001000100010001
0001000100010001
0001000100010001
0001000100010001
0001000100010001
0001000100010001
0001000100010001
0001000100010001
0001000100010001
0001000100010001
0001000100010001
0001000100010001
0001000100010001
0001000100010001
0001000100010001
0001000100010001
0001000100010001
0001000100010001
0001000100010001
0001000100010001
0001000100010001
0001000100010001
0001000100010001
0001000100010001
0001000100010001
0001000100010001
0001000100010001
0001000100010001
0001000100010001
0001000100010001
0001000100010001
0001000100010001
0001000100010001
0001000100010001
0001000100010001
0001000100010001
0001000100010001
0001000100010001
0001000100010001
0001000100010001
0001000100010001
0001000100010001
0001000100010001
0001000100010001
0001000100010001
0001000100010001
0001000100010001
0001000100010001
0001000100010001
0001000100010001
0001000100010001
0001000100010001
0001000100010001
0001000100010001
0001000100010001
0001000100010001
0001000100010001
0001000100010001
0001000100010001
0001000100010001
0001000100010001
0001000100010001
0001000100010001
0001000100010001
0001000100010001
0001000100010001
0001000100010001
0001000100010001
0001000100010001
0001000100010001
0001000100010001
0001000100010001
0001000100010001
0001000100010001
0001000100010001
0001000100010001
0001000100010001
0001000100010001
0001000100010001
0001000100010001
0001000100010001
0001000100010001
0001000100010001
0001000100010001
0001000100010001
0001000100010001
0001000100010001
0001000100010001
0001000100010001
0001000100010001
0001000100010001
0001000100010001
0001000100010001
0001000100010001
0001000100010001
0001000100010001
0001000100010001
0001000100010001
0001000100010001
0001000100010001
0001000100010001
0001000100010001
0001000100010001
0001000100010001
0001000100010001
0001000100010001
0001000100010001
0001000100010001
0001000100010001
0001000100010001
0001000100010001
0001000100010001
0001000100010001
0001000100010001
0001000100010001
0001000100010001
0001000100010001
0001000100010001
0001000100010001
0001000100010001
0001000100010001
0001000100010001
0001000100010001
0001000100010001
0001000100010001
0001000100010001
0001000100010001
0001000100010001
0001000100010001
0001000100010001
0001000100010001
0001000100010001
0001000100010001
0001000100010001
0001000100010001
0001000100010001
0001000100010001
0001000100010001
0001000100010001
0001000100010001
0001000100010001
0001000100010001
0001000100010001
0001000100010001
0001000100010001
0001000100010001
0001000100010001
0001000100010001
0001000100010001
0001000100010001
0001000100010001
0001000100010001
0001000100010001
0001000100010001
0001000100010001
0001000100010001
0001000100010001
0001000100010001
0001000100010001
0001000100010001
0001000100010001
0001000100010001
0001000100010001
0001000100010001
0001000100010001
0001000100010001
0001000100010001
0001000100010001
0001000100010001
0001000100010001
0001000100010001
0001000100010001
0001000100010001
0001000100010001
0001000100010001
0001000100010001
0001000100010001
0001000100010001
0001000100010001
0001000100010001
0001000100010001
0001000100010001
0001000100010001
0001000100010001
0001000100010001
0001000100010001
0001000100010001
0001000100010001
0001000100010001
0001000100010001
0001000100010001
0001000100010001
0001000100010001
0001000100010001
0001000100010001
0001000100010001
0001000100010001
0001000100010001
0001000100010001
0001000100010001
0001000100010001
0001000100010001
0001000100010001
0001000100010001
0001000100010001
0001000100010001
0001000100010001
0001000100010001
0001000100010001
0001000100010001
0001000100010001
0001000100010001
0001000100010001
0001000100010001
0001000100010001
0001000100010001
0001000100010001
0001000100010001
0001000100010001
0001000100010001
0001000100010001
0001000100010001
0001000100010001
0001000100010001
0001000100010001
0001000100010001
0001000100010001
0001000100010001
0001000100010001
0001000100010001
0001000100010001
0001000100010001
0001000100010001
0001000100010001
0001000100010001
0001000100010001
0001000100010001
0001000100010001
0001000100010001
0001000100010001
0001000100010001
0001000100010001
0001000100010001
0001000100010001
0001000100010001
0001000100010001
0001000100010001
0001000100010001
0001000100010001
0001000100010001
0001000100010001
0001000100010001
0001000100010001
0001000100010001
0001000100010001
0001000100010001
0001000100010001
0001000100010001
0001000100010001
0001000100010001
0001000100010001
0001000100010001
0001000100010001
0001000100010001
0001000100010001
0001000100010001
0001000100010001
0001000100010001
0001000100010001
0001000100010001
0001000100010001
0001000100010001
0001000100010001
0001000100010001
0001000100010001
0001000100010001
0001000100010001
0001000100010001
0001000100010001
0001000100010001
0001000100010001
0001000100010001
0001000100010001
0001000100010001
0001000100010001
0001000100010001
0001000100010001
0001000100010001
0001000100010001
0001000100010001
0001000100010001
0001000100010001
0001000100010001
0001000100010001
0001000100010001
0001000100010001
0001000100010001
0001000100010001
0001000100010001
0001000100010001
0001000100010001
0001000100010001
0001000100010001
0001000100010001
0001000100010001
0001000100010001
0001000100010001
0001000100010001
0001000100010001
0001000100010001
0001000100010001
0001000100010001
0001000100010001
0001000100010001
0001000100010001
0001000100010001
0001000100010001
0001000100010001
0001000100010001
0001000100010001
0001000100010001
0001000100010001
0001000100010001
0001000100010001
0001000100010001
0001000100010001
0001000100010001
0001000100010001
0001000100010001
0001000100010001
0001000100010001
0001000100010001
0001000100010001
0001000100010001
0001000100010001
0001000100010001
0001000100010001
0001000100010001
0001000100010001
0001000100010001
0001000100010001
0001000100010001
0001000100010001
0001000100010001
0001000100010001
0001000100010001
0001000100010001
0001000100010001
0001000100010001
0001000100010001
0001000100010001
0001000100010001
